==========================================================
RENDERING 25-MINUTE MASTERCLASS: THE MODULAR EMERGENCE PARADOX
==========================================================
Bundling latest code to build/...
Bundling 8%
Bundling 24%
Bundling 69%
Bundling 75%
Bundling 81%
Bundling 87%
Bundling 93%
○ /Users/samreedhbhuyan/Desktop/Win_C/youtube_videos/self_adapting_ai/remotion_studio/build

>>> Rendering [Chapter01-TheMonolith] -> ../output/chap01.mp4 ...
Getting composition
Composition          Chapter01-TheMonolith
Codec                h264
Output               ../output/chap01.mp4
Concurrency          8x
Rendered 0/4500
Rendered 1/4500, time remaining: 1h 2m 59s
Rendered 2/4500, time remaining: 31m 33s
Rendered 3/4500, time remaining: 21m 2s
Rendered 4/4500, time remaining: 15m 46s
Rendered 5/4500, time remaining: 12m 37s
Rendered 6/4500, time remaining: 10m 31s
Rendered 7/4500, time remaining: 9m 1s
Rendered 8/4500, time remaining: 7m 53s
Rendered 9/4500, time remaining: 7m 38s
Rendered 10/4500, time remaining: 6m 53s
Rendered 11/4500, time remaining: 6m 17s
Rendered 12/4500, time remaining: 5m 47s
Rendered 13/4500, time remaining: 5m 25s
Rendered 14/4500, time remaining: 5m 2s
Rendered 15/4500, time remaining: 4m 42s
Rendered 16/4500, time remaining: 4m 24s
Rendered 17/4500, time remaining: 4m 15s
Rendered 18/4500, time remaining: 4m 1s
Rendered 19/4500, time remaining: 3m 50s
Rendered 20/4500, time remaining: 3m 40s
Rendered 21/4500, time remaining: 3m 31s
Rendered 22/4500, time remaining: 3m 22s
Rendered 23/4500, time remaining: 3m 14s
Rendered 24/4500, time remaining: 3m 8s
Rendered 25/4500, time remaining: 3m 2s
Rendered 26/4500, time remaining: 2m 56s
Rendered 27/4500, time remaining: 2m 52s
Rendered 28/4500, time remaining: 2m 46s
Rendered 29/4500, time remaining: 2m 42s
Rendered 30/4500, time remaining: 2m 37s
Rendered 31/4500, time remaining: 2m 33s
Rendered 32/4500, time remaining: 2m 29s
Rendered 33/4500, time remaining: 2m 24s
Rendered 34/4500, time remaining: 2m 20s
Rendered 35/4500, time remaining: 2m 19s
Rendered 36/4500, time remaining: 2m 15s
Rendered 37/4500, time remaining: 2m 12s
Rendered 38/4500, time remaining: 2m 10s
Rendered 39/4500, time remaining: 2m 8s
Rendered 40/4500, time remaining: 2m 5s
Rendered 41/4500, time remaining: 2m 2s
Rendered 42/4500, time remaining: 1m 59s
Rendered 43/4500, time remaining: 1m 57s
Rendered 44/4500, time remaining: 1m 55s
Rendered 45/4500, time remaining: 1m 52s
Rendered 46/4500, time remaining: 1m 52s
Rendered 47/4500, time remaining: 1m 50s
Rendered 48/4500, time remaining: 1m 49s
Rendered 49/4500, time remaining: 1m 47s
Rendered 50/4500, time remaining: 1m 45s
Rendered 51/4500, time remaining: 1m 44s
Rendered 52/4500, time remaining: 1m 42s
Rendered 53/4500, time remaining: 1m 40s
Rendered 54/4500, time remaining: 1m 40s
Rendered 55/4500, time remaining: 1m 38s
Rendered 56/4500, time remaining: 1m 36s
Rendered 57/4500, time remaining: 1m 39s
Rendered 58/4500, time remaining: 1m 37s
Rendered 59/4500, time remaining: 1m 35s
Rendered 59/4500, time remaining: 1m 35s
Rendered 60/4500, time remaining: 1m 34s
Rendered 61/4500, time remaining: 1m 33s
Rendered 62/4500, time remaining: 1m 32s
Rendered 63/4500, time remaining: 1m 32s
Rendered 64/4500, time remaining: 1m 31s
Rendered 65/4500, time remaining: 1m 30s
Rendered 66/4500, time remaining: 1m 28s
Rendered 67/4500, time remaining: 1m 28s
Rendered 68/4500, time remaining: 1m 27s
Rendered 69/4500, time remaining: 1m 25s
Rendered 70/4500, time remaining: 1m 24s
Rendered 71/4500, time remaining: 1m 25s
Rendered 72/4500, time remaining: 1m 24s
Rendered 73/4500, time remaining: 1m 24s
Rendered 74/4500, time remaining: 1m 23s
Rendered 75/4500, time remaining: 1m 22s
Rendered 76/4500, time remaining: 1m 21s
Rendered 77/4500, time remaining: 1m 20s
Rendered 78/4500, time remaining: 1m 19s
Rendered 79/4500, time remaining: 1m 19s
Rendered 80/4500, time remaining: 1m 18s
Rendered 81/4500, time remaining: 1m 18s
Rendered 82/4500, time remaining: 1m 17s
Rendered 83/4500, time remaining: 1m 17s
Rendered 84/4500, time remaining: 1m 16s
Rendered 85/4500, time remaining: 1m 15s
Rendered 86/4500, time remaining: 1m 15s
Rendered 87/4500, time remaining: 1m 14s
Rendered 88/4500, time remaining: 1m 14s
Rendered 89/4500, time remaining: 1m 14s
Rendered 90/4500, time remaining: 1m 13s
Rendered 91/4500, time remaining: 1m 13s
Rendered 92/4500, time remaining: 1m 12s
Rendered 93/4500, time remaining: 1m 12s
Rendered 94/4500, time remaining: 1m 11s
Rendered 95/4500, time remaining: 1m 11s
Rendered 96/4500, time remaining: 1m 11s
Rendered 97/4500, time remaining: 1m 10s
Rendered 98/4500, time remaining: 1m 9s
Rendered 99/4500, time remaining: 1m 9s
Rendered 100/4500, time remaining: 1m 9s
Rendered 101/4500, time remaining: 1m 9s
Rendered 102/4500, time remaining: 1m 8s
Rendered 103/4500, time remaining: 1m 9s
Rendered 104/4500, time remaining: 1m 8s
Rendered 105/4500, time remaining: 1m 10s
Rendered 106/4500, time remaining: 1m 10s
Rendered 107/4500, time remaining: 1m 9s
Rendered 108/4500, time remaining: 1m 8s
Rendered 109/4500, time remaining: 1m 8s
Rendered 110/4500, time remaining: 1m 8s
Rendered 111/4500, time remaining: 1m 8s
Rendered 112/4500, time remaining: 1m 7s
Rendered 113/4500, time remaining: 1m 8s
Rendered 114/4500, time remaining: 1m 8s
Rendered 115/4500, time remaining: 1m 7s
Rendered 116/4500, time remaining: 1m 7s
Rendered 116/4500, time remaining: 1m 7s
Rendered 117/4500, time remaining: 1m 6s
Rendered 118/4500, time remaining: 1m 6s
Rendered 119/4500, time remaining: 1m 6s
Rendered 120/4500, time remaining: 1m 5s
Rendered 121/4500, time remaining: 1m 6s
Rendered 122/4500, time remaining: 1m 5s
Rendered 123/4500, time remaining: 1m 5s
Rendered 124/4500, time remaining: 1m 5s
Rendered 125/4500, time remaining: 1m 5s
Rendered 126/4500, time remaining: 1m 5s
Rendered 127/4500, time remaining: 1m 5s
Rendered 128/4500, time remaining: 1m 4s
Rendered 129/4500, time remaining: 1m 4s
Rendered 130/4500, time remaining: 1m 5s
Rendered 131/4500, time remaining: 1m 4s
Rendered 132/4500, time remaining: 1m 4s
Rendered 133/4500, time remaining: 1m 4s
Rendered 134/4500, time remaining: 1m 4s
Rendered 135/4500, time remaining: 1m 3s
Rendered 136/4500, time remaining: 1m 3s
Rendered 137/4500, time remaining: 1m 2s
Rendered 138/4500, time remaining: 1m 3s
Rendered 139/4500, time remaining: 1m 3s
Rendered 140/4500, time remaining: 1m 3s
Rendered 141/4500, time remaining: 1m 2s
Rendered 142/4500, time remaining: 1m 2s
Rendered 143/4500, time remaining: 1m 2s
Rendered 144/4500, time remaining: 1m 1s
Rendered 145/4500, time remaining: 1m 1s
Rendered 146/4500, time remaining: 1m 1s
Rendered 147/4500, time remaining: 1m 1s
Rendered 148/4500, time remaining: 1m 1s
Rendered 149/4500, time remaining: 1m 1s
Rendered 150/4500, time remaining: 1m 0s
Rendered 151/4500, time remaining: 36s
Rendered 152/4500, time remaining: 36s
Rendered 153/4500, time remaining: 36s
Rendered 154/4500, time remaining: 37s
Rendered 155/4500, time remaining: 37s
Rendered 156/4500, time remaining: 37s
Rendered 157/4500, time remaining: 38s
Rendered 158/4500, time remaining: 38s
Rendered 159/4500, time remaining: 36s
Rendered 160/4500, time remaining: 36s
Rendered 161/4500, time remaining: 36s
Rendered 162/4500, time remaining: 37s
Rendered 163/4500, time remaining: 36s
Rendered 164/4500, time remaining: 36s
Rendered 165/4500, time remaining: 38s
Rendered 166/4500, time remaining: 38s
Rendered 167/4500, time remaining: 38s
Rendered 168/4500, time remaining: 38s
Rendered 169/4500, time remaining: 37s
Rendered 169/4500, time remaining: 37s
Rendered 170/4500, time remaining: 38s
Rendered 171/4500, time remaining: 38s
Rendered 172/4500, time remaining: 38s
Rendered 173/4500, time remaining: 38s
Rendered 174/4500, time remaining: 38s
Rendered 175/4500, time remaining: 38s
Rendered 176/4500, time remaining: 39s
Rendered 177/4500, time remaining: 38s
Rendered 178/4500, time remaining: 38s
Rendered 179/4500, time remaining: 38s
Rendered 180/4500, time remaining: 38s
Rendered 181/4500, time remaining: 38s
Rendered 182/4500, time remaining: 38s
Rendered 183/4500, time remaining: 39s
Rendered 184/4500, time remaining: 39s
Rendered 185/4500, time remaining: 39s
Rendered 186/4500, time remaining: 39s
Rendered 187/4500, time remaining: 39s
Rendered 188/4500, time remaining: 40s
Rendered 189/4500, time remaining: 40s
Rendered 190/4500, time remaining: 40s
Rendered 191/4500, time remaining: 40s
Rendered 192/4500, time remaining: 40s
Rendered 193/4500, time remaining: 41s
Rendered 194/4500, time remaining: 41s
Rendered 195/4500, time remaining: 41s
Rendered 196/4500, time remaining: 41s
Rendered 197/4500, time remaining: 41s
Rendered 198/4500, time remaining: 41s
Rendered 199/4500, time remaining: 40s
Rendered 200/4500, time remaining: 41s
Rendered 201/4500, time remaining: 41s
Rendered 202/4500, time remaining: 41s
Rendered 203/4500, time remaining: 42s
Rendered 204/4500, time remaining: 42s
Rendered 205/4500, time remaining: 42s
Rendered 206/4500, time remaining: 42s
Rendered 207/4500, time remaining: 40s
Rendered 208/4500, time remaining: 41s
Rendered 209/4500, time remaining: 42s
Rendered 210/4500, time remaining: 43s
Rendered 210/4500, time remaining: 43s
Rendered 211/4500, time remaining: 43s
Rendered 212/4500, time remaining: 42s
Rendered 213/4500, time remaining: 42s
Rendered 214/4500, time remaining: 43s
Rendered 215/4500, time remaining: 43s
Rendered 216/4500, time remaining: 43s
Rendered 217/4500, time remaining: 43s
Rendered 218/4500, time remaining: 43s
Rendered 219/4500, time remaining: 44s
Rendered 220/4500, time remaining: 44s
Rendered 221/4500, time remaining: 43s
Rendered 222/4500, time remaining: 44s
Rendered 223/4500, time remaining: 43s
Rendered 224/4500, time remaining: 44s
Rendered 225/4500, time remaining: 44s
Rendered 226/4500, time remaining: 45s
Rendered 227/4500, time remaining: 45s
Rendered 228/4500, time remaining: 45s
Rendered 229/4500, time remaining: 45s
Rendered 230/4500, time remaining: 45s
Rendered 231/4500, time remaining: 45s
Rendered 232/4500, time remaining: 46s
Rendered 233/4500, time remaining: 45s
Rendered 234/4500, time remaining: 46s
Rendered 235/4500, time remaining: 46s
Rendered 236/4500, time remaining: 47s
Rendered 237/4500, time remaining: 47s
Rendered 238/4500, time remaining: 46s
Rendered 239/4500, time remaining: 46s
Rendered 240/4500, time remaining: 46s
Rendered 241/4500, time remaining: 47s
Rendered 242/4500, time remaining: 47s
Rendered 243/4500, time remaining: 47s
Rendered 244/4500, time remaining: 48s
Rendered 245/4500, time remaining: 48s
Rendered 246/4500, time remaining: 48s
Rendered 247/4500, time remaining: 48s
Rendered 248/4500, time remaining: 48s
Rendered 249/4500, time remaining: 48s
Rendered 250/4500, time remaining: 49s
Rendered 251/4500, time remaining: 48s
Rendered 251/4500, time remaining: 48s
Rendered 252/4500, time remaining: 48s
Rendered 253/4500, time remaining: 48s
Rendered 254/4500, time remaining: 48s
Rendered 255/4500, time remaining: 46s
Rendered 256/4500, time remaining: 48s
Rendered 257/4500, time remaining: 48s
Rendered 258/4500, time remaining: 48s
Rendered 259/4500, time remaining: 48s
Rendered 260/4500, time remaining: 48s
Rendered 261/4500, time remaining: 48s
Rendered 262/4500, time remaining: 48s
Rendered 263/4500, time remaining: 48s
Rendered 264/4500, time remaining: 50s
Rendered 265/4500, time remaining: 50s
Rendered 266/4500, time remaining: 50s
Rendered 267/4500, time remaining: 49s
Rendered 268/4500, time remaining: 51s
Rendered 269/4500, time remaining: 51s
Rendered 270/4500, time remaining: 51s
Rendered 271/4500, time remaining: 51s
Rendered 272/4500, time remaining: 52s
Rendered 273/4500, time remaining: 52s
Rendered 274/4500, time remaining: 52s
Rendered 275/4500, time remaining: 51s
Rendered 276/4500, time remaining: 50s
Rendered 277/4500, time remaining: 52s
Rendered 278/4500, time remaining: 52s
Rendered 279/4500, time remaining: 52s
Rendered 279/4500, time remaining: 52s
Rendered 280/4500, time remaining: 53s
Rendered 281/4500, time remaining: 55s
Rendered 282/4500, time remaining: 55s
Rendered 283/4500, time remaining: 54s
Rendered 284/4500, time remaining: 54s
Rendered 285/4500, time remaining: 54s
Rendered 286/4500, time remaining: 55s
Rendered 287/4500, time remaining: 55s
Rendered 288/4500, time remaining: 56s
Rendered 289/4500, time remaining: 57s
Rendered 290/4500, time remaining: 57s
Rendered 291/4500, time remaining: 56s
Rendered 292/4500, time remaining: 57s
Rendered 293/4500, time remaining: 58s
Rendered 294/4500, time remaining: 58s
Rendered 295/4500, time remaining: 57s
Rendered 296/4500, time remaining: 57s
Rendered 297/4500, time remaining: 58s
Rendered 298/4500, time remaining: 58s
Rendered 299/4500, time remaining: 58s
Rendered 300/4500, time remaining: 59s
Rendered 301/4500, time remaining: 59s
Rendered 302/4500, time remaining: 59s
Rendered 303/4500, time remaining: 59s
Rendered 304/4500, time remaining: 1m 0s
Rendered 305/4500, time remaining: 59s
Rendered 306/4500, time remaining: 1m 0s
Rendered 307/4500, time remaining: 59s
Rendered 307/4500, time remaining: 59s
Rendered 308/4500, time remaining: 1m 0s
Rendered 309/4500, time remaining: 1m 0s
Rendered 310/4500, time remaining: 1m 1s
Rendered 311/4500, time remaining: 1m 0s
Rendered 312/4500, time remaining: 1m 0s
Rendered 313/4500, time remaining: 1m 0s
Rendered 314/4500, time remaining: 1m 0s
Rendered 315/4500, time remaining: 58s
Rendered 316/4500, time remaining: 1m 0s
Rendered 317/4500, time remaining: 1m 0s
Rendered 318/4500, time remaining: 1m 0s
Rendered 319/4500, time remaining: 1m 1s
Rendered 320/4500, time remaining: 1m 1s
Rendered 321/4500, time remaining: 1m 1s
Rendered 322/4500, time remaining: 1m 1s
Rendered 323/4500, time remaining: 1m 1s
Rendered 324/4500, time remaining: 1m 2s
Rendered 325/4500, time remaining: 1m 2s
Rendered 326/4500, time remaining: 1m 1s
Rendered 327/4500, time remaining: 1m 2s
Rendered 328/4500, time remaining: 1m 2s
Rendered 329/4500, time remaining: 1m 2s
Rendered 330/4500, time remaining: 1m 3s
Rendered 331/4500, time remaining: 1m 2s
Rendered 332/4500, time remaining: 1m 3s
Rendered 333/4500, time remaining: 1m 2s
Rendered 334/4500, time remaining: 1m 2s
Rendered 335/4500, time remaining: 1m 3s
Rendered 336/4500, time remaining: 1m 3s
Rendered 337/4500, time remaining: 1m 3s
Rendered 338/4500, time remaining: 1m 2s
Rendered 339/4500, time remaining: 1m 2s
Rendered 340/4500, time remaining: 1m 3s
Rendered 340/4500, time remaining: 1m 3s
Rendered 341/4500, time remaining: 1m 3s
Rendered 342/4500, time remaining: 1m 3s
Rendered 343/4500, time remaining: 1m 2s
Rendered 344/4500, time remaining: 1m 2s
Rendered 345/4500, time remaining: 1m 2s
Rendered 346/4500, time remaining: 1m 2s
Rendered 347/4500, time remaining: 1m 2s
Rendered 348/4500, time remaining: 1m 3s
Rendered 349/4500, time remaining: 1m 3s
Rendered 350/4500, time remaining: 1m 3s
Rendered 351/4500, time remaining: 1m 3s
Rendered 352/4500, time remaining: 1m 3s
Rendered 353/4500, time remaining: 1m 3s
Rendered 354/4500, time remaining: 1m 3s
Rendered 355/4500, time remaining: 1m 4s
Rendered 356/4500, time remaining: 1m 4s
Rendered 357/4500, time remaining: 1m 4s
Rendered 358/4500, time remaining: 1m 5s
Rendered 359/4500, time remaining: 1m 4s
Rendered 360/4500, time remaining: 1m 3s
Rendered 361/4500, time remaining: 1m 3s
Rendered 362/4500, time remaining: 1m 3s
Rendered 363/4500, time remaining: 1m 3s
Rendered 364/4500, time remaining: 1m 2s
Rendered 365/4500, time remaining: 1m 3s
Rendered 366/4500, time remaining: 1m 3s
Rendered 367/4500, time remaining: 1m 3s
Rendered 368/4500, time remaining: 1m 2s
Rendered 369/4500, time remaining: 1m 3s
Rendered 370/4500, time remaining: 1m 3s
Rendered 371/4500, time remaining: 1m 2s
Rendered 372/4500, time remaining: 1m 5s
Rendered 373/4500, time remaining: 1m 5s
Rendered 374/4500, time remaining: 1m 5s
Rendered 375/4500, time remaining: 1m 5s
Rendered 376/4500, time remaining: 1m 4s
Rendered 376/4500, time remaining: 1m 4s
Rendered 377/4500, time remaining: 1m 5s
Rendered 378/4500, time remaining: 1m 4s
Rendered 379/4500, time remaining: 1m 4s
Rendered 380/4500, time remaining: 1m 5s
Rendered 381/4500, time remaining: 1m 5s
Rendered 382/4500, time remaining: 1m 4s
Rendered 383/4500, time remaining: 1m 4s
Rendered 384/4500, time remaining: 1m 4s
Rendered 385/4500, time remaining: 1m 4s
Rendered 386/4500, time remaining: 1m 3s
Rendered 387/4500, time remaining: 1m 4s
Rendered 388/4500, time remaining: 1m 4s
Rendered 389/4500, time remaining: 1m 4s
Rendered 390/4500, time remaining: 1m 5s
Rendered 391/4500, time remaining: 1m 5s
Rendered 392/4500, time remaining: 1m 5s
Rendered 393/4500, time remaining: 1m 4s
Rendered 394/4500, time remaining: 1m 5s
Rendered 395/4500, time remaining: 1m 5s
Rendered 396/4500, time remaining: 1m 5s
Rendered 397/4500, time remaining: 1m 4s
Rendered 398/4500, time remaining: 1m 4s
Rendered 399/4500, time remaining: 1m 4s
Rendered 400/4500, time remaining: 1m 5s
Rendered 401/4500, time remaining: 1m 6s
Rendered 402/4500, time remaining: 1m 6s
Rendered 403/4500, time remaining: 1m 5s
Rendered 404/4500, time remaining: 1m 5s
Rendered 405/4500, time remaining: 1m 5s
Rendered 406/4500, time remaining: 1m 4s
Rendered 407/4500, time remaining: 1m 4s
Rendered 408/4500, time remaining: 1m 4s
Rendered 408/4500, time remaining: 1m 4s
Rendered 409/4500, time remaining: 1m 5s
Rendered 410/4500, time remaining: 1m 5s
Rendered 411/4500, time remaining: 1m 4s
Rendered 412/4500, time remaining: 1m 4s
Rendered 413/4500, time remaining: 1m 4s
Rendered 414/4500, time remaining: 1m 4s
Rendered 415/4500, time remaining: 1m 4s
Rendered 416/4500, time remaining: 1m 4s
Rendered 417/4500, time remaining: 1m 5s
Rendered 418/4500, time remaining: 1m 4s
Rendered 419/4500, time remaining: 1m 4s
Rendered 420/4500, time remaining: 1m 4s
Rendered 421/4500, time remaining: 1m 4s
Rendered 422/4500, time remaining: 1m 3s
Rendered 423/4500, time remaining: 1m 3s
Rendered 424/4500, time remaining: 1m 3s
Rendered 425/4500, time remaining: 1m 3s
Rendered 426/4500, time remaining: 1m 4s
Rendered 427/4500, time remaining: 1m 2s
Rendered 428/4500, time remaining: 1m 3s
Rendered 429/4500, time remaining: 1m 3s
Rendered 430/4500, time remaining: 1m 1s
Rendered 431/4500, time remaining: 59s
Rendered 432/4500, time remaining: 59s
Rendered 433/4500, time remaining: 1m 0s
Rendered 434/4500, time remaining: 1m 0s
Rendered 435/4500, time remaining: 1m 0s
Rendered 436/4500, time remaining: 1m 0s
Rendered 437/4500, time remaining: 1m 0s
Rendered 438/4500, time remaining: 58s
Rendered 439/4500, time remaining: 57s
Rendered 440/4500, time remaining: 58s
Rendered 441/4500, time remaining: 58s
Rendered 442/4500, time remaining: 59s
Rendered 443/4500, time remaining: 57s
Rendered 444/4500, time remaining: 58s
Rendered 445/4500, time remaining: 58s
Rendered 446/4500, time remaining: 59s
Rendered 446/4500, time remaining: 59s
Rendered 447/4500, time remaining: 58s
Rendered 448/4500, time remaining: 58s
Rendered 449/4500, time remaining: 58s
Rendered 450/4500, time remaining: 57s
Rendered 451/4500, time remaining: 59s
Rendered 452/4500, time remaining: 58s
Rendered 453/4500, time remaining: 58s
Rendered 454/4500, time remaining: 57s
Rendered 455/4500, time remaining: 58s
Rendered 456/4500, time remaining: 57s
Rendered 457/4500, time remaining: 58s
Rendered 458/4500, time remaining: 57s
Rendered 459/4500, time remaining: 58s
Rendered 460/4500, time remaining: 57s
Rendered 461/4500, time remaining: 57s
Rendered 462/4500, time remaining: 58s
Rendered 463/4500, time remaining: 58s
Rendered 464/4500, time remaining: 58s
Rendered 465/4500, time remaining: 58s
Rendered 466/4500, time remaining: 57s
Rendered 467/4500, time remaining: 57s
Rendered 468/4500, time remaining: 57s
Rendered 469/4500, time remaining: 56s
Rendered 470/4500, time remaining: 55s
Rendered 471/4500, time remaining: 56s
Rendered 472/4500, time remaining: 56s
Rendered 473/4500, time remaining: 56s
Rendered 474/4500, time remaining: 56s
Rendered 475/4500, time remaining: 57s
Rendered 476/4500, time remaining: 57s
Rendered 477/4500, time remaining: 56s
Rendered 478/4500, time remaining: 56s
Rendered 479/4500, time remaining: 56s
Rendered 480/4500, time remaining: 56s
Rendered 481/4500, time remaining: 55s
Rendered 482/4500, time remaining: 55s
Rendered 483/4500, time remaining: 56s
Rendered 483/4500, time remaining: 56s
Rendered 484/4500, time remaining: 57s
Rendered 485/4500, time remaining: 56s
Rendered 486/4500, time remaining: 56s
Rendered 487/4500, time remaining: 56s
Rendered 488/4500, time remaining: 56s
Rendered 489/4500, time remaining: 56s
Rendered 490/4500, time remaining: 56s
Rendered 491/4500, time remaining: 56s
Rendered 492/4500, time remaining: 56s
Rendered 493/4500, time remaining: 56s
Rendered 494/4500, time remaining: 56s
Rendered 495/4500, time remaining: 56s
Rendered 496/4500, time remaining: 56s
Rendered 497/4500, time remaining: 56s
Rendered 498/4500, time remaining: 56s
Rendered 499/4500, time remaining: 55s
Rendered 500/4500, time remaining: 56s
Rendered 501/4500, time remaining: 56s
Rendered 502/4500, time remaining: 55s
Rendered 503/4500, time remaining: 55s
Rendered 504/4500, time remaining: 55s
Rendered 505/4500, time remaining: 54s
Rendered 506/4500, time remaining: 54s
Rendered 507/4500, time remaining: 54s
Rendered 508/4500, time remaining: 53s
Rendered 509/4500, time remaining: 54s
Rendered 510/4500, time remaining: 54s
Rendered 511/4500, time remaining: 54s
Rendered 512/4500, time remaining: 54s
Rendered 513/4500, time remaining: 54s
Rendered 514/4500, time remaining: 54s
Rendered 515/4500, time remaining: 54s
Rendered 516/4500, time remaining: 54s
Rendered 517/4500, time remaining: 54s
Rendered 518/4500, time remaining: 56s
Rendered 519/4500, time remaining: 55s
Rendered 520/4500, time remaining: 55s
Rendered 521/4500, time remaining: 54s
Rendered 522/4500, time remaining: 52s
Rendered 523/4500, time remaining: 52s
Rendered 524/4500, time remaining: 53s
Rendered 524/4500, time remaining: 53s
Rendered 525/4500, time remaining: 53s
Rendered 526/4500, time remaining: 54s
Rendered 527/4500, time remaining: 53s
Rendered 528/4500, time remaining: 53s
Rendered 529/4500, time remaining: 53s
Rendered 530/4500, time remaining: 52s
Rendered 531/4500, time remaining: 52s
Rendered 532/4500, time remaining: 52s
Rendered 533/4500, time remaining: 53s
Rendered 534/4500, time remaining: 53s
Rendered 535/4500, time remaining: 53s
Rendered 536/4500, time remaining: 53s
Rendered 537/4500, time remaining: 53s
Rendered 538/4500, time remaining: 52s
Rendered 539/4500, time remaining: 52s
Rendered 540/4500, time remaining: 51s
Rendered 541/4500, time remaining: 51s
Rendered 542/4500, time remaining: 53s
Rendered 543/4500, time remaining: 53s
Rendered 544/4500, time remaining: 51s
Rendered 545/4500, time remaining: 51s
Rendered 546/4500, time remaining: 51s
Rendered 547/4500, time remaining: 51s
Rendered 548/4500, time remaining: 52s
Rendered 549/4500, time remaining: 52s
Rendered 550/4500, time remaining: 52s
Rendered 551/4500, time remaining: 51s
Rendered 552/4500, time remaining: 51s
Rendered 553/4500, time remaining: 51s
Rendered 554/4500, time remaining: 51s
Rendered 555/4500, time remaining: 51s
Rendered 556/4500, time remaining: 52s
Rendered 557/4500, time remaining: 51s
Rendered 558/4500, time remaining: 51s
Rendered 559/4500, time remaining: 50s
Rendered 560/4500, time remaining: 51s
Rendered 561/4500, time remaining: 51s
Rendered 562/4500, time remaining: 51s
Rendered 563/4500, time remaining: 51s
Rendered 564/4500, time remaining: 49s
Rendered 565/4500, time remaining: 50s
Rendered 566/4500, time remaining: 50s
Rendered 567/4500, time remaining: 49s
Rendered 567/4500, time remaining: 49s
Rendered 568/4500, time remaining: 49s
Rendered 569/4500, time remaining: 50s
Rendered 570/4500, time remaining: 50s
Rendered 571/4500, time remaining: 49s
Rendered 572/4500, time remaining: 50s
Rendered 573/4500, time remaining: 50s
Rendered 574/4500, time remaining: 49s
Rendered 575/4500, time remaining: 49s
Rendered 576/4500, time remaining: 49s
Rendered 577/4500, time remaining: 50s
Rendered 578/4500, time remaining: 50s
Rendered 579/4500, time remaining: 50s
Rendered 580/4500, time remaining: 50s
Rendered 581/4500, time remaining: 51s
Rendered 582/4500, time remaining: 51s
Rendered 583/4500, time remaining: 50s
Rendered 584/4500, time remaining: 50s
Rendered 585/4500, time remaining: 50s
Rendered 586/4500, time remaining: 50s
Rendered 587/4500, time remaining: 51s
Rendered 588/4500, time remaining: 51s
Rendered 589/4500, time remaining: 51s
Rendered 590/4500, time remaining: 51s
Rendered 591/4500, time remaining: 51s
Rendered 592/4500, time remaining: 50s
Rendered 593/4500, time remaining: 51s
Rendered 594/4500, time remaining: 50s
Rendered 595/4500, time remaining: 51s
Rendered 596/4500, time remaining: 51s
Rendered 597/4500, time remaining: 50s
Rendered 598/4500, time remaining: 50s
Rendered 599/4500, time remaining: 51s
Rendered 600/4500, time remaining: 51s
Rendered 601/4500, time remaining: 50s
Rendered 601/4500, time remaining: 50s
Rendered 602/4500, time remaining: 51s
Rendered 603/4500, time remaining: 51s
Rendered 604/4500, time remaining: 51s
Rendered 605/4500, time remaining: 51s
Rendered 606/4500, time remaining: 50s
Rendered 607/4500, time remaining: 51s
Rendered 608/4500, time remaining: 51s
Rendered 609/4500, time remaining: 50s
Rendered 610/4500, time remaining: 50s
Rendered 611/4500, time remaining: 50s
Rendered 612/4500, time remaining: 50s
Rendered 613/4500, time remaining: 51s
Rendered 614/4500, time remaining: 51s
Rendered 615/4500, time remaining: 50s
Rendered 616/4500, time remaining: 50s
Rendered 617/4500, time remaining: 50s
Rendered 618/4500, time remaining: 50s
Rendered 619/4500, time remaining: 50s
Rendered 620/4500, time remaining: 51s
Rendered 621/4500, time remaining: 50s
Rendered 622/4500, time remaining: 51s
Rendered 623/4500, time remaining: 51s
Rendered 624/4500, time remaining: 51s
Rendered 625/4500, time remaining: 50s
Rendered 626/4500, time remaining: 50s
Rendered 627/4500, time remaining: 49s
Rendered 628/4500, time remaining: 50s
Rendered 629/4500, time remaining: 50s
Rendered 630/4500, time remaining: 50s
Rendered 631/4500, time remaining: 50s
Rendered 632/4500, time remaining: 51s
Rendered 633/4500, time remaining: 49s
Rendered 634/4500, time remaining: 49s
Rendered 635/4500, time remaining: 49s
Rendered 636/4500, time remaining: 49s
Rendered 637/4500, time remaining: 49s
Rendered 638/4500, time remaining: 49s
Rendered 639/4500, time remaining: 48s
Rendered 640/4500, time remaining: 49s
Rendered 641/4500, time remaining: 48s
Rendered 642/4500, time remaining: 48s
Rendered 642/4500, time remaining: 48s
Rendered 643/4500, time remaining: 49s
Rendered 644/4500, time remaining: 49s
Rendered 645/4500, time remaining: 49s
Rendered 646/4500, time remaining: 49s
Rendered 647/4500, time remaining: 49s
Rendered 648/4500, time remaining: 49s
Rendered 649/4500, time remaining: 49s
Rendered 650/4500, time remaining: 49s
Rendered 651/4500, time remaining: 50s
Rendered 652/4500, time remaining: 50s
Rendered 653/4500, time remaining: 49s
Rendered 654/4500, time remaining: 49s
Rendered 655/4500, time remaining: 50s
Rendered 656/4500, time remaining: 51s
Rendered 657/4500, time remaining: 51s
Rendered 658/4500, time remaining: 51s
Rendered 659/4500, time remaining: 51s
Rendered 660/4500, time remaining: 51s
Rendered 661/4500, time remaining: 50s
Rendered 662/4500, time remaining: 50s
Rendered 663/4500, time remaining: 50s
Rendered 664/4500, time remaining: 51s
Rendered 665/4500, time remaining: 51s
Rendered 666/4500, time remaining: 51s
Rendered 667/4500, time remaining: 51s
Rendered 668/4500, time remaining: 51s
Rendered 669/4500, time remaining: 51s
Rendered 670/4500, time remaining: 51s
Rendered 671/4500, time remaining: 51s
Rendered 671/4500, time remaining: 51s
Rendered 672/4500, time remaining: 53s
Rendered 673/4500, time remaining: 54s
Rendered 674/4500, time remaining: 53s
Rendered 675/4500, time remaining: 52s
Rendered 676/4500, time remaining: 51s
Rendered 677/4500, time remaining: 52s
Rendered 678/4500, time remaining: 52s
Rendered 679/4500, time remaining: 53s
Rendered 680/4500, time remaining: 53s
Rendered 681/4500, time remaining: 54s
Rendered 682/4500, time remaining: 55s
Rendered 683/4500, time remaining: 54s
Rendered 684/4500, time remaining: 53s
Rendered 685/4500, time remaining: 53s
Rendered 686/4500, time remaining: 53s
Rendered 687/4500, time remaining: 54s
Rendered 688/4500, time remaining: 54s
Rendered 689/4500, time remaining: 54s
Rendered 690/4500, time remaining: 54s
Rendered 691/4500, time remaining: 54s
Rendered 692/4500, time remaining: 52s
Rendered 693/4500, time remaining: 53s
Rendered 694/4500, time remaining: 53s
Rendered 695/4500, time remaining: 54s
Rendered 696/4500, time remaining: 54s
Rendered 697/4500, time remaining: 54s
Rendered 698/4500, time remaining: 54s
Rendered 699/4500, time remaining: 54s
Rendered 700/4500, time remaining: 53s
Rendered 701/4500, time remaining: 53s
Rendered 702/4500, time remaining: 54s
Rendered 702/4500, time remaining: 54s
Rendered 703/4500, time remaining: 57s
Rendered 704/4500, time remaining: 56s
Rendered 705/4500, time remaining: 56s
Rendered 706/4500, time remaining: 57s
Rendered 707/4500, time remaining: 57s
Rendered 708/4500, time remaining: 58s
Rendered 709/4500, time remaining: 57s
Rendered 710/4500, time remaining: 58s
Rendered 711/4500, time remaining: 58s
Rendered 712/4500, time remaining: 58s
Rendered 713/4500, time remaining: 58s
Rendered 714/4500, time remaining: 58s
Rendered 715/4500, time remaining: 58s
Rendered 716/4500, time remaining: 58s
Rendered 717/4500, time remaining: 59s
Rendered 718/4500, time remaining: 58s
Rendered 719/4500, time remaining: 58s
Rendered 720/4500, time remaining: 58s
Rendered 721/4500, time remaining: 57s
Rendered 722/4500, time remaining: 58s
Rendered 723/4500, time remaining: 59s
Rendered 724/4500, time remaining: 59s
Rendered 725/4500, time remaining: 1m 0s
Rendered 726/4500, time remaining: 1m 0s
Rendered 727/4500, time remaining: 59s
Rendered 727/4500, time remaining: 59s
Rendered 728/4500, time remaining: 59s
Rendered 729/4500, time remaining: 59s
Rendered 730/4500, time remaining: 59s
Rendered 731/4500, time remaining: 58s
Rendered 732/4500, time remaining: 59s
Rendered 733/4500, time remaining: 59s
Rendered 734/4500, time remaining: 59s
Rendered 735/4500, time remaining: 1m 0s
Rendered 736/4500, time remaining: 59s
Rendered 737/4500, time remaining: 58s
Rendered 738/4500, time remaining: 58s
Rendered 739/4500, time remaining: 59s
Rendered 740/4500, time remaining: 1m 0s
Rendered 741/4500, time remaining: 59s
Rendered 742/4500, time remaining: 59s
Rendered 743/4500, time remaining: 1m 0s
Rendered 744/4500, time remaining: 59s
Rendered 745/4500, time remaining: 59s
Rendered 746/4500, time remaining: 59s
Rendered 747/4500, time remaining: 59s
Rendered 748/4500, time remaining: 1m 0s
Rendered 749/4500, time remaining: 1m 0s
Rendered 750/4500, time remaining: 59s
Rendered 751/4500, time remaining: 1m 0s
Rendered 752/4500, time remaining: 59s
Rendered 753/4500, time remaining: 59s
Rendered 754/4500, time remaining: 59s
Rendered 755/4500, time remaining: 59s
Rendered 756/4500, time remaining: 1m 0s
Rendered 757/4500, time remaining: 59s
Rendered 758/4500, time remaining: 59s
Rendered 759/4500, time remaining: 1m 0s
Rendered 759/4500, time remaining: 1m 0s
Rendered 760/4500, time remaining: 1m 1s
Rendered 761/4500, time remaining: 1m 1s
Rendered 762/4500, time remaining: 1m 1s
Rendered 763/4500, time remaining: 1m 0s
Rendered 764/4500, time remaining: 1m 1s
Rendered 765/4500, time remaining: 1m 1s
Rendered 766/4500, time remaining: 1m 1s
Rendered 767/4500, time remaining: 1m 1s
Rendered 768/4500, time remaining: 1m 1s
Rendered 769/4500, time remaining: 1m 1s
Rendered 770/4500, time remaining: 1m 0s
Rendered 771/4500, time remaining: 1m 0s
Rendered 772/4500, time remaining: 1m 1s
Rendered 773/4500, time remaining: 1m 1s
Rendered 774/4500, time remaining: 1m 2s
Rendered 775/4500, time remaining: 1m 2s
Rendered 776/4500, time remaining: 1m 2s
Rendered 777/4500, time remaining: 1m 2s
Rendered 778/4500, time remaining: 1m 2s
Rendered 779/4500, time remaining: 1m 2s
Rendered 780/4500, time remaining: 1m 2s
Rendered 781/4500, time remaining: 1m 2s
Rendered 782/4500, time remaining: 1m 3s
Rendered 783/4500, time remaining: 1m 3s
Rendered 784/4500, time remaining: 1m 3s
Rendered 785/4500, time remaining: 1m 3s
Rendered 786/4500, time remaining: 1m 4s
Rendered 787/4500, time remaining: 1m 4s
Rendered 788/4500, time remaining: 1m 4s
Rendered 789/4500, time remaining: 1m 4s
Rendered 789/4500, time remaining: 1m 4s
Rendered 790/4500, time remaining: 1m 4s
Rendered 791/4500, time remaining: 1m 4s
Rendered 792/4500, time remaining: 1m 5s
Rendered 793/4500, time remaining: 1m 4s
Rendered 794/4500, time remaining: 1m 4s
Rendered 795/4500, time remaining: 1m 4s
Rendered 796/4500, time remaining: 1m 3s
Rendered 797/4500, time remaining: 1m 3s
Rendered 798/4500, time remaining: 1m 4s
Rendered 799/4500, time remaining: 1m 4s
Rendered 800/4500, time remaining: 1m 4s
Rendered 801/4500, time remaining: 1m 4s
Rendered 802/4500, time remaining: 1m 4s
Rendered 803/4500, time remaining: 1m 4s
Rendered 804/4500, time remaining: 1m 5s
Rendered 805/4500, time remaining: 1m 5s
Rendered 806/4500, time remaining: 1m 4s
Rendered 807/4500, time remaining: 1m 4s
Rendered 808/4500, time remaining: 1m 4s
Rendered 809/4500, time remaining: 1m 5s
Rendered 810/4500, time remaining: 1m 5s
Rendered 811/4500, time remaining: 1m 5s
Rendered 812/4500, time remaining: 1m 5s
Rendered 813/4500, time remaining: 1m 6s
Rendered 814/4500, time remaining: 1m 5s
Rendered 815/4500, time remaining: 1m 5s
Rendered 816/4500, time remaining: 1m 5s
Rendered 816/4500, time remaining: 1m 5s
Rendered 817/4500, time remaining: 1m 6s
Rendered 818/4500, time remaining: 1m 4s
Rendered 819/4500, time remaining: 1m 4s
Rendered 820/4500, time remaining: 1m 4s
Rendered 821/4500, time remaining: 1m 4s
Rendered 822/4500, time remaining: 1m 5s
Rendered 823/4500, time remaining: 1m 4s
Rendered 824/4500, time remaining: 1m 4s
Rendered 825/4500, time remaining: 1m 5s
Rendered 826/4500, time remaining: 1m 5s
Rendered 827/4500, time remaining: 1m 5s
Rendered 828/4500, time remaining: 1m 4s
Rendered 829/4500, time remaining: 1m 4s
Rendered 830/4500, time remaining: 1m 4s
Rendered 831/4500, time remaining: 1m 3s
Rendered 832/4500, time remaining: 1m 3s
Rendered 833/4500, time remaining: 1m 3s
Rendered 834/4500, time remaining: 1m 3s
Rendered 835/4500, time remaining: 1m 3s
Rendered 836/4500, time remaining: 1m 3s
Rendered 837/4500, time remaining: 1m 2s
Rendered 838/4500, time remaining: 1m 2s
Rendered 839/4500, time remaining: 1m 2s
Rendered 840/4500, time remaining: 1m 2s
Rendered 841/4500, time remaining: 1m 3s
Rendered 842/4500, time remaining: 1m 3s
Rendered 843/4500, time remaining: 1m 3s
Rendered 844/4500, time remaining: 1m 3s
Rendered 845/4500, time remaining: 1m 2s
Rendered 846/4500, time remaining: 1m 3s
Rendered 847/4500, time remaining: 1m 3s
Rendered 848/4500, time remaining: 1m 3s
Rendered 848/4500, time remaining: 1m 3s
Rendered 849/4500, time remaining: 1m 3s
Rendered 850/4500, time remaining: 1m 3s
Rendered 851/4500, time remaining: 1m 3s
Rendered 852/4500, time remaining: 1m 3s
Rendered 853/4500, time remaining: 1m 0s
Rendered 854/4500, time remaining: 1m 2s
Rendered 855/4500, time remaining: 1m 2s
Rendered 856/4500, time remaining: 1m 1s
Rendered 857/4500, time remaining: 1m 1s
Rendered 858/4500, time remaining: 1m 1s
Rendered 859/4500, time remaining: 1m 1s
Rendered 860/4500, time remaining: 1m 0s
Rendered 861/4500, time remaining: 1m 0s
Rendered 862/4500, time remaining: 1m 0s
Rendered 863/4500, time remaining: 1m 0s
Rendered 864/4500, time remaining: 59s
Rendered 865/4500, time remaining: 1m 0s
Rendered 866/4500, time remaining: 1m 0s
Rendered 867/4500, time remaining: 59s
Rendered 868/4500, time remaining: 59s
Rendered 869/4500, time remaining: 1m 0s
Rendered 870/4500, time remaining: 1m 0s
Rendered 871/4500, time remaining: 1m 1s
Rendered 872/4500, time remaining: 1m 0s
Rendered 873/4500, time remaining: 59s
Rendered 874/4500, time remaining: 59s
Rendered 875/4500, time remaining: 58s
Rendered 876/4500, time remaining: 59s
Rendered 877/4500, time remaining: 59s
Rendered 878/4500, time remaining: 58s
Rendered 879/4500, time remaining: 58s
Rendered 880/4500, time remaining: 59s
Rendered 881/4500, time remaining: 59s
Rendered 882/4500, time remaining: 58s
Rendered 883/4500, time remaining: 58s
Rendered 883/4500, time remaining: 58s
Rendered 884/4500, time remaining: 59s
Rendered 885/4500, time remaining: 58s
Rendered 886/4500, time remaining: 59s
Rendered 887/4500, time remaining: 59s
Rendered 888/4500, time remaining: 59s
Rendered 889/4500, time remaining: 58s
Rendered 890/4500, time remaining: 58s
Rendered 891/4500, time remaining: 58s
Rendered 892/4500, time remaining: 58s
Rendered 893/4500, time remaining: 58s
Rendered 894/4500, time remaining: 58s
Rendered 895/4500, time remaining: 58s
Rendered 896/4500, time remaining: 58s
Rendered 897/4500, time remaining: 57s
Rendered 898/4500, time remaining: 57s
Rendered 899/4500, time remaining: 56s
Rendered 900/4500, time remaining: 57s
Rendered 901/4500, time remaining: 57s
Rendered 902/4500, time remaining: 56s
Rendered 903/4500, time remaining: 56s
Rendered 904/4500, time remaining: 57s
Rendered 905/4500, time remaining: 57s
Rendered 906/4500, time remaining: 56s
Rendered 907/4500, time remaining: 56s
Rendered 908/4500, time remaining: 57s
Rendered 909/4500, time remaining: 56s
Rendered 910/4500, time remaining: 55s
Rendered 911/4500, time remaining: 55s
Rendered 912/4500, time remaining: 56s
Rendered 913/4500, time remaining: 56s
Rendered 914/4500, time remaining: 55s
Rendered 915/4500, time remaining: 55s
Rendered 916/4500, time remaining: 56s
Rendered 917/4500, time remaining: 56s
Rendered 917/4500, time remaining: 56s
Rendered 918/4500, time remaining: 56s
Rendered 919/4500, time remaining: 56s
Rendered 920/4500, time remaining: 56s
Rendered 921/4500, time remaining: 56s
Rendered 922/4500, time remaining: 55s
Rendered 923/4500, time remaining: 55s
Rendered 924/4500, time remaining: 55s
Rendered 925/4500, time remaining: 56s
Rendered 926/4500, time remaining: 55s
Rendered 927/4500, time remaining: 55s
Rendered 928/4500, time remaining: 55s
Rendered 929/4500, time remaining: 54s
Rendered 930/4500, time remaining: 54s
Rendered 931/4500, time remaining: 54s
Rendered 932/4500, time remaining: 54s
Rendered 933/4500, time remaining: 55s
Rendered 934/4500, time remaining: 55s
Rendered 935/4500, time remaining: 55s
Rendered 936/4500, time remaining: 53s
Rendered 937/4500, time remaining: 55s
Rendered 938/4500, time remaining: 55s
Rendered 939/4500, time remaining: 55s
Rendered 940/4500, time remaining: 54s
Rendered 941/4500, time remaining: 55s
Rendered 942/4500, time remaining: 54s
Rendered 943/4500, time remaining: 54s
Rendered 944/4500, time remaining: 55s
Rendered 945/4500, time remaining: 55s
Rendered 946/4500, time remaining: 55s
Rendered 947/4500, time remaining: 55s
Rendered 948/4500, time remaining: 54s
Rendered 949/4500, time remaining: 54s
Rendered 950/4500, time remaining: 54s
Rendered 951/4500, time remaining: 53s
Rendered 952/4500, time remaining: 53s
Rendered 953/4500, time remaining: 54s
Rendered 953/4500, time remaining: 54s
Rendered 954/4500, time remaining: 52s
Rendered 955/4500, time remaining: 52s
Rendered 956/4500, time remaining: 53s
Rendered 957/4500, time remaining: 52s
Rendered 958/4500, time remaining: 53s
Rendered 959/4500, time remaining: 52s
Rendered 960/4500, time remaining: 52s
Rendered 961/4500, time remaining: 52s
Rendered 962/4500, time remaining: 52s
Rendered 963/4500, time remaining: 51s
Rendered 964/4500, time remaining: 51s
Rendered 965/4500, time remaining: 51s
Rendered 966/4500, time remaining: 51s
Rendered 967/4500, time remaining: 51s
Rendered 968/4500, time remaining: 52s
Rendered 969/4500, time remaining: 52s
Rendered 970/4500, time remaining: 51s
Rendered 971/4500, time remaining: 51s
Rendered 972/4500, time remaining: 49s
Rendered 973/4500, time remaining: 50s
Rendered 974/4500, time remaining: 50s
Rendered 975/4500, time remaining: 49s
Rendered 976/4500, time remaining: 49s
Rendered 977/4500, time remaining: 49s
Rendered 978/4500, time remaining: 49s
Rendered 979/4500, time remaining: 49s
Rendered 980/4500, time remaining: 49s
Rendered 981/4500, time remaining: 51s
Rendered 982/4500, time remaining: 51s
Rendered 983/4500, time remaining: 52s
Rendered 984/4500, time remaining: 52s
Rendered 985/4500, time remaining: 51s
Rendered 986/4500, time remaining: 51s
Rendered 987/4500, time remaining: 51s
Rendered 988/4500, time remaining: 51s
Rendered 988/4500, time remaining: 51s
Rendered 989/4500, time remaining: 51s
Rendered 990/4500, time remaining: 52s
Rendered 991/4500, time remaining: 51s
Rendered 992/4500, time remaining: 51s
Rendered 993/4500, time remaining: 50s
Rendered 994/4500, time remaining: 50s
Rendered 995/4500, time remaining: 51s
Rendered 996/4500, time remaining: 50s
Rendered 997/4500, time remaining: 50s
Rendered 998/4500, time remaining: 49s
Rendered 999/4500, time remaining: 49s
Rendered 1000/4500, time remaining: 49s
Rendered 1001/4500, time remaining: 49s
Rendered 1002/4500, time remaining: 49s
Rendered 1003/4500, time remaining: 49s
Rendered 1004/4500, time remaining: 48s
Rendered 1005/4500, time remaining: 48s
Rendered 1006/4500, time remaining: 48s
Rendered 1007/4500, time remaining: 48s
Rendered 1008/4500, time remaining: 48s
Rendered 1009/4500, time remaining: 48s
Rendered 1010/4500, time remaining: 48s
Rendered 1011/4500, time remaining: 48s
Rendered 1012/4500, time remaining: 48s
Rendered 1013/4500, time remaining: 48s
Rendered 1014/4500, time remaining: 48s
Rendered 1015/4500, time remaining: 48s
Rendered 1016/4500, time remaining: 48s
Rendered 1017/4500, time remaining: 48s
Rendered 1018/4500, time remaining: 48s
Rendered 1019/4500, time remaining: 48s
Rendered 1020/4500, time remaining: 48s
Rendered 1021/4500, time remaining: 47s
Rendered 1022/4500, time remaining: 47s
Rendered 1023/4500, time remaining: 47s
Rendered 1024/4500, time remaining: 47s
Rendered 1025/4500, time remaining: 48s
Rendered 1026/4500, time remaining: 47s
Rendered 1027/4500, time remaining: 47s
Rendered 1028/4500, time remaining: 47s
Rendered 1029/4500, time remaining: 47s
Rendered 1030/4500, time remaining: 46s
Rendered 1031/4500, time remaining: 46s
Rendered 1032/4500, time remaining: 46s
Rendered 1032/4500, time remaining: 46s
Rendered 1033/4500, time remaining: 47s
Rendered 1034/4500, time remaining: 47s
Rendered 1035/4500, time remaining: 46s
Rendered 1036/4500, time remaining: 47s
Rendered 1037/4500, time remaining: 47s
Rendered 1038/4500, time remaining: 47s
Rendered 1039/4500, time remaining: 47s
Rendered 1040/4500, time remaining: 47s
Rendered 1041/4500, time remaining: 48s
Rendered 1042/4500, time remaining: 48s
Rendered 1043/4500, time remaining: 48s
Rendered 1044/4500, time remaining: 48s
Rendered 1045/4500, time remaining: 48s
Rendered 1046/4500, time remaining: 48s
Rendered 1047/4500, time remaining: 48s
Rendered 1048/4500, time remaining: 48s
Rendered 1049/4500, time remaining: 49s
Rendered 1050/4500, time remaining: 49s
Rendered 1051/4500, time remaining: 49s
Rendered 1052/4500, time remaining: 50s
Rendered 1053/4500, time remaining: 50s
Rendered 1054/4500, time remaining: 50s
Rendered 1055/4500, time remaining: 50s
Rendered 1056/4500, time remaining: 50s
Rendered 1057/4500, time remaining: 50s
Rendered 1057/4500, time remaining: 50s
Rendered 1058/4500, time remaining: 50s
Rendered 1059/4500, time remaining: 50s
Rendered 1060/4500, time remaining: 50s
Rendered 1061/4500, time remaining: 49s
Rendered 1062/4500, time remaining: 50s
Rendered 1063/4500, time remaining: 50s
Rendered 1064/4500, time remaining: 50s
Rendered 1065/4500, time remaining: 50s
Rendered 1066/4500, time remaining: 50s
Rendered 1067/4500, time remaining: 49s
Rendered 1068/4500, time remaining: 49s
Rendered 1069/4500, time remaining: 49s
Rendered 1070/4500, time remaining: 50s
Rendered 1071/4500, time remaining: 50s
Rendered 1072/4500, time remaining: 50s
Rendered 1073/4500, time remaining: 50s
Rendered 1074/4500, time remaining: 49s
Rendered 1075/4500, time remaining: 48s
Rendered 1076/4500, time remaining: 48s
Rendered 1077/4500, time remaining: 48s
Rendered 1078/4500, time remaining: 49s
Rendered 1079/4500, time remaining: 49s
Rendered 1080/4500, time remaining: 49s
Rendered 1081/4500, time remaining: 50s
Rendered 1082/4500, time remaining: 50s
Rendered 1083/4500, time remaining: 49s
Rendered 1084/4500, time remaining: 49s
Rendered 1085/4500, time remaining: 50s
Rendered 1086/4500, time remaining: 50s
Rendered 1087/4500, time remaining: 49s
Rendered 1088/4500, time remaining: 49s
Rendered 1089/4500, time remaining: 49s
Rendered 1089/4500, time remaining: 49s
Rendered 1090/4500, time remaining: 50s
Rendered 1091/4500, time remaining: 49s
Rendered 1092/4500, time remaining: 49s
Rendered 1093/4500, time remaining: 50s
Rendered 1094/4500, time remaining: 49s
Rendered 1095/4500, time remaining: 50s
Rendered 1096/4500, time remaining: 50s
Rendered 1097/4500, time remaining: 50s
Rendered 1098/4500, time remaining: 50s
Rendered 1099/4500, time remaining: 50s
Rendered 1100/4500, time remaining: 51s
Rendered 1101/4500, time remaining: 51s
Rendered 1102/4500, time remaining: 51s
Rendered 1103/4500, time remaining: 50s
Rendered 1104/4500, time remaining: 51s
Rendered 1105/4500, time remaining: 53s
Rendered 1106/4500, time remaining: 52s
Rendered 1107/4500, time remaining: 52s
Rendered 1108/4500, time remaining: 52s
Rendered 1109/4500, time remaining: 52s
Rendered 1110/4500, time remaining: 53s
Rendered 1111/4500, time remaining: 53s
Rendered 1112/4500, time remaining: 53s
Rendered 1113/4500, time remaining: 54s
Rendered 1114/4500, time remaining: 54s
Rendered 1115/4500, time remaining: 53s
Rendered 1116/4500, time remaining: 53s
Rendered 1116/4500, time remaining: 53s
Rendered 1117/4500, time remaining: 53s
Rendered 1118/4500, time remaining: 53s
Rendered 1119/4500, time remaining: 53s
Rendered 1120/4500, time remaining: 53s
Rendered 1121/4500, time remaining: 54s
Rendered 1122/4500, time remaining: 55s
Rendered 1123/4500, time remaining: 54s
Rendered 1124/4500, time remaining: 54s
Rendered 1125/4500, time remaining: 54s
Rendered 1126/4500, time remaining: 54s
Rendered 1127/4500, time remaining: 54s
Rendered 1128/4500, time remaining: 54s
Rendered 1129/4500, time remaining: 54s
Rendered 1130/4500, time remaining: 57s
Rendered 1131/4500, time remaining: 55s
Rendered 1132/4500, time remaining: 54s
Rendered 1133/4500, time remaining: 54s
Rendered 1134/4500, time remaining: 54s
Rendered 1135/4500, time remaining: 54s
Rendered 1136/4500, time remaining: 54s
Rendered 1137/4500, time remaining: 54s
Rendered 1138/4500, time remaining: 57s
Rendered 1139/4500, time remaining: 56s
Rendered 1139/4500, time remaining: 56s
Rendered 1140/4500, time remaining: 55s
Rendered 1141/4500, time remaining: 55s
Rendered 1142/4500, time remaining: 55s
Rendered 1143/4500, time remaining: 55s
Rendered 1144/4500, time remaining: 56s
Rendered 1145/4500, time remaining: 56s
Rendered 1146/4500, time remaining: 57s
Rendered 1147/4500, time remaining: 57s
Rendered 1148/4500, time remaining: 58s
Rendered 1149/4500, time remaining: 58s
Rendered 1150/4500, time remaining: 57s
Rendered 1151/4500, time remaining: 57s
Rendered 1152/4500, time remaining: 57s
Rendered 1153/4500, time remaining: 57s
Rendered 1154/4500, time remaining: 59s
Rendered 1155/4500, time remaining: 58s
Rendered 1156/4500, time remaining: 59s
Rendered 1157/4500, time remaining: 1m 0s
Rendered 1158/4500, time remaining: 1m 0s
Rendered 1159/4500, time remaining: 1m 0s
Rendered 1160/4500, time remaining: 1m 0s
Rendered 1161/4500, time remaining: 1m 0s
Rendered 1162/4500, time remaining: 1m 0s
Rendered 1163/4500, time remaining: 1m 1s
Rendered 1163/4500, time remaining: 1m 1s
Rendered 1164/4500, time remaining: 1m 1s
Rendered 1165/4500, time remaining: 1m 1s
Rendered 1166/4500, time remaining: 1m 1s
Rendered 1167/4500, time remaining: 1m 2s
Rendered 1168/4500, time remaining: 1m 2s
Rendered 1169/4500, time remaining: 1m 2s
Rendered 1170/4500, time remaining: 1m 3s
Rendered 1171/4500, time remaining: 1m 2s
Rendered 1172/4500, time remaining: 1m 2s
Rendered 1173/4500, time remaining: 1m 2s
Rendered 1174/4500, time remaining: 1m 2s
Rendered 1175/4500, time remaining: 1m 2s
Rendered 1176/4500, time remaining: 1m 3s
Rendered 1177/4500, time remaining: 1m 4s
Rendered 1178/4500, time remaining: 1m 4s
Rendered 1179/4500, time remaining: 1m 4s
Rendered 1180/4500, time remaining: 1m 4s
Rendered 1181/4500, time remaining: 1m 4s
Rendered 1182/4500, time remaining: 1m 4s
Rendered 1183/4500, time remaining: 1m 5s
Rendered 1184/4500, time remaining: 1m 5s
Rendered 1185/4500, time remaining: 1m 5s
Rendered 1185/4500, time remaining: 1m 5s
Rendered 1186/4500, time remaining: 1m 5s
Rendered 1187/4500, time remaining: 1m 5s
Rendered 1188/4500, time remaining: 1m 5s
Rendered 1189/4500, time remaining: 1m 5s
Rendered 1190/4500, time remaining: 1m 4s
Rendered 1191/4500, time remaining: 1m 4s
Rendered 1192/4500, time remaining: 1m 4s
Rendered 1193/4500, time remaining: 1m 4s
Rendered 1194/4500, time remaining: 1m 5s
Rendered 1195/4500, time remaining: 1m 5s
Rendered 1196/4500, time remaining: 1m 5s
Rendered 1197/4500, time remaining: 1m 6s
Rendered 1198/4500, time remaining: 1m 6s
Rendered 1199/4500, time remaining: 1m 6s
Rendered 1200/4500, time remaining: 1m 6s
Rendered 1201/4500, time remaining: 1m 6s
Rendered 1202/4500, time remaining: 1m 4s
Rendered 1203/4500, time remaining: 1m 5s
Rendered 1204/4500, time remaining: 1m 4s
Rendered 1205/4500, time remaining: 1m 5s
Rendered 1206/4500, time remaining: 1m 5s
Rendered 1207/4500, time remaining: 1m 5s
Rendered 1208/4500, time remaining: 1m 5s
Rendered 1209/4500, time remaining: 1m 5s
Rendered 1209/4500, time remaining: 1m 5s
Rendered 1210/4500, time remaining: 1m 6s
Rendered 1211/4500, time remaining: 1m 7s
Rendered 1212/4500, time remaining: 1m 5s
Rendered 1213/4500, time remaining: 1m 6s
Rendered 1214/4500, time remaining: 1m 6s
Rendered 1215/4500, time remaining: 1m 7s
Rendered 1216/4500, time remaining: 1m 6s
Rendered 1217/4500, time remaining: 1m 6s
Rendered 1218/4500, time remaining: 1m 6s
Rendered 1219/4500, time remaining: 1m 7s
Rendered 1220/4500, time remaining: 1m 6s
Rendered 1221/4500, time remaining: 1m 6s
Rendered 1222/4500, time remaining: 1m 6s
Rendered 1223/4500, time remaining: 1m 8s
Rendered 1224/4500, time remaining: 1m 7s
Rendered 1225/4500, time remaining: 1m 7s
Rendered 1226/4500, time remaining: 1m 8s
Rendered 1227/4500, time remaining: 1m 8s
Rendered 1228/4500, time remaining: 1m 8s
Rendered 1229/4500, time remaining: 1m 8s
Rendered 1230/4500, time remaining: 1m 8s
Rendered 1231/4500, time remaining: 1m 8s
Rendered 1232/4500, time remaining: 1m 8s
Rendered 1233/4500, time remaining: 1m 7s
Rendered 1234/4500, time remaining: 1m 7s
Rendered 1234/4500, time remaining: 1m 7s
Rendered 1235/4500, time remaining: 1m 7s
Rendered 1236/4500, time remaining: 1m 7s
Rendered 1237/4500, time remaining: 1m 7s
Rendered 1238/4500, time remaining: 1m 7s
Rendered 1239/4500, time remaining: 1m 8s
Rendered 1240/4500, time remaining: 1m 7s
Rendered 1241/4500, time remaining: 1m 7s
Rendered 1242/4500, time remaining: 1m 6s
Rendered 1243/4500, time remaining: 1m 7s
Rendered 1244/4500, time remaining: 1m 7s
Rendered 1245/4500, time remaining: 1m 7s
Rendered 1246/4500, time remaining: 1m 7s
Rendered 1247/4500, time remaining: 1m 7s
Rendered 1248/4500, time remaining: 1m 8s
Rendered 1249/4500, time remaining: 1m 8s
Rendered 1250/4500, time remaining: 1m 8s
Rendered 1251/4500, time remaining: 1m 8s
Rendered 1252/4500, time remaining: 1m 8s
Rendered 1253/4500, time remaining: 1m 9s
Rendered 1254/4500, time remaining: 1m 8s
Rendered 1255/4500, time remaining: 1m 7s
Rendered 1256/4500, time remaining: 1m 6s
Rendered 1257/4500, time remaining: 1m 6s
Rendered 1258/4500, time remaining: 1m 8s
Rendered 1258/4500, time remaining: 1m 8s
Rendered 1259/4500, time remaining: 1m 8s
Rendered 1260/4500, time remaining: 1m 7s
Rendered 1261/4500, time remaining: 1m 8s
Rendered 1262/4500, time remaining: 1m 9s
Rendered 1263/4500, time remaining: 1m 8s
Rendered 1264/4500, time remaining: 1m 8s
Rendered 1265/4500, time remaining: 1m 8s
Rendered 1266/4500, time remaining: 1m 10s
Rendered 1267/4500, time remaining: 1m 9s
Rendered 1268/4500, time remaining: 1m 11s
Rendered 1269/4500, time remaining: 1m 10s
Rendered 1270/4500, time remaining: 1m 10s
Rendered 1271/4500, time remaining: 1m 9s
Rendered 1272/4500, time remaining: 1m 8s
Rendered 1273/4500, time remaining: 1m 8s
Rendered 1274/4500, time remaining: 1m 10s
Rendered 1275/4500, time remaining: 1m 10s
Rendered 1276/4500, time remaining: 1m 11s
Rendered 1277/4500, time remaining: 1m 11s
Rendered 1278/4500, time remaining: 1m 10s
Rendered 1279/4500, time remaining: 1m 10s
Rendered 1280/4500, time remaining: 1m 8s
Rendered 1281/4500, time remaining: 1m 8s
Rendered 1281/4500, time remaining: 1m 8s
Rendered 1282/4500, time remaining: 1m 10s
Rendered 1283/4500, time remaining: 1m 10s
Rendered 1284/4500, time remaining: 1m 11s
Rendered 1285/4500, time remaining: 1m 11s
Rendered 1286/4500, time remaining: 1m 11s
Rendered 1287/4500, time remaining: 1m 12s
Rendered 1288/4500, time remaining: 1m 9s
Rendered 1289/4500, time remaining: 1m 9s
Rendered 1290/4500, time remaining: 1m 10s
Rendered 1291/4500, time remaining: 1m 10s
Rendered 1292/4500, time remaining: 1m 10s
Rendered 1293/4500, time remaining: 1m 10s
Rendered 1294/4500, time remaining: 1m 8s
Rendered 1295/4500, time remaining: 1m 10s
Rendered 1296/4500, time remaining: 1m 9s
Rendered 1297/4500, time remaining: 1m 9s
Rendered 1298/4500, time remaining: 1m 9s
Rendered 1299/4500, time remaining: 1m 9s
Rendered 1300/4500, time remaining: 1m 9s
Rendered 1301/4500, time remaining: 1m 9s
Rendered 1302/4500, time remaining: 1m 9s
Rendered 1302/4500, time remaining: 1m 9s
Rendered 1303/4500, time remaining: 1m 11s
Rendered 1304/4500, time remaining: 1m 9s
Rendered 1305/4500, time remaining: 1m 9s
Rendered 1306/4500, time remaining: 1m 8s
Rendered 1307/4500, time remaining: 1m 8s
Rendered 1308/4500, time remaining: 1m 9s
Rendered 1309/4500, time remaining: 1m 9s
Rendered 1310/4500, time remaining: 1m 8s
Rendered 1311/4500, time remaining: 1m 9s
Rendered 1312/4500, time remaining: 1m 9s
Rendered 1313/4500, time remaining: 1m 8s
Rendered 1314/4500, time remaining: 1m 8s
Rendered 1315/4500, time remaining: 1m 9s
Rendered 1316/4500, time remaining: 1m 8s
Rendered 1317/4500, time remaining: 1m 8s
Rendered 1318/4500, time remaining: 1m 8s
Rendered 1319/4500, time remaining: 1m 8s
Rendered 1320/4500, time remaining: 1m 7s
Rendered 1321/4500, time remaining: 1m 7s
Rendered 1322/4500, time remaining: 1m 8s
Rendered 1323/4500, time remaining: 1m 8s
Rendered 1324/4500, time remaining: 1m 9s
Rendered 1325/4500, time remaining: 1m 8s
Rendered 1326/4500, time remaining: 1m 8s
Rendered 1327/4500, time remaining: 1m 7s
Rendered 1327/4500, time remaining: 1m 7s
Rendered 1328/4500, time remaining: 1m 7s
Rendered 1329/4500, time remaining: 1m 7s
Rendered 1330/4500, time remaining: 1m 7s
Rendered 1331/4500, time remaining: 1m 7s
Rendered 1332/4500, time remaining: 1m 7s
Rendered 1333/4500, time remaining: 1m 6s
Rendered 1334/4500, time remaining: 1m 7s
Rendered 1335/4500, time remaining: 1m 7s
Rendered 1336/4500, time remaining: 1m 6s
Rendered 1337/4500, time remaining: 1m 6s
Rendered 1338/4500, time remaining: 1m 7s
Rendered 1339/4500, time remaining: 1m 7s
Rendered 1340/4500, time remaining: 1m 7s
Rendered 1341/4500, time remaining: 1m 8s
Rendered 1342/4500, time remaining: 1m 8s
Rendered 1343/4500, time remaining: 1m 10s
Rendered 1344/4500, time remaining: 1m 9s
Rendered 1345/4500, time remaining: 1m 9s
Rendered 1345/4500, time remaining: 1m 9s
Rendered 1346/4500, time remaining: 1m 16s
Rendered 1347/4500, time remaining: 1m 16s
Rendered 1348/4500, time remaining: 1m 16s
Rendered 1349/4500, time remaining: 1m 14s
Rendered 1350/4500, time remaining: 1m 15s
Rendered 1351/4500, time remaining: 1m 18s
Rendered 1352/4500, time remaining: 1m 18s
Rendered 1353/4500, time remaining: 1m 18s
Rendered 1353/4500, time remaining: 1m 18s
Rendered 1354/4500, time remaining: 1m 19s
Rendered 1355/4500, time remaining: 1m 19s
Rendered 1356/4500, time remaining: 1m 19s
Rendered 1357/4500, time remaining: 1m 18s
Rendered 1358/4500, time remaining: 1m 19s
Rendered 1359/4500, time remaining: 1m 19s
Rendered 1360/4500, time remaining: 1m 18s
Rendered 1361/4500, time remaining: 1m 18s
Rendered 1362/4500, time remaining: 1m 17s
Rendered 1363/4500, time remaining: 1m 18s
Rendered 1364/4500, time remaining: 1m 18s
Rendered 1365/4500, time remaining: 1m 17s
Rendered 1366/4500, time remaining: 1m 17s
Rendered 1367/4500, time remaining: 1m 17s
Rendered 1368/4500, time remaining: 1m 17s
Rendered 1369/4500, time remaining: 1m 16s
Rendered 1370/4500, time remaining: 1m 17s
Rendered 1371/4500, time remaining: 1m 17s
Rendered 1372/4500, time remaining: 1m 17s
Rendered 1373/4500, time remaining: 1m 16s
Rendered 1374/4500, time remaining: 1m 16s
Rendered 1375/4500, time remaining: 1m 16s
Rendered 1376/4500, time remaining: 1m 15s
Rendered 1377/4500, time remaining: 1m 15s
Rendered 1378/4500, time remaining: 1m 16s
Rendered 1379/4500, time remaining: 1m 16s
Rendered 1380/4500, time remaining: 1m 15s
Rendered 1381/4500, time remaining: 1m 15s
Rendered 1382/4500, time remaining: 1m 14s
Rendered 1382/4500, time remaining: 1m 14s
Rendered 1383/4500, time remaining: 1m 15s
Rendered 1384/4500, time remaining: 1m 15s
Rendered 1385/4500, time remaining: 1m 14s
Rendered 1386/4500, time remaining: 1m 15s
Rendered 1387/4500, time remaining: 1m 14s
Rendered 1388/4500, time remaining: 1m 14s
Rendered 1389/4500, time remaining: 1m 14s
Rendered 1390/4500, time remaining: 1m 14s
Rendered 1391/4500, time remaining: 1m 15s
Rendered 1392/4500, time remaining: 1m 15s
Rendered 1393/4500, time remaining: 1m 13s
Rendered 1394/4500, time remaining: 1m 14s
Rendered 1395/4500, time remaining: 1m 14s
Rendered 1396/4500, time remaining: 1m 13s
Rendered 1397/4500, time remaining: 1m 13s
Rendered 1398/4500, time remaining: 1m 13s
Rendered 1399/4500, time remaining: 1m 13s
Rendered 1400/4500, time remaining: 1m 11s
Rendered 1401/4500, time remaining: 1m 12s
Rendered 1402/4500, time remaining: 1m 12s
Rendered 1403/4500, time remaining: 1m 11s
Rendered 1404/4500, time remaining: 1m 11s
Rendered 1405/4500, time remaining: 1m 11s
Rendered 1406/4500, time remaining: 1m 11s
Rendered 1407/4500, time remaining: 1m 11s
Rendered 1408/4500, time remaining: 1m 10s
Rendered 1409/4500, time remaining: 1m 9s
Rendered 1410/4500, time remaining: 1m 10s
Rendered 1411/4500, time remaining: 1m 10s
Rendered 1412/4500, time remaining: 1m 8s
Rendered 1413/4500, time remaining: 1m 9s
Rendered 1414/4500, time remaining: 1m 9s
Rendered 1415/4500, time remaining: 1m 9s
Rendered 1416/4500, time remaining: 1m 7s
Rendered 1417/4500, time remaining: 1m 7s
Rendered 1417/4500, time remaining: 1m 7s
Rendered 1418/4500, time remaining: 1m 6s
Rendered 1419/4500, time remaining: 1m 6s
Rendered 1420/4500, time remaining: 1m 6s
Rendered 1421/4500, time remaining: 1m 7s
Rendered 1422/4500, time remaining: 1m 7s
Rendered 1423/4500, time remaining: 1m 7s
Rendered 1424/4500, time remaining: 1m 6s
Rendered 1425/4500, time remaining: 1m 6s
Rendered 1426/4500, time remaining: 1m 4s
Rendered 1427/4500, time remaining: 1m 4s
Rendered 1428/4500, time remaining: 1m 4s
Rendered 1429/4500, time remaining: 1m 5s
Rendered 1430/4500, time remaining: 1m 5s
Rendered 1431/4500, time remaining: 1m 5s
Rendered 1432/4500, time remaining: 1m 4s
Rendered 1433/4500, time remaining: 1m 4s
Rendered 1434/4500, time remaining: 1m 4s
Rendered 1435/4500, time remaining: 1m 4s
Rendered 1436/4500, time remaining: 1m 4s
Rendered 1437/4500, time remaining: 1m 3s
Rendered 1438/4500, time remaining: 1m 4s
Rendered 1439/4500, time remaining: 1m 4s
Rendered 1440/4500, time remaining: 1m 3s
Rendered 1441/4500, time remaining: 1m 3s
Rendered 1442/4500, time remaining: 1m 3s
Rendered 1443/4500, time remaining: 1m 3s
Rendered 1444/4500, time remaining: 1m 3s
Rendered 1445/4500, time remaining: 1m 2s
Rendered 1446/4500, time remaining: 1m 2s
Rendered 1447/4500, time remaining: 1m 2s
Rendered 1448/4500, time remaining: 1m 1s
Rendered 1449/4500, time remaining: 1m 2s
Rendered 1450/4500, time remaining: 1m 2s
Rendered 1451/4500, time remaining: 1m 2s
Rendered 1452/4500, time remaining: 1m 3s
Rendered 1453/4500, time remaining: 1m 1s
Rendered 1453/4500, time remaining: 1m 1s
Rendered 1454/4500, time remaining: 1m 1s
Rendered 1455/4500, time remaining: 1m 1s
Rendered 1456/4500, time remaining: 1m 1s
Rendered 1457/4500, time remaining: 1m 2s
Rendered 1458/4500, time remaining: 1m 0s
Rendered 1459/4500, time remaining: 1m 0s
Rendered 1460/4500, time remaining: 1m 0s
Rendered 1461/4500, time remaining: 59s
Rendered 1462/4500, time remaining: 1m 0s
Rendered 1463/4500, time remaining: 1m 0s
Rendered 1464/4500, time remaining: 1m 0s
Rendered 1465/4500, time remaining: 1m 0s
Rendered 1466/4500, time remaining: 1m 0s
Rendered 1467/4500, time remaining: 1m 0s
Rendered 1468/4500, time remaining: 1m 0s
Rendered 1469/4500, time remaining: 1m 0s
Rendered 1470/4500, time remaining: 1m 0s
Rendered 1471/4500, time remaining: 59s
Rendered 1472/4500, time remaining: 59s
Rendered 1473/4500, time remaining: 59s
Rendered 1474/4500, time remaining: 58s
Rendered 1475/4500, time remaining: 58s
Rendered 1476/4500, time remaining: 59s
Rendered 1477/4500, time remaining: 59s
Rendered 1478/4500, time remaining: 59s
Rendered 1479/4500, time remaining: 59s
Rendered 1480/4500, time remaining: 59s
Rendered 1481/4500, time remaining: 59s
Rendered 1482/4500, time remaining: 59s
Rendered 1483/4500, time remaining: 59s
Rendered 1484/4500, time remaining: 58s
Rendered 1485/4500, time remaining: 59s
Rendered 1485/4500, time remaining: 59s
Rendered 1486/4500, time remaining: 59s
Rendered 1487/4500, time remaining: 59s
Rendered 1488/4500, time remaining: 58s
Rendered 1489/4500, time remaining: 58s
Rendered 1490/4500, time remaining: 59s
Rendered 1491/4500, time remaining: 57s
Rendered 1492/4500, time remaining: 57s
Rendered 1493/4500, time remaining: 55s
Rendered 1494/4500, time remaining: 55s
Rendered 1495/4500, time remaining: 54s
Rendered 1496/4500, time remaining: 48s
Rendered 1497/4500, time remaining: 48s
Rendered 1498/4500, time remaining: 49s
Rendered 1499/4500, time remaining: 49s
Rendered 1500/4500, time remaining: 48s
Rendered 1501/4500, time remaining: 45s
Rendered 1502/4500, time remaining: 46s
Rendered 1503/4500, time remaining: 46s
Rendered 1504/4500, time remaining: 44s
Rendered 1505/4500, time remaining: 44s
Rendered 1506/4500, time remaining: 44s
Rendered 1507/4500, time remaining: 44s
Rendered 1508/4500, time remaining: 44s
Rendered 1509/4500, time remaining: 44s
Rendered 1510/4500, time remaining: 44s
Rendered 1511/4500, time remaining: 44s
Rendered 1512/4500, time remaining: 44s
Rendered 1513/4500, time remaining: 44s
Rendered 1514/4500, time remaining: 43s
Rendered 1515/4500, time remaining: 44s
Rendered 1516/4500, time remaining: 43s
Rendered 1517/4500, time remaining: 43s
Rendered 1517/4500, time remaining: 43s
Rendered 1518/4500, time remaining: 44s
Rendered 1519/4500, time remaining: 44s
Rendered 1520/4500, time remaining: 44s
Rendered 1521/4500, time remaining: 43s
Rendered 1522/4500, time remaining: 44s
Rendered 1523/4500, time remaining: 44s
Rendered 1524/4500, time remaining: 44s
Rendered 1525/4500, time remaining: 44s
Rendered 1526/4500, time remaining: 44s
Rendered 1527/4500, time remaining: 44s
Rendered 1528/4500, time remaining: 43s
Rendered 1529/4500, time remaining: 43s
Rendered 1530/4500, time remaining: 43s
Rendered 1531/4500, time remaining: 44s
Rendered 1532/4500, time remaining: 44s
Rendered 1533/4500, time remaining: 44s
Rendered 1534/4500, time remaining: 44s
Rendered 1535/4500, time remaining: 44s
Rendered 1536/4500, time remaining: 43s
Rendered 1537/4500, time remaining: 43s
Rendered 1538/4500, time remaining: 44s
Rendered 1539/4500, time remaining: 44s
Rendered 1540/4500, time remaining: 45s
Rendered 1541/4500, time remaining: 45s
Rendered 1542/4500, time remaining: 45s
Rendered 1543/4500, time remaining: 45s
Rendered 1544/4500, time remaining: 44s
Rendered 1545/4500, time remaining: 44s
Rendered 1546/4500, time remaining: 44s
Rendered 1547/4500, time remaining: 45s
Rendered 1548/4500, time remaining: 44s
Rendered 1548/4500, time remaining: 44s
Rendered 1549/4500, time remaining: 45s
Rendered 1550/4500, time remaining: 46s
Rendered 1551/4500, time remaining: 46s
Rendered 1552/4500, time remaining: 46s
Rendered 1553/4500, time remaining: 46s
Rendered 1554/4500, time remaining: 46s
Rendered 1555/4500, time remaining: 46s
Rendered 1556/4500, time remaining: 45s
Rendered 1557/4500, time remaining: 46s
Rendered 1558/4500, time remaining: 47s
Rendered 1559/4500, time remaining: 46s
Rendered 1560/4500, time remaining: 46s
Rendered 1561/4500, time remaining: 46s
Rendered 1562/4500, time remaining: 46s
Rendered 1563/4500, time remaining: 46s
Rendered 1564/4500, time remaining: 46s
Rendered 1565/4500, time remaining: 46s
Rendered 1566/4500, time remaining: 46s
Rendered 1567/4500, time remaining: 46s
Rendered 1568/4500, time remaining: 46s
Rendered 1569/4500, time remaining: 46s
Rendered 1570/4500, time remaining: 46s
Rendered 1571/4500, time remaining: 46s
Rendered 1572/4500, time remaining: 45s
Rendered 1573/4500, time remaining: 45s
Rendered 1574/4500, time remaining: 45s
Rendered 1575/4500, time remaining: 45s
Rendered 1576/4500, time remaining: 46s
Rendered 1577/4500, time remaining: 46s
Rendered 1578/4500, time remaining: 46s
Rendered 1579/4500, time remaining: 45s
Rendered 1580/4500, time remaining: 45s
Rendered 1581/4500, time remaining: 45s
Rendered 1582/4500, time remaining: 45s
Rendered 1583/4500, time remaining: 44s
Rendered 1583/4500, time remaining: 44s
Rendered 1584/4500, time remaining: 44s
Rendered 1585/4500, time remaining: 44s
Rendered 1586/4500, time remaining: 44s
Rendered 1587/4500, time remaining: 44s
Rendered 1588/4500, time remaining: 44s
Rendered 1589/4500, time remaining: 44s
Rendered 1590/4500, time remaining: 44s
Rendered 1591/4500, time remaining: 44s
Rendered 1592/4500, time remaining: 44s
Rendered 1593/4500, time remaining: 44s
Rendered 1594/4500, time remaining: 44s
Rendered 1595/4500, time remaining: 44s
Rendered 1596/4500, time remaining: 44s
Rendered 1597/4500, time remaining: 44s
Rendered 1598/4500, time remaining: 44s
Rendered 1599/4500, time remaining: 43s
Rendered 1600/4500, time remaining: 44s
Rendered 1601/4500, time remaining: 44s
Rendered 1602/4500, time remaining: 43s
Rendered 1603/4500, time remaining: 43s
Rendered 1604/4500, time remaining: 44s
Rendered 1605/4500, time remaining: 44s
Rendered 1606/4500, time remaining: 44s
Rendered 1607/4500, time remaining: 43s
Rendered 1608/4500, time remaining: 43s
Rendered 1609/4500, time remaining: 43s
Rendered 1610/4500, time remaining: 44s
Rendered 1611/4500, time remaining: 44s
Rendered 1612/4500, time remaining: 44s
Rendered 1613/4500, time remaining: 43s
Rendered 1614/4500, time remaining: 44s
Rendered 1615/4500, time remaining: 42s
Rendered 1616/4500, time remaining: 43s
Rendered 1617/4500, time remaining: 42s
Rendered 1618/4500, time remaining: 42s
Rendered 1619/4500, time remaining: 42s
Rendered 1620/4500, time remaining: 43s
Rendered 1620/4500, time remaining: 43s
Rendered 1621/4500, time remaining: 43s
Rendered 1622/4500, time remaining: 43s
Rendered 1623/4500, time remaining: 42s
Rendered 1624/4500, time remaining: 43s
Rendered 1625/4500, time remaining: 43s
Rendered 1626/4500, time remaining: 42s
Rendered 1627/4500, time remaining: 42s
Rendered 1628/4500, time remaining: 42s
Rendered 1629/4500, time remaining: 42s
Rendered 1630/4500, time remaining: 42s
Rendered 1631/4500, time remaining: 41s
Rendered 1632/4500, time remaining: 42s
Rendered 1633/4500, time remaining: 41s
Rendered 1634/4500, time remaining: 41s
Rendered 1635/4500, time remaining: 41s
Rendered 1636/4500, time remaining: 41s
Rendered 1637/4500, time remaining: 41s
Rendered 1638/4500, time remaining: 41s
Rendered 1639/4500, time remaining: 41s
Rendered 1640/4500, time remaining: 41s
Rendered 1641/4500, time remaining: 41s
Rendered 1642/4500, time remaining: 41s
Rendered 1643/4500, time remaining: 41s
Rendered 1644/4500, time remaining: 41s
Rendered 1645/4500, time remaining: 41s
Rendered 1646/4500, time remaining: 41s
Rendered 1647/4500, time remaining: 41s
Rendered 1648/4500, time remaining: 41s
Rendered 1649/4500, time remaining: 41s
Rendered 1650/4500, time remaining: 41s
Rendered 1651/4500, time remaining: 41s
Rendered 1652/4500, time remaining: 41s
Rendered 1653/4500, time remaining: 41s
Rendered 1654/4500, time remaining: 41s
Rendered 1655/4500, time remaining: 41s
Rendered 1656/4500, time remaining: 40s
Rendered 1657/4500, time remaining: 40s
Rendered 1657/4500, time remaining: 40s
Rendered 1658/4500, time remaining: 40s
Rendered 1659/4500, time remaining: 40s
Rendered 1660/4500, time remaining: 41s
Rendered 1661/4500, time remaining: 41s
Rendered 1662/4500, time remaining: 41s
Rendered 1663/4500, time remaining: 41s
Rendered 1664/4500, time remaining: 41s
Rendered 1665/4500, time remaining: 41s
Rendered 1666/4500, time remaining: 41s
Rendered 1667/4500, time remaining: 42s
Rendered 1668/4500, time remaining: 41s
Rendered 1669/4500, time remaining: 42s
Rendered 1670/4500, time remaining: 42s
Rendered 1671/4500, time remaining: 43s
Rendered 1672/4500, time remaining: 42s
Rendered 1673/4500, time remaining: 42s
Rendered 1674/4500, time remaining: 42s
Rendered 1675/4500, time remaining: 42s
Rendered 1676/4500, time remaining: 42s
Rendered 1677/4500, time remaining: 42s
Rendered 1678/4500, time remaining: 42s
Rendered 1679/4500, time remaining: 44s
Rendered 1680/4500, time remaining: 43s
Rendered 1681/4500, time remaining: 43s
Rendered 1682/4500, time remaining: 43s
Rendered 1682/4500, time remaining: 43s
Rendered 1683/4500, time remaining: 42s
Rendered 1684/4500, time remaining: 43s
Rendered 1685/4500, time remaining: 43s
Rendered 1686/4500, time remaining: 42s
Rendered 1687/4500, time remaining: 43s
Rendered 1688/4500, time remaining: 42s
Rendered 1689/4500, time remaining: 42s
Rendered 1690/4500, time remaining: 41s
Rendered 1691/4500, time remaining: 41s
Rendered 1692/4500, time remaining: 41s
Rendered 1693/4500, time remaining: 41s
Rendered 1694/4500, time remaining: 41s
Rendered 1695/4500, time remaining: 42s
Rendered 1696/4500, time remaining: 42s
Rendered 1697/4500, time remaining: 41s
Rendered 1698/4500, time remaining: 41s
Rendered 1699/4500, time remaining: 41s
Rendered 1700/4500, time remaining: 40s
Rendered 1701/4500, time remaining: 41s
Rendered 1702/4500, time remaining: 41s
Rendered 1703/4500, time remaining: 41s
Rendered 1704/4500, time remaining: 41s
Rendered 1705/4500, time remaining: 41s
Rendered 1706/4500, time remaining: 41s
Rendered 1707/4500, time remaining: 41s
Rendered 1708/4500, time remaining: 40s
Rendered 1709/4500, time remaining: 40s
Rendered 1710/4500, time remaining: 40s
Rendered 1711/4500, time remaining: 41s
Rendered 1712/4500, time remaining: 41s
Rendered 1713/4500, time remaining: 40s
Rendered 1714/4500, time remaining: 40s
Rendered 1715/4500, time remaining: 40s
Rendered 1715/4500, time remaining: 40s
Rendered 1716/4500, time remaining: 41s
Rendered 1717/4500, time remaining: 40s
Rendered 1718/4500, time remaining: 40s
Rendered 1719/4500, time remaining: 40s
Rendered 1720/4500, time remaining: 40s
Rendered 1721/4500, time remaining: 40s
Rendered 1722/4500, time remaining: 40s
Rendered 1723/4500, time remaining: 40s
Rendered 1724/4500, time remaining: 41s
Rendered 1725/4500, time remaining: 41s
Rendered 1726/4500, time remaining: 40s
Rendered 1727/4500, time remaining: 40s
Rendered 1728/4500, time remaining: 40s
Rendered 1729/4500, time remaining: 40s
Rendered 1730/4500, time remaining: 40s
Rendered 1731/4500, time remaining: 40s
Rendered 1732/4500, time remaining: 40s
Rendered 1733/4500, time remaining: 40s
Rendered 1734/4500, time remaining: 40s
Rendered 1735/4500, time remaining: 40s
Rendered 1736/4500, time remaining: 40s
Rendered 1737/4500, time remaining: 40s
Rendered 1738/4500, time remaining: 40s
Rendered 1739/4500, time remaining: 39s
Rendered 1740/4500, time remaining: 40s
Rendered 1741/4500, time remaining: 40s
Rendered 1742/4500, time remaining: 39s
Rendered 1743/4500, time remaining: 39s
Rendered 1744/4500, time remaining: 39s
Rendered 1745/4500, time remaining: 39s
Rendered 1746/4500, time remaining: 38s
Rendered 1747/4500, time remaining: 39s
Rendered 1748/4500, time remaining: 39s
Rendered 1749/4500, time remaining: 39s
Rendered 1750/4500, time remaining: 39s
Rendered 1751/4500, time remaining: 39s
Rendered 1752/4500, time remaining: 39s
Rendered 1753/4500, time remaining: 39s
Rendered 1754/4500, time remaining: 39s
Rendered 1755/4500, time remaining: 39s
Rendered 1756/4500, time remaining: 38s
Rendered 1757/4500, time remaining: 38s
Rendered 1758/4500, time remaining: 38s
Rendered 1759/4500, time remaining: 38s
Rendered 1760/4500, time remaining: 38s
Rendered 1761/4500, time remaining: 39s
Rendered 1762/4500, time remaining: 38s
Rendered 1762/4500, time remaining: 38s
Rendered 1763/4500, time remaining: 38s
Rendered 1764/4500, time remaining: 38s
Rendered 1765/4500, time remaining: 38s
Rendered 1766/4500, time remaining: 38s
Rendered 1767/4500, time remaining: 38s
Rendered 1768/4500, time remaining: 38s
Rendered 1769/4500, time remaining: 39s
Rendered 1770/4500, time remaining: 38s
Rendered 1771/4500, time remaining: 39s
Rendered 1772/4500, time remaining: 39s
Rendered 1773/4500, time remaining: 39s
Rendered 1774/4500, time remaining: 38s
Rendered 1775/4500, time remaining: 39s
Rendered 1776/4500, time remaining: 39s
Rendered 1777/4500, time remaining: 39s
Rendered 1778/4500, time remaining: 38s
Rendered 1779/4500, time remaining: 39s
Rendered 1780/4500, time remaining: 39s
Rendered 1781/4500, time remaining: 39s
Rendered 1782/4500, time remaining: 39s
Rendered 1783/4500, time remaining: 39s
Rendered 1784/4500, time remaining: 39s
Rendered 1785/4500, time remaining: 39s
Rendered 1786/4500, time remaining: 39s
Rendered 1787/4500, time remaining: 39s
Rendered 1788/4500, time remaining: 40s
Rendered 1789/4500, time remaining: 39s
Rendered 1790/4500, time remaining: 39s
Rendered 1791/4500, time remaining: 39s
Rendered 1792/4500, time remaining: 39s
Rendered 1793/4500, time remaining: 39s
Rendered 1794/4500, time remaining: 38s
Rendered 1795/4500, time remaining: 39s
Rendered 1796/4500, time remaining: 39s
Rendered 1797/4500, time remaining: 39s
Rendered 1797/4500, time remaining: 39s
Rendered 1798/4500, time remaining: 38s
Rendered 1799/4500, time remaining: 38s
Rendered 1800/4500, time remaining: 38s
Rendered 1801/4500, time remaining: 38s
Rendered 1802/4500, time remaining: 38s
Rendered 1803/4500, time remaining: 38s
Rendered 1804/4500, time remaining: 38s
Rendered 1805/4500, time remaining: 38s
Rendered 1806/4500, time remaining: 38s
Rendered 1807/4500, time remaining: 38s
Rendered 1808/4500, time remaining: 38s
Rendered 1809/4500, time remaining: 38s
Rendered 1810/4500, time remaining: 37s
Rendered 1811/4500, time remaining: 37s
Rendered 1812/4500, time remaining: 37s
Rendered 1813/4500, time remaining: 37s
Rendered 1814/4500, time remaining: 37s
Rendered 1815/4500, time remaining: 37s
Rendered 1816/4500, time remaining: 37s
Rendered 1817/4500, time remaining: 36s
Rendered 1818/4500, time remaining: 36s
Rendered 1819/4500, time remaining: 35s
Rendered 1820/4500, time remaining: 35s
Rendered 1821/4500, time remaining: 34s
Rendered 1822/4500, time remaining: 34s
Rendered 1823/4500, time remaining: 34s
Rendered 1824/4500, time remaining: 35s
Rendered 1825/4500, time remaining: 35s
Rendered 1826/4500, time remaining: 34s
Rendered 1827/4500, time remaining: 34s
Rendered 1828/4500, time remaining: 34s
Rendered 1829/4500, time remaining: 33s
Rendered 1830/4500, time remaining: 33s
Rendered 1831/4500, time remaining: 33s
Rendered 1832/4500, time remaining: 33s
Rendered 1833/4500, time remaining: 33s
Rendered 1834/4500, time remaining: 33s
Rendered 1835/4500, time remaining: 33s
Rendered 1836/4500, time remaining: 33s
Rendered 1837/4500, time remaining: 33s
Rendered 1838/4500, time remaining: 33s
Rendered 1839/4500, time remaining: 33s
Rendered 1840/4500, time remaining: 33s
Rendered 1841/4500, time remaining: 33s
Rendered 1842/4500, time remaining: 33s
Rendered 1843/4500, time remaining: 33s
Rendered 1843/4500, time remaining: 33s
Rendered 1844/4500, time remaining: 33s
Rendered 1845/4500, time remaining: 33s
Rendered 1846/4500, time remaining: 33s
Rendered 1847/4500, time remaining: 33s
Rendered 1848/4500, time remaining: 33s
Rendered 1849/4500, time remaining: 32s
Rendered 1850/4500, time remaining: 32s
Rendered 1851/4500, time remaining: 31s
Rendered 1852/4500, time remaining: 31s
Rendered 1853/4500, time remaining: 32s
Rendered 1854/4500, time remaining: 32s
Rendered 1855/4500, time remaining: 32s
Rendered 1856/4500, time remaining: 32s
Rendered 1857/4500, time remaining: 32s
Rendered 1858/4500, time remaining: 32s
Rendered 1859/4500, time remaining: 32s
Rendered 1860/4500, time remaining: 32s
Rendered 1861/4500, time remaining: 32s
Rendered 1862/4500, time remaining: 32s
Rendered 1863/4500, time remaining: 32s
Rendered 1864/4500, time remaining: 32s
Rendered 1865/4500, time remaining: 32s
Rendered 1866/4500, time remaining: 31s
Rendered 1867/4500, time remaining: 31s
Rendered 1868/4500, time remaining: 31s
Rendered 1869/4500, time remaining: 31s
Rendered 1870/4500, time remaining: 31s
Rendered 1871/4500, time remaining: 31s
Rendered 1872/4500, time remaining: 31s
Rendered 1873/4500, time remaining: 32s
Rendered 1874/4500, time remaining: 31s
Rendered 1875/4500, time remaining: 31s
Rendered 1876/4500, time remaining: 31s
Rendered 1877/4500, time remaining: 31s
Rendered 1878/4500, time remaining: 31s
Rendered 1879/4500, time remaining: 31s
Rendered 1880/4500, time remaining: 31s
Rendered 1881/4500, time remaining: 31s
Rendered 1882/4500, time remaining: 31s
Rendered 1883/4500, time remaining: 31s
Rendered 1884/4500, time remaining: 31s
Rendered 1884/4500, time remaining: 31s
Rendered 1885/4500, time remaining: 32s
Rendered 1886/4500, time remaining: 31s
Rendered 1887/4500, time remaining: 31s
Rendered 1888/4500, time remaining: 31s
Rendered 1889/4500, time remaining: 31s
Rendered 1890/4500, time remaining: 30s
Rendered 1891/4500, time remaining: 31s
Rendered 1892/4500, time remaining: 31s
Rendered 1893/4500, time remaining: 31s
Rendered 1894/4500, time remaining: 31s
Rendered 1895/4500, time remaining: 31s
Rendered 1896/4500, time remaining: 31s
Rendered 1897/4500, time remaining: 31s
Rendered 1898/4500, time remaining: 31s
Rendered 1899/4500, time remaining: 31s
Rendered 1900/4500, time remaining: 31s
Rendered 1901/4500, time remaining: 31s
Rendered 1902/4500, time remaining: 31s
Rendered 1903/4500, time remaining: 31s
Rendered 1904/4500, time remaining: 31s
Rendered 1905/4500, time remaining: 31s
Rendered 1906/4500, time remaining: 31s
Rendered 1907/4500, time remaining: 31s
Rendered 1908/4500, time remaining: 31s
Rendered 1909/4500, time remaining: 31s
Rendered 1910/4500, time remaining: 31s
Rendered 1911/4500, time remaining: 30s
Rendered 1912/4500, time remaining: 31s
Rendered 1913/4500, time remaining: 31s
Rendered 1914/4500, time remaining: 31s
Rendered 1915/4500, time remaining: 30s
Rendered 1916/4500, time remaining: 30s
Rendered 1917/4500, time remaining: 30s
Rendered 1918/4500, time remaining: 30s
Rendered 1919/4500, time remaining: 30s
Rendered 1920/4500, time remaining: 30s
Rendered 1921/4500, time remaining: 30s
Rendered 1922/4500, time remaining: 30s
Rendered 1923/4500, time remaining: 30s
Rendered 1924/4500, time remaining: 30s
Rendered 1925/4500, time remaining: 30s
Rendered 1926/4500, time remaining: 30s
Rendered 1927/4500, time remaining: 30s
Rendered 1928/4500, time remaining: 30s
Rendered 1929/4500, time remaining: 29s
Rendered 1930/4500, time remaining: 29s
Rendered 1931/4500, time remaining: 30s
Rendered 1932/4500, time remaining: 29s
Rendered 1933/4500, time remaining: 29s
Rendered 1933/4500, time remaining: 29s
Rendered 1934/4500, time remaining: 29s
Rendered 1935/4500, time remaining: 29s
Rendered 1936/4500, time remaining: 28s
Rendered 1937/4500, time remaining: 28s
Rendered 1938/4500, time remaining: 28s
Rendered 1939/4500, time remaining: 28s
Rendered 1940/4500, time remaining: 28s
Rendered 1941/4500, time remaining: 28s
Rendered 1942/4500, time remaining: 28s
Rendered 1943/4500, time remaining: 28s
Rendered 1944/4500, time remaining: 28s
Rendered 1945/4500, time remaining: 28s
Rendered 1946/4500, time remaining: 28s
Rendered 1947/4500, time remaining: 28s
Rendered 1948/4500, time remaining: 28s
Rendered 1949/4500, time remaining: 28s
Rendered 1950/4500, time remaining: 28s
Rendered 1951/4500, time remaining: 28s
Rendered 1952/4500, time remaining: 28s
Rendered 1953/4500, time remaining: 28s
Rendered 1954/4500, time remaining: 28s
Rendered 1955/4500, time remaining: 28s
Rendered 1956/4500, time remaining: 28s
Rendered 1957/4500, time remaining: 27s
Rendered 1958/4500, time remaining: 28s
Rendered 1959/4500, time remaining: 28s
Rendered 1960/4500, time remaining: 27s
Rendered 1961/4500, time remaining: 27s
Rendered 1962/4500, time remaining: 28s
Rendered 1963/4500, time remaining: 27s
Rendered 1964/4500, time remaining: 27s
Rendered 1965/4500, time remaining: 27s
Rendered 1966/4500, time remaining: 27s
Rendered 1967/4500, time remaining: 27s
Rendered 1968/4500, time remaining: 27s
Rendered 1969/4500, time remaining: 27s
Rendered 1970/4500, time remaining: 27s
Rendered 1971/4500, time remaining: 27s
Rendered 1972/4500, time remaining: 27s
Rendered 1973/4500, time remaining: 27s
Rendered 1974/4500, time remaining: 27s
Rendered 1975/4500, time remaining: 27s
Rendered 1976/4500, time remaining: 27s
Rendered 1977/4500, time remaining: 27s
Rendered 1978/4500, time remaining: 27s
Rendered 1979/4500, time remaining: 27s
Rendered 1980/4500, time remaining: 27s
Rendered 1981/4500, time remaining: 27s
Rendered 1982/4500, time remaining: 27s
Rendered 1983/4500, time remaining: 27s
Rendered 1983/4500, time remaining: 27s
Rendered 1984/4500, time remaining: 27s
Rendered 1985/4500, time remaining: 27s
Rendered 1986/4500, time remaining: 27s
Rendered 1987/4500, time remaining: 27s
Rendered 1988/4500, time remaining: 27s
Rendered 1989/4500, time remaining: 27s
Rendered 1990/4500, time remaining: 27s
Rendered 1991/4500, time remaining: 27s
Rendered 1992/4500, time remaining: 27s
Rendered 1993/4500, time remaining: 27s
Rendered 1994/4500, time remaining: 27s
Rendered 1995/4500, time remaining: 26s
Rendered 1996/4500, time remaining: 26s
Rendered 1997/4500, time remaining: 26s
Rendered 1998/4500, time remaining: 27s
Rendered 1999/4500, time remaining: 27s
Rendered 2000/4500, time remaining: 27s
Rendered 2001/4500, time remaining: 27s
Rendered 2002/4500, time remaining: 27s
Rendered 2003/4500, time remaining: 27s
Rendered 2004/4500, time remaining: 27s
Rendered 2005/4500, time remaining: 27s
Rendered 2006/4500, time remaining: 27s
Rendered 2007/4500, time remaining: 27s
Rendered 2008/4500, time remaining: 26s
Rendered 2009/4500, time remaining: 27s
Rendered 2010/4500, time remaining: 26s
Rendered 2011/4500, time remaining: 27s
Rendered 2012/4500, time remaining: 26s
Rendered 2013/4500, time remaining: 26s
Rendered 2014/4500, time remaining: 26s
Rendered 2015/4500, time remaining: 26s
Rendered 2016/4500, time remaining: 27s
Rendered 2017/4500, time remaining: 27s
Rendered 2018/4500, time remaining: 27s
Rendered 2019/4500, time remaining: 27s
Rendered 2020/4500, time remaining: 27s
Rendered 2021/4500, time remaining: 27s
Rendered 2022/4500, time remaining: 27s
Rendered 2023/4500, time remaining: 26s
Rendered 2023/4500, time remaining: 26s
Rendered 2024/4500, time remaining: 27s
Rendered 2025/4500, time remaining: 27s
Rendered 2026/4500, time remaining: 26s
Rendered 2027/4500, time remaining: 26s
Rendered 2028/4500, time remaining: 26s
Rendered 2029/4500, time remaining: 26s
Rendered 2030/4500, time remaining: 26s
Rendered 2031/4500, time remaining: 26s
Rendered 2032/4500, time remaining: 27s
Rendered 2033/4500, time remaining: 26s
Rendered 2034/4500, time remaining: 26s
Rendered 2035/4500, time remaining: 26s
Rendered 2036/4500, time remaining: 27s
Rendered 2037/4500, time remaining: 27s
Rendered 2038/4500, time remaining: 27s
Rendered 2039/4500, time remaining: 27s
Rendered 2040/4500, time remaining: 27s
Rendered 2041/4500, time remaining: 27s
Rendered 2042/4500, time remaining: 27s
Rendered 2043/4500, time remaining: 26s
Rendered 2044/4500, time remaining: 26s
Rendered 2045/4500, time remaining: 26s
Rendered 2046/4500, time remaining: 27s
Rendered 2047/4500, time remaining: 27s
Rendered 2048/4500, time remaining: 27s
Rendered 2049/4500, time remaining: 27s
Rendered 2050/4500, time remaining: 27s
Rendered 2051/4500, time remaining: 27s
Rendered 2052/4500, time remaining: 27s
Rendered 2053/4500, time remaining: 27s
Rendered 2054/4500, time remaining: 27s
Rendered 2055/4500, time remaining: 27s
Rendered 2056/4500, time remaining: 27s
Rendered 2057/4500, time remaining: 27s
Rendered 2058/4500, time remaining: 27s
Rendered 2059/4500, time remaining: 27s
Rendered 2060/4500, time remaining: 28s
Rendered 2061/4500, time remaining: 27s
Rendered 2061/4500, time remaining: 27s
Rendered 2062/4500, time remaining: 28s
Rendered 2063/4500, time remaining: 28s
Rendered 2064/4500, time remaining: 28s
Rendered 2065/4500, time remaining: 28s
Rendered 2066/4500, time remaining: 28s
Rendered 2067/4500, time remaining: 29s
Rendered 2068/4500, time remaining: 29s
Rendered 2069/4500, time remaining: 28s
Rendered 2070/4500, time remaining: 28s
Rendered 2071/4500, time remaining: 28s
Rendered 2072/4500, time remaining: 28s
Rendered 2073/4500, time remaining: 28s
Rendered 2074/4500, time remaining: 28s
Rendered 2075/4500, time remaining: 29s
Rendered 2076/4500, time remaining: 29s
Rendered 2077/4500, time remaining: 28s
Rendered 2078/4500, time remaining: 28s
Rendered 2079/4500, time remaining: 28s
Rendered 2080/4500, time remaining: 28s
Rendered 2081/4500, time remaining: 28s
Rendered 2082/4500, time remaining: 28s
Rendered 2083/4500, time remaining: 29s
Rendered 2084/4500, time remaining: 28s
Rendered 2085/4500, time remaining: 28s
Rendered 2086/4500, time remaining: 28s
Rendered 2087/4500, time remaining: 28s
Rendered 2088/4500, time remaining: 28s
Rendered 2089/4500, time remaining: 28s
Rendered 2090/4500, time remaining: 28s
Rendered 2091/4500, time remaining: 29s
Rendered 2092/4500, time remaining: 28s
Rendered 2093/4500, time remaining: 28s
Rendered 2094/4500, time remaining: 29s
Rendered 2095/4500, time remaining: 29s
Rendered 2096/4500, time remaining: 28s
Rendered 2097/4500, time remaining: 28s
Rendered 2098/4500, time remaining: 28s
Rendered 2099/4500, time remaining: 28s
Rendered 2100/4500, time remaining: 28s
Rendered 2101/4500, time remaining: 29s
Rendered 2101/4500, time remaining: 29s
Rendered 2102/4500, time remaining: 29s
Rendered 2103/4500, time remaining: 28s
Rendered 2104/4500, time remaining: 28s
Rendered 2105/4500, time remaining: 28s
Rendered 2106/4500, time remaining: 28s
Rendered 2107/4500, time remaining: 29s
Rendered 2108/4500, time remaining: 28s
Rendered 2109/4500, time remaining: 29s
Rendered 2110/4500, time remaining: 29s
Rendered 2111/4500, time remaining: 29s
Rendered 2112/4500, time remaining: 28s
Rendered 2113/4500, time remaining: 28s
Rendered 2114/4500, time remaining: 28s
Rendered 2115/4500, time remaining: 29s
Rendered 2116/4500, time remaining: 28s
Rendered 2117/4500, time remaining: 28s
Rendered 2118/4500, time remaining: 28s
Rendered 2119/4500, time remaining: 28s
Rendered 2120/4500, time remaining: 28s
Rendered 2121/4500, time remaining: 28s
Rendered 2122/4500, time remaining: 28s
Rendered 2123/4500, time remaining: 28s
Rendered 2124/4500, time remaining: 28s
Rendered 2125/4500, time remaining: 28s
Rendered 2126/4500, time remaining: 28s
Rendered 2127/4500, time remaining: 28s
Rendered 2128/4500, time remaining: 29s
Rendered 2129/4500, time remaining: 29s
Rendered 2130/4500, time remaining: 29s
Rendered 2131/4500, time remaining: 29s
Rendered 2132/4500, time remaining: 29s
Rendered 2133/4500, time remaining: 29s
Rendered 2134/4500, time remaining: 28s
Rendered 2135/4500, time remaining: 28s
Rendered 2136/4500, time remaining: 28s
Rendered 2137/4500, time remaining: 28s
Rendered 2138/4500, time remaining: 28s
Rendered 2139/4500, time remaining: 28s
Rendered 2140/4500, time remaining: 28s
Rendered 2141/4500, time remaining: 28s
Rendered 2142/4500, time remaining: 28s
Rendered 2143/4500, time remaining: 28s
Rendered 2144/4500, time remaining: 28s
Rendered 2145/4500, time remaining: 28s
Rendered 2145/4500, time remaining: 28s
Rendered 2146/4500, time remaining: 29s
Rendered 2147/4500, time remaining: 28s
Rendered 2148/4500, time remaining: 28s
Rendered 2149/4500, time remaining: 28s
Rendered 2150/4500, time remaining: 28s
Rendered 2151/4500, time remaining: 28s
Rendered 2152/4500, time remaining: 28s
Rendered 2153/4500, time remaining: 28s
Rendered 2154/4500, time remaining: 28s
Rendered 2155/4500, time remaining: 28s
Rendered 2156/4500, time remaining: 28s
Rendered 2157/4500, time remaining: 28s
Rendered 2158/4500, time remaining: 27s
Rendered 2159/4500, time remaining: 27s
Rendered 2160/4500, time remaining: 28s
Rendered 2161/4500, time remaining: 28s
Rendered 2162/4500, time remaining: 28s
Rendered 2163/4500, time remaining: 28s
Rendered 2164/4500, time remaining: 28s
Rendered 2165/4500, time remaining: 28s
Rendered 2166/4500, time remaining: 29s
Rendered 2167/4500, time remaining: 29s
Rendered 2168/4500, time remaining: 29s
Rendered 2169/4500, time remaining: 28s
Rendered 2170/4500, time remaining: 29s
Rendered 2171/4500, time remaining: 29s
Rendered 2172/4500, time remaining: 29s
Rendered 2173/4500, time remaining: 29s
Rendered 2174/4500, time remaining: 29s
Rendered 2175/4500, time remaining: 29s
Rendered 2176/4500, time remaining: 29s
Rendered 2177/4500, time remaining: 29s
Rendered 2178/4500, time remaining: 29s
Rendered 2179/4500, time remaining: 29s
Rendered 2180/4500, time remaining: 29s
Rendered 2181/4500, time remaining: 29s
Rendered 2182/4500, time remaining: 29s
Rendered 2182/4500, time remaining: 29s
Rendered 2183/4500, time remaining: 30s
Rendered 2184/4500, time remaining: 30s
Rendered 2185/4500, time remaining: 29s
Rendered 2186/4500, time remaining: 29s
Rendered 2187/4500, time remaining: 29s
Rendered 2188/4500, time remaining: 29s
Rendered 2189/4500, time remaining: 29s
Rendered 2190/4500, time remaining: 29s
Rendered 2191/4500, time remaining: 29s
Rendered 2192/4500, time remaining: 29s
Rendered 2193/4500, time remaining: 29s
Rendered 2194/4500, time remaining: 29s
Rendered 2195/4500, time remaining: 29s
Rendered 2196/4500, time remaining: 29s
Rendered 2197/4500, time remaining: 29s
Rendered 2198/4500, time remaining: 28s
Rendered 2199/4500, time remaining: 29s
Rendered 2200/4500, time remaining: 29s
Rendered 2201/4500, time remaining: 28s
Rendered 2202/4500, time remaining: 28s
Rendered 2203/4500, time remaining: 28s
Rendered 2204/4500, time remaining: 28s
Rendered 2205/4500, time remaining: 28s
Rendered 2206/4500, time remaining: 28s
Rendered 2207/4500, time remaining: 29s
Rendered 2208/4500, time remaining: 29s
Rendered 2209/4500, time remaining: 28s
Rendered 2210/4500, time remaining: 28s
Rendered 2211/4500, time remaining: 28s
Rendered 2212/4500, time remaining: 27s
Rendered 2213/4500, time remaining: 27s
Rendered 2214/4500, time remaining: 27s
Rendered 2215/4500, time remaining: 27s
Rendered 2216/4500, time remaining: 28s
Rendered 2217/4500, time remaining: 27s
Rendered 2218/4500, time remaining: 27s
Rendered 2219/4500, time remaining: 27s
Rendered 2220/4500, time remaining: 27s
Rendered 2221/4500, time remaining: 27s
Rendered 2222/4500, time remaining: 27s
Rendered 2223/4500, time remaining: 27s
Rendered 2224/4500, time remaining: 28s
Rendered 2225/4500, time remaining: 27s
Rendered 2225/4500, time remaining: 27s
Rendered 2226/4500, time remaining: 27s
Rendered 2227/4500, time remaining: 27s
Rendered 2228/4500, time remaining: 27s
Rendered 2229/4500, time remaining: 27s
Rendered 2230/4500, time remaining: 27s
Rendered 2231/4500, time remaining: 27s
Rendered 2232/4500, time remaining: 27s
Rendered 2233/4500, time remaining: 27s
Rendered 2234/4500, time remaining: 27s
Rendered 2235/4500, time remaining: 27s
Rendered 2236/4500, time remaining: 27s
Rendered 2237/4500, time remaining: 27s
Rendered 2238/4500, time remaining: 27s
Rendered 2239/4500, time remaining: 27s
Rendered 2240/4500, time remaining: 27s
Rendered 2241/4500, time remaining: 27s
Rendered 2242/4500, time remaining: 27s
Rendered 2243/4500, time remaining: 27s
Rendered 2244/4500, time remaining: 26s
Rendered 2245/4500, time remaining: 26s
Rendered 2246/4500, time remaining: 26s
Rendered 2247/4500, time remaining: 27s
Rendered 2248/4500, time remaining: 27s
Rendered 2249/4500, time remaining: 27s
Rendered 2250/4500, time remaining: 26s
Rendered 2251/4500, time remaining: 26s
Rendered 2252/4500, time remaining: 26s
Rendered 2253/4500, time remaining: 26s
Rendered 2254/4500, time remaining: 27s
Rendered 2255/4500, time remaining: 26s
Rendered 2256/4500, time remaining: 27s
Rendered 2257/4500, time remaining: 26s
Rendered 2258/4500, time remaining: 26s
Rendered 2259/4500, time remaining: 26s
Rendered 2260/4500, time remaining: 26s
Rendered 2261/4500, time remaining: 26s
Rendered 2262/4500, time remaining: 26s
Rendered 2263/4500, time remaining: 26s
Rendered 2264/4500, time remaining: 26s
Rendered 2265/4500, time remaining: 26s
Rendered 2266/4500, time remaining: 26s
Rendered 2267/4500, time remaining: 26s
Rendered 2268/4500, time remaining: 26s
Rendered 2269/4500, time remaining: 26s
Rendered 2270/4500, time remaining: 26s
Rendered 2271/4500, time remaining: 27s
Rendered 2272/4500, time remaining: 26s
Rendered 2273/4500, time remaining: 26s
Rendered 2273/4500, time remaining: 26s
Rendered 2274/4500, time remaining: 27s
Rendered 2275/4500, time remaining: 27s
Rendered 2276/4500, time remaining: 27s
Rendered 2277/4500, time remaining: 26s
Rendered 2278/4500, time remaining: 26s
Rendered 2279/4500, time remaining: 26s
Rendered 2280/4500, time remaining: 26s
Rendered 2281/4500, time remaining: 26s
Rendered 2282/4500, time remaining: 26s
Rendered 2283/4500, time remaining: 26s
Rendered 2284/4500, time remaining: 26s
Rendered 2285/4500, time remaining: 26s
Rendered 2286/4500, time remaining: 26s
Rendered 2287/4500, time remaining: 26s
Rendered 2288/4500, time remaining: 26s
Rendered 2289/4500, time remaining: 26s
Rendered 2290/4500, time remaining: 26s
Rendered 2291/4500, time remaining: 26s
Rendered 2292/4500, time remaining: 26s
Rendered 2293/4500, time remaining: 26s
Rendered 2294/4500, time remaining: 26s
Rendered 2295/4500, time remaining: 26s
Rendered 2296/4500, time remaining: 25s
Rendered 2297/4500, time remaining: 26s
Rendered 2298/4500, time remaining: 26s
Rendered 2299/4500, time remaining: 26s
Rendered 2300/4500, time remaining: 25s
Rendered 2301/4500, time remaining: 25s
Rendered 2302/4500, time remaining: 25s
Rendered 2303/4500, time remaining: 25s
Rendered 2304/4500, time remaining: 26s
Rendered 2305/4500, time remaining: 26s
Rendered 2306/4500, time remaining: 26s
Rendered 2307/4500, time remaining: 25s
Rendered 2308/4500, time remaining: 25s
Rendered 2309/4500, time remaining: 25s
Rendered 2310/4500, time remaining: 25s
Rendered 2311/4500, time remaining: 25s
Rendered 2312/4500, time remaining: 25s
Rendered 2313/4500, time remaining: 25s
Rendered 2314/4500, time remaining: 25s
Rendered 2315/4500, time remaining: 25s
Rendered 2316/4500, time remaining: 23s
Rendered 2317/4500, time remaining: 23s
Rendered 2318/4500, time remaining: 24s
Rendered 2319/4500, time remaining: 24s
Rendered 2319/4500, time remaining: 24s
Rendered 2320/4500, time remaining: 24s
Rendered 2321/4500, time remaining: 23s
Rendered 2322/4500, time remaining: 23s
Rendered 2323/4500, time remaining: 23s
Rendered 2324/4500, time remaining: 23s
Rendered 2325/4500, time remaining: 23s
Rendered 2326/4500, time remaining: 23s
Rendered 2327/4500, time remaining: 23s
Rendered 2328/4500, time remaining: 23s
Rendered 2329/4500, time remaining: 23s
Rendered 2330/4500, time remaining: 24s
Rendered 2331/4500, time remaining: 23s
Rendered 2332/4500, time remaining: 23s
Rendered 2333/4500, time remaining: 23s
Rendered 2334/4500, time remaining: 23s
Rendered 2335/4500, time remaining: 23s
Rendered 2336/4500, time remaining: 23s
Rendered 2337/4500, time remaining: 22s
Rendered 2338/4500, time remaining: 23s
Rendered 2339/4500, time remaining: 23s
Rendered 2340/4500, time remaining: 23s
Rendered 2341/4500, time remaining: 23s
Rendered 2342/4500, time remaining: 23s
Rendered 2343/4500, time remaining: 23s
Rendered 2344/4500, time remaining: 22s
Rendered 2345/4500, time remaining: 22s
Rendered 2346/4500, time remaining: 22s
Rendered 2347/4500, time remaining: 22s
Rendered 2348/4500, time remaining: 23s
Rendered 2349/4500, time remaining: 23s
Rendered 2350/4500, time remaining: 23s
Rendered 2351/4500, time remaining: 23s
Rendered 2352/4500, time remaining: 23s
Rendered 2353/4500, time remaining: 23s
Rendered 2354/4500, time remaining: 23s
Rendered 2355/4500, time remaining: 23s
Rendered 2356/4500, time remaining: 23s
Rendered 2357/4500, time remaining: 23s
Rendered 2358/4500, time remaining: 23s
Rendered 2359/4500, time remaining: 23s
Rendered 2360/4500, time remaining: 23s
Rendered 2361/4500, time remaining: 23s
Rendered 2362/4500, time remaining: 23s
Rendered 2363/4500, time remaining: 23s
Rendered 2364/4500, time remaining: 23s
Rendered 2364/4500, time remaining: 23s
Rendered 2365/4500, time remaining: 23s
Rendered 2366/4500, time remaining: 23s
Rendered 2367/4500, time remaining: 23s
Rendered 2368/4500, time remaining: 23s
Rendered 2369/4500, time remaining: 23s
Rendered 2370/4500, time remaining: 23s
Rendered 2371/4500, time remaining: 23s
Rendered 2372/4500, time remaining: 23s
Rendered 2373/4500, time remaining: 23s
Rendered 2374/4500, time remaining: 23s
Rendered 2375/4500, time remaining: 22s
Rendered 2376/4500, time remaining: 22s
Rendered 2377/4500, time remaining: 22s
Rendered 2378/4500, time remaining: 22s
Rendered 2379/4500, time remaining: 23s
Rendered 2380/4500, time remaining: 23s
Rendered 2381/4500, time remaining: 23s
Rendered 2382/4500, time remaining: 23s
Rendered 2383/4500, time remaining: 23s
Rendered 2384/4500, time remaining: 22s
Rendered 2385/4500, time remaining: 22s
Rendered 2386/4500, time remaining: 23s
Rendered 2387/4500, time remaining: 23s
Rendered 2388/4500, time remaining: 23s
Rendered 2389/4500, time remaining: 23s
Rendered 2390/4500, time remaining: 23s
Rendered 2391/4500, time remaining: 23s
Rendered 2392/4500, time remaining: 23s
Rendered 2393/4500, time remaining: 23s
Rendered 2394/4500, time remaining: 23s
Rendered 2395/4500, time remaining: 23s
Rendered 2396/4500, time remaining: 22s
Rendered 2397/4500, time remaining: 23s
Rendered 2398/4500, time remaining: 23s
Rendered 2399/4500, time remaining: 22s
Rendered 2400/4500, time remaining: 23s
Rendered 2401/4500, time remaining: 23s
Rendered 2402/4500, time remaining: 23s
Rendered 2403/4500, time remaining: 23s
Rendered 2404/4500, time remaining: 22s
Rendered 2405/4500, time remaining: 23s
Rendered 2406/4500, time remaining: 23s
Rendered 2407/4500, time remaining: 22s
Rendered 2408/4500, time remaining: 22s
Rendered 2409/4500, time remaining: 22s
Rendered 2409/4500, time remaining: 22s
Rendered 2410/4500, time remaining: 23s
Rendered 2411/4500, time remaining: 23s
Rendered 2412/4500, time remaining: 22s
Rendered 2413/4500, time remaining: 22s
Rendered 2414/4500, time remaining: 22s
Rendered 2415/4500, time remaining: 22s
Rendered 2416/4500, time remaining: 22s
Rendered 2417/4500, time remaining: 22s
Rendered 2418/4500, time remaining: 22s
Rendered 2419/4500, time remaining: 22s
Rendered 2420/4500, time remaining: 22s
Rendered 2421/4500, time remaining: 22s
Rendered 2422/4500, time remaining: 22s
Rendered 2423/4500, time remaining: 22s
Rendered 2424/4500, time remaining: 22s
Rendered 2425/4500, time remaining: 22s
Rendered 2426/4500, time remaining: 23s
Rendered 2427/4500, time remaining: 23s
Rendered 2428/4500, time remaining: 23s
Rendered 2429/4500, time remaining: 23s
Rendered 2430/4500, time remaining: 23s
Rendered 2431/4500, time remaining: 23s
Rendered 2432/4500, time remaining: 23s
Rendered 2433/4500, time remaining: 23s
Rendered 2434/4500, time remaining: 23s
Rendered 2435/4500, time remaining: 23s
Rendered 2436/4500, time remaining: 23s
Rendered 2437/4500, time remaining: 23s
Rendered 2438/4500, time remaining: 23s
Rendered 2439/4500, time remaining: 23s
Rendered 2440/4500, time remaining: 22s
Rendered 2441/4500, time remaining: 22s
Rendered 2442/4500, time remaining: 23s
Rendered 2443/4500, time remaining: 23s
Rendered 2444/4500, time remaining: 23s
Rendered 2445/4500, time remaining: 23s
Rendered 2446/4500, time remaining: 23s
Rendered 2447/4500, time remaining: 23s
Rendered 2448/4500, time remaining: 22s
Rendered 2449/4500, time remaining: 23s
Rendered 2450/4500, time remaining: 23s
Rendered 2450/4500, time remaining: 23s
Rendered 2451/4500, time remaining: 23s
Rendered 2452/4500, time remaining: 24s
Rendered 2453/4500, time remaining: 23s
Rendered 2454/4500, time remaining: 23s
Rendered 2455/4500, time remaining: 23s
Rendered 2456/4500, time remaining: 23s
Rendered 2457/4500, time remaining: 23s
Rendered 2458/4500, time remaining: 23s
Rendered 2459/4500, time remaining: 23s
Rendered 2460/4500, time remaining: 23s
Rendered 2461/4500, time remaining: 23s
Rendered 2462/4500, time remaining: 23s
Rendered 2463/4500, time remaining: 23s
Rendered 2464/4500, time remaining: 23s
Rendered 2465/4500, time remaining: 23s
Rendered 2466/4500, time remaining: 23s
Rendered 2467/4500, time remaining: 23s
Rendered 2468/4500, time remaining: 23s
Rendered 2469/4500, time remaining: 23s
Rendered 2470/4500, time remaining: 23s
Rendered 2471/4500, time remaining: 23s
Rendered 2472/4500, time remaining: 23s
Rendered 2473/4500, time remaining: 23s
Rendered 2474/4500, time remaining: 23s
Rendered 2475/4500, time remaining: 23s
Rendered 2476/4500, time remaining: 23s
Rendered 2477/4500, time remaining: 23s
Rendered 2478/4500, time remaining: 23s
Rendered 2479/4500, time remaining: 23s
Rendered 2480/4500, time remaining: 22s
Rendered 2481/4500, time remaining: 23s
Rendered 2482/4500, time remaining: 23s
Rendered 2483/4500, time remaining: 23s
Rendered 2484/4500, time remaining: 23s
Rendered 2485/4500, time remaining: 23s
Rendered 2486/4500, time remaining: 23s
Rendered 2487/4500, time remaining: 23s
Rendered 2488/4500, time remaining: 23s
Rendered 2489/4500, time remaining: 23s
Rendered 2490/4500, time remaining: 23s
Rendered 2491/4500, time remaining: 23s
Rendered 2492/4500, time remaining: 22s
Rendered 2493/4500, time remaining: 23s
Rendered 2494/4500, time remaining: 23s
Rendered 2495/4500, time remaining: 23s
Rendered 2496/4500, time remaining: 23s
Rendered 2497/4500, time remaining: 24s
Rendered 2498/4500, time remaining: 23s
Rendered 2499/4500, time remaining: 23s
Rendered 2499/4500, time remaining: 23s
Rendered 2500/4500, time remaining: 23s
Rendered 2501/4500, time remaining: 23s
Rendered 2502/4500, time remaining: 23s
Rendered 2503/4500, time remaining: 23s
Rendered 2504/4500, time remaining: 23s
Rendered 2505/4500, time remaining: 23s
Rendered 2506/4500, time remaining: 23s
Rendered 2507/4500, time remaining: 23s
Rendered 2508/4500, time remaining: 23s
Rendered 2509/4500, time remaining: 23s
Rendered 2510/4500, time remaining: 23s
Rendered 2511/4500, time remaining: 23s
Rendered 2512/4500, time remaining: 23s
Rendered 2513/4500, time remaining: 23s
Rendered 2514/4500, time remaining: 23s
Rendered 2515/4500, time remaining: 23s
Rendered 2516/4500, time remaining: 23s
Rendered 2517/4500, time remaining: 23s
Rendered 2518/4500, time remaining: 23s
Rendered 2519/4500, time remaining: 23s
Rendered 2520/4500, time remaining: 23s
Rendered 2521/4500, time remaining: 23s
Rendered 2522/4500, time remaining: 22s
Rendered 2523/4500, time remaining: 22s
Rendered 2524/4500, time remaining: 23s
Rendered 2525/4500, time remaining: 23s
Rendered 2526/4500, time remaining: 23s
Rendered 2527/4500, time remaining: 23s
Rendered 2528/4500, time remaining: 23s
Rendered 2529/4500, time remaining: 23s
Rendered 2530/4500, time remaining: 23s
Rendered 2531/4500, time remaining: 23s
Rendered 2532/4500, time remaining: 23s
Rendered 2533/4500, time remaining: 23s
Rendered 2534/4500, time remaining: 23s
Rendered 2534/4500, time remaining: 23s
Rendered 2535/4500, time remaining: 23s
Rendered 2536/4500, time remaining: 23s
Rendered 2537/4500, time remaining: 23s
Rendered 2538/4500, time remaining: 22s
Rendered 2539/4500, time remaining: 22s
Rendered 2540/4500, time remaining: 22s
Rendered 2541/4500, time remaining: 22s
Rendered 2542/4500, time remaining: 23s
Rendered 2543/4500, time remaining: 23s
Rendered 2544/4500, time remaining: 22s
Rendered 2545/4500, time remaining: 22s
Rendered 2546/4500, time remaining: 22s
Rendered 2547/4500, time remaining: 22s
Rendered 2548/4500, time remaining: 22s
Rendered 2549/4500, time remaining: 23s
Rendered 2550/4500, time remaining: 22s
Rendered 2551/4500, time remaining: 23s
Rendered 2552/4500, time remaining: 22s
Rendered 2553/4500, time remaining: 23s
Rendered 2554/4500, time remaining: 23s
Rendered 2555/4500, time remaining: 22s
Rendered 2556/4500, time remaining: 23s
Rendered 2557/4500, time remaining: 23s
Rendered 2558/4500, time remaining: 23s
Rendered 2559/4500, time remaining: 23s
Rendered 2560/4500, time remaining: 22s
Rendered 2561/4500, time remaining: 23s
Rendered 2562/4500, time remaining: 23s
Rendered 2563/4500, time remaining: 23s
Rendered 2564/4500, time remaining: 23s
Rendered 2565/4500, time remaining: 23s
Rendered 2566/4500, time remaining: 23s
Rendered 2567/4500, time remaining: 23s
Rendered 2568/4500, time remaining: 23s
Rendered 2569/4500, time remaining: 23s
Rendered 2570/4500, time remaining: 23s
Rendered 2571/4500, time remaining: 23s
Rendered 2572/4500, time remaining: 23s
Rendered 2573/4500, time remaining: 23s
Rendered 2574/4500, time remaining: 23s
Rendered 2575/4500, time remaining: 23s
Rendered 2576/4500, time remaining: 22s
Rendered 2577/4500, time remaining: 22s
Rendered 2578/4500, time remaining: 22s
Rendered 2579/4500, time remaining: 22s
Rendered 2579/4500, time remaining: 22s
Rendered 2580/4500, time remaining: 22s
Rendered 2581/4500, time remaining: 22s
Rendered 2582/4500, time remaining: 22s
Rendered 2583/4500, time remaining: 22s
Rendered 2584/4500, time remaining: 22s
Rendered 2585/4500, time remaining: 22s
Rendered 2586/4500, time remaining: 22s
Rendered 2587/4500, time remaining: 22s
Rendered 2588/4500, time remaining: 22s
Rendered 2589/4500, time remaining: 22s
Rendered 2590/4500, time remaining: 22s
Rendered 2591/4500, time remaining: 22s
Rendered 2592/4500, time remaining: 21s
Rendered 2593/4500, time remaining: 21s
Rendered 2594/4500, time remaining: 21s
Rendered 2595/4500, time remaining: 22s
Rendered 2596/4500, time remaining: 22s
Rendered 2597/4500, time remaining: 22s
Rendered 2598/4500, time remaining: 22s
Rendered 2599/4500, time remaining: 21s
Rendered 2600/4500, time remaining: 21s
Rendered 2601/4500, time remaining: 21s
Rendered 2602/4500, time remaining: 21s
Rendered 2603/4500, time remaining: 21s
Rendered 2604/4500, time remaining: 21s
Rendered 2605/4500, time remaining: 21s
Rendered 2606/4500, time remaining: 21s
Rendered 2607/4500, time remaining: 21s
Rendered 2608/4500, time remaining: 21s
Rendered 2609/4500, time remaining: 21s
Rendered 2610/4500, time remaining: 21s
Rendered 2611/4500, time remaining: 21s
Rendered 2612/4500, time remaining: 21s
Rendered 2613/4500, time remaining: 21s
Rendered 2614/4500, time remaining: 21s
Rendered 2615/4500, time remaining: 21s
Rendered 2616/4500, time remaining: 21s
Rendered 2617/4500, time remaining: 21s
Rendered 2618/4500, time remaining: 21s
Rendered 2619/4500, time remaining: 21s
Rendered 2620/4500, time remaining: 21s
Rendered 2621/4500, time remaining: 21s
Rendered 2622/4500, time remaining: 21s
Rendered 2623/4500, time remaining: 21s
Rendered 2624/4500, time remaining: 21s
Rendered 2625/4500, time remaining: 21s
Rendered 2626/4500, time remaining: 21s
Rendered 2627/4500, time remaining: 21s
Rendered 2627/4500, time remaining: 21s
Rendered 2628/4500, time remaining: 21s
Rendered 2629/4500, time remaining: 21s
Rendered 2630/4500, time remaining: 21s
Rendered 2631/4500, time remaining: 21s
Rendered 2632/4500, time remaining: 21s
Rendered 2633/4500, time remaining: 21s
Rendered 2634/4500, time remaining: 22s
Rendered 2635/4500, time remaining: 21s
Rendered 2636/4500, time remaining: 21s
Rendered 2637/4500, time remaining: 21s
Rendered 2638/4500, time remaining: 21s
Rendered 2639/4500, time remaining: 21s
Rendered 2640/4500, time remaining: 21s
Rendered 2641/4500, time remaining: 22s
Rendered 2642/4500, time remaining: 22s
Rendered 2643/4500, time remaining: 22s
Rendered 2644/4500, time remaining: 22s
Rendered 2645/4500, time remaining: 22s
Rendered 2646/4500, time remaining: 22s
Rendered 2647/4500, time remaining: 21s
Rendered 2648/4500, time remaining: 22s
Rendered 2649/4500, time remaining: 22s
Rendered 2650/4500, time remaining: 22s
Rendered 2651/4500, time remaining: 21s
Rendered 2652/4500, time remaining: 21s
Rendered 2653/4500, time remaining: 21s
Rendered 2654/4500, time remaining: 21s
Rendered 2655/4500, time remaining: 21s
Rendered 2656/4500, time remaining: 21s
Rendered 2657/4500, time remaining: 21s
Rendered 2658/4500, time remaining: 21s
Rendered 2659/4500, time remaining: 21s
Rendered 2660/4500, time remaining: 21s
Rendered 2661/4500, time remaining: 21s
Rendered 2662/4500, time remaining: 21s
Rendered 2663/4500, time remaining: 21s
Rendered 2664/4500, time remaining: 21s
Rendered 2665/4500, time remaining: 21s
Rendered 2665/4500, time remaining: 21s
Rendered 2666/4500, time remaining: 21s
Rendered 2667/4500, time remaining: 21s
Rendered 2668/4500, time remaining: 21s
Rendered 2669/4500, time remaining: 21s
Rendered 2670/4500, time remaining: 21s
Rendered 2671/4500, time remaining: 21s
Rendered 2672/4500, time remaining: 21s
Rendered 2673/4500, time remaining: 21s
Rendered 2674/4500, time remaining: 21s
Rendered 2675/4500, time remaining: 21s
Rendered 2676/4500, time remaining: 21s
Rendered 2677/4500, time remaining: 21s
Rendered 2678/4500, time remaining: 21s
Rendered 2679/4500, time remaining: 21s
Rendered 2680/4500, time remaining: 21s
Rendered 2681/4500, time remaining: 21s
Rendered 2682/4500, time remaining: 22s
Rendered 2683/4500, time remaining: 22s
Rendered 2684/4500, time remaining: 21s
Rendered 2685/4500, time remaining: 21s
Rendered 2686/4500, time remaining: 21s
Rendered 2687/4500, time remaining: 22s
Rendered 2688/4500, time remaining: 22s
Rendered 2689/4500, time remaining: 22s
Rendered 2690/4500, time remaining: 22s
Rendered 2691/4500, time remaining: 22s
Rendered 2692/4500, time remaining: 22s
Rendered 2693/4500, time remaining: 22s
Rendered 2694/4500, time remaining: 22s
Rendered 2695/4500, time remaining: 22s
Rendered 2696/4500, time remaining: 22s
Rendered 2697/4500, time remaining: 22s
Rendered 2698/4500, time remaining: 22s
Rendered 2699/4500, time remaining: 21s
Rendered 2700/4500, time remaining: 21s
Rendered 2701/4500, time remaining: 21s
Rendered 2701/4500, time remaining: 21s
Rendered 2702/4500, time remaining: 22s
Rendered 2703/4500, time remaining: 22s
Rendered 2704/4500, time remaining: 22s
Rendered 2705/4500, time remaining: 22s
Rendered 2706/4500, time remaining: 22s
Rendered 2707/4500, time remaining: 22s
Rendered 2708/4500, time remaining: 22s
Rendered 2709/4500, time remaining: 22s
Rendered 2710/4500, time remaining: 23s
Rendered 2711/4500, time remaining: 22s
Rendered 2712/4500, time remaining: 22s
Rendered 2713/4500, time remaining: 22s
Rendered 2714/4500, time remaining: 23s
Rendered 2715/4500, time remaining: 22s
Rendered 2716/4500, time remaining: 23s
Rendered 2717/4500, time remaining: 23s
Rendered 2718/4500, time remaining: 23s
Rendered 2719/4500, time remaining: 23s
Rendered 2720/4500, time remaining: 23s
Rendered 2721/4500, time remaining: 23s
Rendered 2722/4500, time remaining: 23s
Rendered 2723/4500, time remaining: 23s
Rendered 2724/4500, time remaining: 23s
Rendered 2725/4500, time remaining: 23s
Rendered 2726/4500, time remaining: 24s
Rendered 2727/4500, time remaining: 23s
Rendered 2728/4500, time remaining: 23s
Rendered 2729/4500, time remaining: 23s
Rendered 2730/4500, time remaining: 23s
Rendered 2731/4500, time remaining: 23s
Rendered 2731/4500, time remaining: 23s
Rendered 2732/4500, time remaining: 23s
Rendered 2733/4500, time remaining: 23s
Rendered 2734/4500, time remaining: 23s
Rendered 2735/4500, time remaining: 24s
Rendered 2736/4500, time remaining: 23s
Rendered 2737/4500, time remaining: 23s
Rendered 2738/4500, time remaining: 23s
Rendered 2739/4500, time remaining: 23s
Rendered 2740/4500, time remaining: 24s
Rendered 2741/4500, time remaining: 24s
Rendered 2742/4500, time remaining: 24s
Rendered 2743/4500, time remaining: 24s
Rendered 2744/4500, time remaining: 24s
Rendered 2745/4500, time remaining: 24s
Rendered 2746/4500, time remaining: 24s
Rendered 2747/4500, time remaining: 24s
Rendered 2748/4500, time remaining: 24s
Rendered 2749/4500, time remaining: 24s
Rendered 2750/4500, time remaining: 25s
Rendered 2751/4500, time remaining: 24s
Rendered 2752/4500, time remaining: 25s
Rendered 2753/4500, time remaining: 24s
Rendered 2754/4500, time remaining: 24s
Rendered 2755/4500, time remaining: 24s
Rendered 2756/4500, time remaining: 25s
Rendered 2757/4500, time remaining: 25s
Rendered 2758/4500, time remaining: 25s
Rendered 2759/4500, time remaining: 25s
Rendered 2760/4500, time remaining: 25s
Rendered 2761/4500, time remaining: 24s
Rendered 2762/4500, time remaining: 25s
Rendered 2763/4500, time remaining: 24s
Rendered 2764/4500, time remaining: 24s
Rendered 2765/4500, time remaining: 24s
Rendered 2765/4500, time remaining: 24s
Rendered 2766/4500, time remaining: 24s
Rendered 2767/4500, time remaining: 24s
Rendered 2768/4500, time remaining: 25s
Rendered 2769/4500, time remaining: 24s
Rendered 2770/4500, time remaining: 24s
Rendered 2771/4500, time remaining: 24s
Rendered 2772/4500, time remaining: 25s
Rendered 2773/4500, time remaining: 25s
Rendered 2774/4500, time remaining: 25s
Rendered 2775/4500, time remaining: 25s
Rendered 2776/4500, time remaining: 24s
Rendered 2777/4500, time remaining: 25s
Rendered 2778/4500, time remaining: 25s
Rendered 2779/4500, time remaining: 25s
Rendered 2780/4500, time remaining: 25s
Rendered 2781/4500, time remaining: 25s
Rendered 2782/4500, time remaining: 25s
Rendered 2783/4500, time remaining: 25s
Rendered 2784/4500, time remaining: 24s
Rendered 2785/4500, time remaining: 24s
Rendered 2786/4500, time remaining: 24s
Rendered 2787/4500, time remaining: 25s
Rendered 2788/4500, time remaining: 24s
Rendered 2789/4500, time remaining: 25s
Rendered 2790/4500, time remaining: 25s
Rendered 2791/4500, time remaining: 25s
Rendered 2792/4500, time remaining: 24s
Rendered 2793/4500, time remaining: 24s
Rendered 2794/4500, time remaining: 24s
Rendered 2795/4500, time remaining: 24s
Rendered 2796/4500, time remaining: 24s
Rendered 2797/4500, time remaining: 24s
Rendered 2798/4500, time remaining: 24s
Rendered 2799/4500, time remaining: 24s
Rendered 2800/4500, time remaining: 24s
Rendered 2801/4500, time remaining: 24s
Rendered 2802/4500, time remaining: 24s
Rendered 2802/4500, time remaining: 24s
Rendered 2803/4500, time remaining: 24s
Rendered 2804/4500, time remaining: 24s
Rendered 2805/4500, time remaining: 24s
Rendered 2806/4500, time remaining: 24s
Rendered 2807/4500, time remaining: 24s
Rendered 2808/4500, time remaining: 24s
Rendered 2809/4500, time remaining: 24s
Rendered 2810/4500, time remaining: 24s
Rendered 2811/4500, time remaining: 24s
Rendered 2812/4500, time remaining: 24s
Rendered 2813/4500, time remaining: 24s
Rendered 2814/4500, time remaining: 24s
Rendered 2815/4500, time remaining: 24s
Rendered 2816/4500, time remaining: 24s
Rendered 2817/4500, time remaining: 24s
Rendered 2818/4500, time remaining: 24s
Rendered 2819/4500, time remaining: 24s
Rendered 2820/4500, time remaining: 24s
Rendered 2821/4500, time remaining: 24s
Rendered 2822/4500, time remaining: 24s
Rendered 2823/4500, time remaining: 24s
Rendered 2824/4500, time remaining: 24s
Rendered 2825/4500, time remaining: 24s
Rendered 2826/4500, time remaining: 24s
Rendered 2827/4500, time remaining: 24s
Rendered 2828/4500, time remaining: 24s
Rendered 2829/4500, time remaining: 24s
Rendered 2830/4500, time remaining: 24s
Rendered 2831/4500, time remaining: 23s
Rendered 2832/4500, time remaining: 24s
Rendered 2833/4500, time remaining: 23s
Rendered 2834/4500, time remaining: 23s
Rendered 2835/4500, time remaining: 23s
Rendered 2836/4500, time remaining: 23s
Rendered 2837/4500, time remaining: 23s
Rendered 2838/4500, time remaining: 23s
Rendered 2839/4500, time remaining: 23s
Rendered 2840/4500, time remaining: 23s
Rendered 2841/4500, time remaining: 23s
Rendered 2842/4500, time remaining: 23s
Rendered 2843/4500, time remaining: 23s
Rendered 2843/4500, time remaining: 23s
Rendered 2844/4500, time remaining: 23s
Rendered 2845/4500, time remaining: 23s
Rendered 2846/4500, time remaining: 23s
Rendered 2847/4500, time remaining: 23s
Rendered 2848/4500, time remaining: 23s
Rendered 2849/4500, time remaining: 23s
Rendered 2850/4500, time remaining: 23s
Rendered 2851/4500, time remaining: 23s
Rendered 2852/4500, time remaining: 23s
Rendered 2853/4500, time remaining: 23s
Rendered 2854/4500, time remaining: 23s
Rendered 2855/4500, time remaining: 23s
Rendered 2856/4500, time remaining: 22s
Rendered 2857/4500, time remaining: 22s
Rendered 2858/4500, time remaining: 22s
Rendered 2859/4500, time remaining: 22s
Rendered 2860/4500, time remaining: 22s
Rendered 2861/4500, time remaining: 22s
Rendered 2862/4500, time remaining: 21s
Rendered 2863/4500, time remaining: 22s
Rendered 2864/4500, time remaining: 22s
Rendered 2865/4500, time remaining: 22s
Rendered 2866/4500, time remaining: 22s
Rendered 2867/4500, time remaining: 22s
Rendered 2868/4500, time remaining: 21s
Rendered 2869/4500, time remaining: 21s
Rendered 2870/4500, time remaining: 21s
Rendered 2871/4500, time remaining: 21s
Rendered 2872/4500, time remaining: 21s
Rendered 2873/4500, time remaining: 21s
Rendered 2874/4500, time remaining: 21s
Rendered 2875/4500, time remaining: 21s
Rendered 2876/4500, time remaining: 21s
Rendered 2877/4500, time remaining: 21s
Rendered 2878/4500, time remaining: 21s
Rendered 2879/4500, time remaining: 21s
Rendered 2880/4500, time remaining: 21s
Rendered 2881/4500, time remaining: 21s
Rendered 2882/4500, time remaining: 21s
Rendered 2883/4500, time remaining: 21s
Rendered 2883/4500, time remaining: 21s
Rendered 2884/4500, time remaining: 21s
Rendered 2885/4500, time remaining: 21s
Rendered 2886/4500, time remaining: 21s
Rendered 2887/4500, time remaining: 21s
Rendered 2888/4500, time remaining: 21s
Rendered 2889/4500, time remaining: 20s
Rendered 2890/4500, time remaining: 20s
Rendered 2891/4500, time remaining: 20s
Rendered 2892/4500, time remaining: 20s
Rendered 2893/4500, time remaining: 20s
Rendered 2894/4500, time remaining: 20s
Rendered 2895/4500, time remaining: 20s
Rendered 2896/4500, time remaining: 20s
Rendered 2897/4500, time remaining: 20s
Rendered 2898/4500, time remaining: 19s
Rendered 2899/4500, time remaining: 19s
Rendered 2900/4500, time remaining: 19s
Rendered 2901/4500, time remaining: 19s
Rendered 2902/4500, time remaining: 19s
Rendered 2903/4500, time remaining: 19s
Rendered 2904/4500, time remaining: 19s
Rendered 2905/4500, time remaining: 19s
Rendered 2906/4500, time remaining: 19s
Rendered 2907/4500, time remaining: 19s
Rendered 2908/4500, time remaining: 19s
Rendered 2909/4500, time remaining: 19s
Rendered 2910/4500, time remaining: 19s
Rendered 2911/4500, time remaining: 19s
Rendered 2912/4500, time remaining: 19s
Rendered 2913/4500, time remaining: 19s
Rendered 2914/4500, time remaining: 19s
Rendered 2915/4500, time remaining: 20s
Rendered 2916/4500, time remaining: 19s
Rendered 2917/4500, time remaining: 19s
Rendered 2918/4500, time remaining: 19s
Rendered 2919/4500, time remaining: 19s
Rendered 2920/4500, time remaining: 19s
Rendered 2921/4500, time remaining: 20s
Rendered 2922/4500, time remaining: 19s
Rendered 2923/4500, time remaining: 19s
Rendered 2924/4500, time remaining: 19s
Rendered 2925/4500, time remaining: 19s
Rendered 2926/4500, time remaining: 19s
Rendered 2927/4500, time remaining: 19s
Rendered 2927/4500, time remaining: 19s
Rendered 2928/4500, time remaining: 19s
Rendered 2929/4500, time remaining: 19s
Rendered 2930/4500, time remaining: 19s
Rendered 2931/4500, time remaining: 19s
Rendered 2932/4500, time remaining: 19s
Rendered 2933/4500, time remaining: 19s
Rendered 2934/4500, time remaining: 19s
Rendered 2935/4500, time remaining: 19s
Rendered 2936/4500, time remaining: 19s
Rendered 2937/4500, time remaining: 19s
Rendered 2938/4500, time remaining: 19s
Rendered 2939/4500, time remaining: 18s
Rendered 2940/4500, time remaining: 19s
Rendered 2941/4500, time remaining: 19s
Rendered 2942/4500, time remaining: 19s
Rendered 2943/4500, time remaining: 18s
Rendered 2944/4500, time remaining: 19s
Rendered 2945/4500, time remaining: 19s
Rendered 2946/4500, time remaining: 19s
Rendered 2947/4500, time remaining: 18s
Rendered 2948/4500, time remaining: 19s
Rendered 2949/4500, time remaining: 19s
Rendered 2950/4500, time remaining: 18s
Rendered 2951/4500, time remaining: 18s
Rendered 2952/4500, time remaining: 18s
Rendered 2953/4500, time remaining: 19s
Rendered 2954/4500, time remaining: 19s
Rendered 2955/4500, time remaining: 19s
Rendered 2956/4500, time remaining: 19s
Rendered 2957/4500, time remaining: 19s
Rendered 2958/4500, time remaining: 19s
Rendered 2959/4500, time remaining: 19s
Rendered 2960/4500, time remaining: 19s
Rendered 2961/4500, time remaining: 19s
Rendered 2962/4500, time remaining: 19s
Rendered 2963/4500, time remaining: 19s
Rendered 2964/4500, time remaining: 18s
Rendered 2964/4500, time remaining: 18s
Rendered 2965/4500, time remaining: 19s
Rendered 2966/4500, time remaining: 19s
Rendered 2967/4500, time remaining: 19s
Rendered 2968/4500, time remaining: 19s
Rendered 2969/4500, time remaining: 19s
Rendered 2970/4500, time remaining: 19s
Rendered 2971/4500, time remaining: 18s
Rendered 2972/4500, time remaining: 19s
Rendered 2973/4500, time remaining: 18s
Rendered 2974/4500, time remaining: 18s
Rendered 2975/4500, time remaining: 18s
Rendered 2976/4500, time remaining: 18s
Rendered 2977/4500, time remaining: 19s
Rendered 2978/4500, time remaining: 19s
Rendered 2979/4500, time remaining: 19s
Rendered 2980/4500, time remaining: 19s
Rendered 2981/4500, time remaining: 18s
Rendered 2982/4500, time remaining: 18s
Rendered 2983/4500, time remaining: 18s
Rendered 2984/4500, time remaining: 18s
Rendered 2985/4500, time remaining: 19s
Rendered 2986/4500, time remaining: 19s
Rendered 2987/4500, time remaining: 18s
Rendered 2988/4500, time remaining: 19s
Rendered 2989/4500, time remaining: 18s
Rendered 2990/4500, time remaining: 18s
Rendered 2991/4500, time remaining: 18s
Rendered 2992/4500, time remaining: 18s
Rendered 2993/4500, time remaining: 18s
Rendered 2994/4500, time remaining: 18s
Rendered 2995/4500, time remaining: 18s
Rendered 2996/4500, time remaining: 18s
Rendered 2997/4500, time remaining: 18s
Rendered 2998/4500, time remaining: 18s
Rendered 2999/4500, time remaining: 19s
Rendered 3000/4500, time remaining: 18s
Rendered 3001/4500, time remaining: 18s
Rendered 3002/4500, time remaining: 18s
Rendered 3002/4500, time remaining: 18s
Rendered 3003/4500, time remaining: 19s
Rendered 3004/4500, time remaining: 19s
Rendered 3005/4500, time remaining: 19s
Rendered 3006/4500, time remaining: 19s
Rendered 3007/4500, time remaining: 19s
Rendered 3008/4500, time remaining: 18s
Rendered 3009/4500, time remaining: 18s
Rendered 3010/4500, time remaining: 19s
Rendered 3011/4500, time remaining: 19s
Rendered 3012/4500, time remaining: 19s
Rendered 3013/4500, time remaining: 19s
Rendered 3014/4500, time remaining: 19s
Rendered 3015/4500, time remaining: 19s
Rendered 3016/4500, time remaining: 19s
Rendered 3017/4500, time remaining: 19s
Rendered 3018/4500, time remaining: 19s
Rendered 3019/4500, time remaining: 19s
Rendered 3020/4500, time remaining: 19s
Rendered 3021/4500, time remaining: 19s
Rendered 3022/4500, time remaining: 19s
Rendered 3023/4500, time remaining: 19s
Rendered 3024/4500, time remaining: 19s
Rendered 3025/4500, time remaining: 19s
Rendered 3026/4500, time remaining: 19s
Rendered 3027/4500, time remaining: 19s
Rendered 3028/4500, time remaining: 19s
Rendered 3029/4500, time remaining: 19s
Rendered 3030/4500, time remaining: 19s
Rendered 3031/4500, time remaining: 19s
Rendered 3032/4500, time remaining: 19s
Rendered 3033/4500, time remaining: 19s
Rendered 3034/4500, time remaining: 19s
Rendered 3034/4500, time remaining: 19s
Rendered 3035/4500, time remaining: 19s
Rendered 3036/4500, time remaining: 19s
Rendered 3037/4500, time remaining: 19s
Rendered 3038/4500, time remaining: 19s
Rendered 3039/4500, time remaining: 19s
Rendered 3040/4500, time remaining: 19s
Rendered 3041/4500, time remaining: 19s
Rendered 3042/4500, time remaining: 20s
Rendered 3043/4500, time remaining: 19s
Rendered 3044/4500, time remaining: 19s
Rendered 3045/4500, time remaining: 20s
Rendered 3046/4500, time remaining: 20s
Rendered 3047/4500, time remaining: 20s
Rendered 3048/4500, time remaining: 20s
Rendered 3049/4500, time remaining: 20s
Rendered 3050/4500, time remaining: 20s
Rendered 3051/4500, time remaining: 20s
Rendered 3052/4500, time remaining: 20s
Rendered 3053/4500, time remaining: 20s
Rendered 3054/4500, time remaining: 20s
Rendered 3055/4500, time remaining: 20s
Rendered 3056/4500, time remaining: 20s
Rendered 3057/4500, time remaining: 20s
Rendered 3058/4500, time remaining: 20s
Rendered 3059/4500, time remaining: 20s
Rendered 3060/4500, time remaining: 20s
Rendered 3061/4500, time remaining: 20s
Rendered 3062/4500, time remaining: 20s
Rendered 3063/4500, time remaining: 20s
Rendered 3064/4500, time remaining: 20s
Rendered 3065/4500, time remaining: 19s
Rendered 3066/4500, time remaining: 20s
Rendered 3067/4500, time remaining: 20s
Rendered 3068/4500, time remaining: 20s
Rendered 3068/4500, time remaining: 20s
Rendered 3069/4500, time remaining: 20s
Rendered 3070/4500, time remaining: 19s
Rendered 3071/4500, time remaining: 19s
Rendered 3072/4500, time remaining: 20s
Rendered 3073/4500, time remaining: 20s
Rendered 3074/4500, time remaining: 20s
Rendered 3075/4500, time remaining: 20s
Rendered 3076/4500, time remaining: 20s
Rendered 3077/4500, time remaining: 20s
Rendered 3078/4500, time remaining: 19s
Rendered 3079/4500, time remaining: 20s
Rendered 3080/4500, time remaining: 20s
Rendered 3081/4500, time remaining: 20s
Rendered 3082/4500, time remaining: 20s
Rendered 3083/4500, time remaining: 20s
Rendered 3084/4500, time remaining: 20s
Rendered 3085/4500, time remaining: 20s
Rendered 3086/4500, time remaining: 20s
Rendered 3087/4500, time remaining: 20s
Rendered 3088/4500, time remaining: 20s
Rendered 3089/4500, time remaining: 20s
Rendered 3090/4500, time remaining: 19s
Rendered 3091/4500, time remaining: 19s
Rendered 3092/4500, time remaining: 20s
Rendered 3093/4500, time remaining: 20s
Rendered 3094/4500, time remaining: 20s
Rendered 3095/4500, time remaining: 20s
Rendered 3096/4500, time remaining: 20s
Rendered 3097/4500, time remaining: 20s
Rendered 3098/4500, time remaining: 19s
Rendered 3099/4500, time remaining: 19s
Rendered 3100/4500, time remaining: 19s
Rendered 3101/4500, time remaining: 19s
Rendered 3102/4500, time remaining: 20s
Rendered 3103/4500, time remaining: 19s
Rendered 3104/4500, time remaining: 19s
Rendered 3105/4500, time remaining: 19s
Rendered 3106/4500, time remaining: 19s
Rendered 3106/4500, time remaining: 19s
Rendered 3107/4500, time remaining: 19s
Rendered 3108/4500, time remaining: 19s
Rendered 3109/4500, time remaining: 19s
Rendered 3110/4500, time remaining: 19s
Rendered 3111/4500, time remaining: 19s
Rendered 3112/4500, time remaining: 19s
Rendered 3113/4500, time remaining: 19s
Rendered 3114/4500, time remaining: 19s
Rendered 3115/4500, time remaining: 19s
Rendered 3116/4500, time remaining: 19s
Rendered 3117/4500, time remaining: 19s
Rendered 3118/4500, time remaining: 19s
Rendered 3119/4500, time remaining: 19s
Rendered 3120/4500, time remaining: 19s
Rendered 3121/4500, time remaining: 19s
Rendered 3122/4500, time remaining: 19s
Rendered 3123/4500, time remaining: 19s
Rendered 3124/4500, time remaining: 19s
Rendered 3125/4500, time remaining: 19s
Rendered 3126/4500, time remaining: 19s
Rendered 3127/4500, time remaining: 19s
Rendered 3128/4500, time remaining: 19s
Rendered 3129/4500, time remaining: 19s
Rendered 3130/4500, time remaining: 19s
Rendered 3131/4500, time remaining: 19s
Rendered 3132/4500, time remaining: 19s
Rendered 3133/4500, time remaining: 19s
Rendered 3134/4500, time remaining: 19s
Rendered 3135/4500, time remaining: 18s
Rendered 3136/4500, time remaining: 19s
Rendered 3137/4500, time remaining: 19s
Rendered 3138/4500, time remaining: 19s
Rendered 3139/4500, time remaining: 19s
Rendered 3140/4500, time remaining: 19s
Rendered 3141/4500, time remaining: 19s
Rendered 3142/4500, time remaining: 19s
Rendered 3143/4500, time remaining: 19s
Rendered 3144/4500, time remaining: 19s
Rendered 3144/4500, time remaining: 19s
Rendered 3145/4500, time remaining: 19s
Rendered 3146/4500, time remaining: 19s
Rendered 3147/4500, time remaining: 19s
Rendered 3148/4500, time remaining: 19s
Rendered 3149/4500, time remaining: 18s
Rendered 3150/4500, time remaining: 18s
Rendered 3151/4500, time remaining: 19s
Rendered 3152/4500, time remaining: 19s
Rendered 3153/4500, time remaining: 18s
Rendered 3154/4500, time remaining: 18s
Rendered 3155/4500, time remaining: 18s
Rendered 3156/4500, time remaining: 18s
Rendered 3157/4500, time remaining: 18s
Rendered 3158/4500, time remaining: 18s
Rendered 3159/4500, time remaining: 18s
Rendered 3160/4500, time remaining: 18s
Rendered 3161/4500, time remaining: 18s
Rendered 3162/4500, time remaining: 18s
Rendered 3163/4500, time remaining: 18s
Rendered 3164/4500, time remaining: 18s
Rendered 3165/4500, time remaining: 18s
Rendered 3166/4500, time remaining: 18s
Rendered 3167/4500, time remaining: 18s
Rendered 3168/4500, time remaining: 17s
Rendered 3169/4500, time remaining: 17s
Rendered 3170/4500, time remaining: 17s
Rendered 3171/4500, time remaining: 17s
Rendered 3172/4500, time remaining: 17s
Rendered 3173/4500, time remaining: 17s
Rendered 3174/4500, time remaining: 17s
Rendered 3175/4500, time remaining: 17s
Rendered 3176/4500, time remaining: 17s
Rendered 3177/4500, time remaining: 17s
Rendered 3178/4500, time remaining: 17s
Rendered 3179/4500, time remaining: 17s
Rendered 3180/4500, time remaining: 17s
Rendered 3181/4500, time remaining: 17s
Rendered 3182/4500, time remaining: 17s
Rendered 3183/4500, time remaining: 17s
Rendered 3184/4500, time remaining: 17s
Rendered 3185/4500, time remaining: 17s
Rendered 3186/4500, time remaining: 17s
Rendered 3187/4500, time remaining: 17s
Rendered 3187/4500, time remaining: 17s
Rendered 3188/4500, time remaining: 17s
Rendered 3189/4500, time remaining: 17s
Rendered 3190/4500, time remaining: 17s
Rendered 3191/4500, time remaining: 17s
Rendered 3192/4500, time remaining: 16s
Rendered 3193/4500, time remaining: 16s
Rendered 3194/4500, time remaining: 17s
Rendered 3195/4500, time remaining: 16s
Rendered 3196/4500, time remaining: 16s
Rendered 3197/4500, time remaining: 17s
Rendered 3198/4500, time remaining: 16s
Rendered 3199/4500, time remaining: 16s
Rendered 3200/4500, time remaining: 16s
Rendered 3201/4500, time remaining: 16s
Rendered 3202/4500, time remaining: 16s
Rendered 3203/4500, time remaining: 16s
Rendered 3204/4500, time remaining: 16s
Rendered 3205/4500, time remaining: 16s
Rendered 3206/4500, time remaining: 16s
Rendered 3207/4500, time remaining: 16s
Rendered 3208/4500, time remaining: 16s
Rendered 3209/4500, time remaining: 16s
Rendered 3210/4500, time remaining: 16s
Rendered 3211/4500, time remaining: 16s
Rendered 3212/4500, time remaining: 16s
Rendered 3213/4500, time remaining: 16s
Rendered 3214/4500, time remaining: 16s
Rendered 3215/4500, time remaining: 16s
Rendered 3216/4500, time remaining: 16s
Rendered 3217/4500, time remaining: 16s
Rendered 3218/4500, time remaining: 16s
Rendered 3219/4500, time remaining: 16s
Rendered 3220/4500, time remaining: 16s
Rendered 3221/4500, time remaining: 16s
Rendered 3222/4500, time remaining: 16s
Rendered 3223/4500, time remaining: 16s
Rendered 3224/4500, time remaining: 16s
Rendered 3225/4500, time remaining: 16s
Rendered 3225/4500, time remaining: 16s
Rendered 3226/4500, time remaining: 17s
Rendered 3227/4500, time remaining: 17s
Rendered 3228/4500, time remaining: 16s
Rendered 3229/4500, time remaining: 16s
Rendered 3230/4500, time remaining: 16s
Rendered 3231/4500, time remaining: 16s
Rendered 3232/4500, time remaining: 16s
Rendered 3233/4500, time remaining: 17s
Rendered 3234/4500, time remaining: 17s
Rendered 3235/4500, time remaining: 16s
Rendered 3236/4500, time remaining: 16s
Rendered 3237/4500, time remaining: 16s
Rendered 3238/4500, time remaining: 17s
Rendered 3239/4500, time remaining: 17s
Rendered 3240/4500, time remaining: 17s
Rendered 3241/4500, time remaining: 17s
Rendered 3242/4500, time remaining: 17s
Rendered 3243/4500, time remaining: 16s
Rendered 3244/4500, time remaining: 16s
Rendered 3245/4500, time remaining: 16s
Rendered 3246/4500, time remaining: 16s
Rendered 3247/4500, time remaining: 16s
Rendered 3248/4500, time remaining: 16s
Rendered 3249/4500, time remaining: 16s
Rendered 3250/4500, time remaining: 16s
Rendered 3251/4500, time remaining: 16s
Rendered 3252/4500, time remaining: 16s
Rendered 3253/4500, time remaining: 16s
Rendered 3254/4500, time remaining: 16s
Rendered 3255/4500, time remaining: 16s
Rendered 3255/4500, time remaining: 16s
Rendered 3256/4500, time remaining: 16s
Rendered 3257/4500, time remaining: 16s
Rendered 3258/4500, time remaining: 16s
Rendered 3259/4500, time remaining: 16s
Rendered 3260/4500, time remaining: 16s
Rendered 3261/4500, time remaining: 16s
Rendered 3262/4500, time remaining: 16s
Rendered 3263/4500, time remaining: 16s
Rendered 3264/4500, time remaining: 16s
Rendered 3265/4500, time remaining: 16s
Rendered 3266/4500, time remaining: 16s
Rendered 3267/4500, time remaining: 16s
Rendered 3268/4500, time remaining: 16s
Rendered 3269/4500, time remaining: 16s
Rendered 3270/4500, time remaining: 16s
Rendered 3271/4500, time remaining: 16s
Rendered 3272/4500, time remaining: 16s
Rendered 3273/4500, time remaining: 16s
Rendered 3274/4500, time remaining: 16s
Rendered 3275/4500, time remaining: 16s
Rendered 3276/4500, time remaining: 16s
Rendered 3277/4500, time remaining: 16s
Rendered 3278/4500, time remaining: 16s
Rendered 3279/4500, time remaining: 16s
Rendered 3280/4500, time remaining: 16s
Rendered 3281/4500, time remaining: 16s
Rendered 3282/4500, time remaining: 16s
Rendered 3283/4500, time remaining: 16s
Rendered 3284/4500, time remaining: 16s
Rendered 3285/4500, time remaining: 16s
Rendered 3286/4500, time remaining: 16s
Rendered 3287/4500, time remaining: 16s
Rendered 3288/4500, time remaining: 16s
Rendered 3289/4500, time remaining: 16s
Rendered 3290/4500, time remaining: 16s
Rendered 3291/4500, time remaining: 16s
Rendered 3292/4500, time remaining: 16s
Rendered 3293/4500, time remaining: 16s
Rendered 3294/4500, time remaining: 16s
Rendered 3294/4500, time remaining: 16s
Rendered 3295/4500, time remaining: 16s
Rendered 3296/4500, time remaining: 16s
Rendered 3297/4500, time remaining: 16s
Rendered 3298/4500, time remaining: 16s
Rendered 3299/4500, time remaining: 16s
Rendered 3300/4500, time remaining: 16s
Rendered 3301/4500, time remaining: 16s
Rendered 3302/4500, time remaining: 16s
Rendered 3303/4500, time remaining: 16s
Rendered 3304/4500, time remaining: 16s
Rendered 3305/4500, time remaining: 16s
Rendered 3306/4500, time remaining: 17s
Rendered 3307/4500, time remaining: 16s
Rendered 3308/4500, time remaining: 16s
Rendered 3309/4500, time remaining: 16s
Rendered 3310/4500, time remaining: 16s
Rendered 3311/4500, time remaining: 16s
Rendered 3312/4500, time remaining: 16s
Rendered 3313/4500, time remaining: 16s
Rendered 3314/4500, time remaining: 16s
Rendered 3315/4500, time remaining: 16s
Rendered 3316/4500, time remaining: 16s
Rendered 3317/4500, time remaining: 16s
Rendered 3318/4500, time remaining: 16s
Rendered 3319/4500, time remaining: 16s
Rendered 3320/4500, time remaining: 16s
Rendered 3321/4500, time remaining: 16s
Rendered 3322/4500, time remaining: 16s
Rendered 3323/4500, time remaining: 17s
Rendered 3324/4500, time remaining: 17s
Rendered 3325/4500, time remaining: 17s
Rendered 3326/4500, time remaining: 16s
Rendered 3326/4500, time remaining: 16s
Rendered 3327/4500, time remaining: 16s
Rendered 3328/4500, time remaining: 17s
Rendered 3329/4500, time remaining: 17s
Rendered 3330/4500, time remaining: 17s
Rendered 3331/4500, time remaining: 17s
Rendered 3332/4500, time remaining: 17s
Rendered 3333/4500, time remaining: 17s
Rendered 3334/4500, time remaining: 17s
Rendered 3335/4500, time remaining: 17s
Rendered 3336/4500, time remaining: 17s
Rendered 3337/4500, time remaining: 17s
Rendered 3338/4500, time remaining: 17s
Rendered 3339/4500, time remaining: 17s
Rendered 3340/4500, time remaining: 17s
Rendered 3341/4500, time remaining: 17s
Rendered 3342/4500, time remaining: 17s
Rendered 3343/4500, time remaining: 17s
Rendered 3344/4500, time remaining: 17s
Rendered 3345/4500, time remaining: 17s
Rendered 3346/4500, time remaining: 17s
Rendered 3347/4500, time remaining: 16s
Rendered 3348/4500, time remaining: 17s
Rendered 3349/4500, time remaining: 17s
Rendered 3350/4500, time remaining: 17s
Rendered 3351/4500, time remaining: 16s
Rendered 3352/4500, time remaining: 17s
Rendered 3353/4500, time remaining: 17s
Rendered 3354/4500, time remaining: 16s
Rendered 3355/4500, time remaining: 16s
Rendered 3356/4500, time remaining: 17s
Rendered 3357/4500, time remaining: 16s
Rendered 3358/4500, time remaining: 16s
Rendered 3358/4500, time remaining: 16s
Rendered 3359/4500, time remaining: 17s
Rendered 3360/4500, time remaining: 17s
Rendered 3361/4500, time remaining: 16s
Rendered 3362/4500, time remaining: 16s
Rendered 3363/4500, time remaining: 16s
Rendered 3364/4500, time remaining: 16s
Rendered 3365/4500, time remaining: 16s
Rendered 3366/4500, time remaining: 16s
Rendered 3367/4500, time remaining: 16s
Rendered 3368/4500, time remaining: 16s
Rendered 3369/4500, time remaining: 16s
Rendered 3370/4500, time remaining: 16s
Rendered 3371/4500, time remaining: 16s
Rendered 3372/4500, time remaining: 16s
Rendered 3373/4500, time remaining: 16s
Rendered 3374/4500, time remaining: 16s
Rendered 3375/4500, time remaining: 17s
Rendered 3376/4500, time remaining: 16s
Rendered 3377/4500, time remaining: 16s
Rendered 3378/4500, time remaining: 16s
Rendered 3379/4500, time remaining: 16s
Rendered 3380/4500, time remaining: 15s
Rendered 3381/4500, time remaining: 15s
Rendered 3382/4500, time remaining: 15s
Rendered 3383/4500, time remaining: 16s
Rendered 3384/4500, time remaining: 16s
Rendered 3385/4500, time remaining: 16s
Rendered 3386/4500, time remaining: 16s
Rendered 3387/4500, time remaining: 16s
Rendered 3388/4500, time remaining: 15s
Rendered 3389/4500, time remaining: 15s
Rendered 3390/4500, time remaining: 15s
Rendered 3391/4500, time remaining: 15s
Rendered 3392/4500, time remaining: 15s
Rendered 3393/4500, time remaining: 15s
Rendered 3394/4500, time remaining: 15s
Rendered 3394/4500, time remaining: 15s
Rendered 3395/4500, time remaining: 16s
Rendered 3396/4500, time remaining: 15s
Rendered 3397/4500, time remaining: 15s
Rendered 3398/4500, time remaining: 15s
Rendered 3399/4500, time remaining: 15s
Rendered 3400/4500, time remaining: 15s
Rendered 3401/4500, time remaining: 15s
Rendered 3402/4500, time remaining: 15s
Rendered 3403/4500, time remaining: 15s
Rendered 3404/4500, time remaining: 15s
Rendered 3405/4500, time remaining: 15s
Rendered 3406/4500, time remaining: 15s
Rendered 3407/4500, time remaining: 15s
Rendered 3408/4500, time remaining: 15s
Rendered 3409/4500, time remaining: 15s
Rendered 3410/4500, time remaining: 15s
Rendered 3411/4500, time remaining: 15s
Rendered 3412/4500, time remaining: 15s
Rendered 3413/4500, time remaining: 15s
Rendered 3414/4500, time remaining: 15s
Rendered 3415/4500, time remaining: 15s
Rendered 3416/4500, time remaining: 15s
Rendered 3417/4500, time remaining: 15s
Rendered 3418/4500, time remaining: 15s
Rendered 3419/4500, time remaining: 15s
Rendered 3420/4500, time remaining: 15s
Rendered 3421/4500, time remaining: 15s
Rendered 3422/4500, time remaining: 15s
Rendered 3423/4500, time remaining: 15s
Rendered 3424/4500, time remaining: 15s
Rendered 3425/4500, time remaining: 15s
Rendered 3426/4500, time remaining: 15s
Rendered 3427/4500, time remaining: 15s
Rendered 3428/4500, time remaining: 15s
Rendered 3429/4500, time remaining: 15s
Rendered 3430/4500, time remaining: 15s
Rendered 3430/4500, time remaining: 15s
Rendered 3431/4500, time remaining: 15s
Rendered 3432/4500, time remaining: 15s
Rendered 3433/4500, time remaining: 15s
Rendered 3434/4500, time remaining: 15s
Rendered 3435/4500, time remaining: 15s
Rendered 3436/4500, time remaining: 15s
Rendered 3437/4500, time remaining: 15s
Rendered 3438/4500, time remaining: 15s
Rendered 3439/4500, time remaining: 15s
Rendered 3440/4500, time remaining: 15s
Rendered 3441/4500, time remaining: 15s
Rendered 3442/4500, time remaining: 15s
Rendered 3443/4500, time remaining: 15s
Rendered 3444/4500, time remaining: 15s
Rendered 3445/4500, time remaining: 15s
Rendered 3446/4500, time remaining: 15s
Rendered 3447/4500, time remaining: 15s
Rendered 3448/4500, time remaining: 15s
Rendered 3449/4500, time remaining: 15s
Rendered 3450/4500, time remaining: 15s
Rendered 3451/4500, time remaining: 14s
Rendered 3452/4500, time remaining: 15s
Rendered 3453/4500, time remaining: 14s
Rendered 3454/4500, time remaining: 15s
Rendered 3455/4500, time remaining: 14s
Rendered 3456/4500, time remaining: 14s
Rendered 3457/4500, time remaining: 14s
Rendered 3458/4500, time remaining: 14s
Rendered 3459/4500, time remaining: 14s
Rendered 3460/4500, time remaining: 14s
Rendered 3461/4500, time remaining: 14s
Rendered 3462/4500, time remaining: 14s
Rendered 3463/4500, time remaining: 15s
Rendered 3464/4500, time remaining: 15s
Rendered 3465/4500, time remaining: 14s
Rendered 3465/4500, time remaining: 14s
Rendered 3466/4500, time remaining: 15s
Rendered 3467/4500, time remaining: 14s
Rendered 3468/4500, time remaining: 14s
Rendered 3469/4500, time remaining: 14s
Rendered 3470/4500, time remaining: 14s
Rendered 3471/4500, time remaining: 14s
Rendered 3472/4500, time remaining: 14s
Rendered 3473/4500, time remaining: 14s
Rendered 3474/4500, time remaining: 14s
Rendered 3475/4500, time remaining: 14s
Rendered 3476/4500, time remaining: 14s
Rendered 3477/4500, time remaining: 14s
Rendered 3478/4500, time remaining: 14s
Rendered 3479/4500, time remaining: 14s
Rendered 3480/4500, time remaining: 14s
Rendered 3481/4500, time remaining: 14s
Rendered 3482/4500, time remaining: 14s
Rendered 3483/4500, time remaining: 14s
Rendered 3484/4500, time remaining: 14s
Rendered 3485/4500, time remaining: 14s
Rendered 3486/4500, time remaining: 14s
Rendered 3487/4500, time remaining: 14s
Rendered 3488/4500, time remaining: 14s
Rendered 3489/4500, time remaining: 14s
Rendered 3490/4500, time remaining: 14s
Rendered 3491/4500, time remaining: 14s
Rendered 3492/4500, time remaining: 14s
Rendered 3493/4500, time remaining: 14s
Rendered 3494/4500, time remaining: 14s
Rendered 3495/4500, time remaining: 14s
Rendered 3496/4500, time remaining: 14s
Rendered 3497/4500, time remaining: 14s
Rendered 3497/4500, time remaining: 14s
Rendered 3498/4500, time remaining: 14s
Rendered 3499/4500, time remaining: 14s
Rendered 3500/4500, time remaining: 14s
Rendered 3501/4500, time remaining: 14s
Rendered 3502/4500, time remaining: 14s
Rendered 3503/4500, time remaining: 14s
Rendered 3504/4500, time remaining: 14s
Rendered 3505/4500, time remaining: 14s
Rendered 3506/4500, time remaining: 14s
Rendered 3507/4500, time remaining: 14s
Rendered 3508/4500, time remaining: 14s
Rendered 3509/4500, time remaining: 14s
Rendered 3510/4500, time remaining: 14s
Rendered 3511/4500, time remaining: 14s
Rendered 3512/4500, time remaining: 14s
Rendered 3513/4500, time remaining: 14s
Rendered 3514/4500, time remaining: 14s
Rendered 3515/4500, time remaining: 14s
Rendered 3516/4500, time remaining: 14s
Rendered 3517/4500, time remaining: 14s
Rendered 3518/4500, time remaining: 14s
Rendered 3519/4500, time remaining: 14s
Rendered 3520/4500, time remaining: 14s
Rendered 3521/4500, time remaining: 14s
Rendered 3522/4500, time remaining: 14s
Rendered 3523/4500, time remaining: 14s
Rendered 3524/4500, time remaining: 14s
Rendered 3525/4500, time remaining: 14s
Rendered 3526/4500, time remaining: 14s
Rendered 3527/4500, time remaining: 14s
Rendered 3528/4500, time remaining: 14s
Rendered 3529/4500, time remaining: 14s
Rendered 3529/4500, time remaining: 14s
Rendered 3530/4500, time remaining: 14s
Rendered 3531/4500, time remaining: 14s
Rendered 3532/4500, time remaining: 14s
Rendered 3533/4500, time remaining: 14s
Rendered 3534/4500, time remaining: 14s
Rendered 3535/4500, time remaining: 14s
Rendered 3536/4500, time remaining: 14s
Rendered 3537/4500, time remaining: 14s
Rendered 3538/4500, time remaining: 14s
Rendered 3539/4500, time remaining: 14s
Rendered 3540/4500, time remaining: 14s
Rendered 3541/4500, time remaining: 13s
Rendered 3542/4500, time remaining: 14s
Rendered 3543/4500, time remaining: 14s
Rendered 3544/4500, time remaining: 14s
Rendered 3545/4500, time remaining: 14s
Rendered 3546/4500, time remaining: 14s
Rendered 3547/4500, time remaining: 14s
Rendered 3548/4500, time remaining: 14s
Rendered 3549/4500, time remaining: 14s
Rendered 3550/4500, time remaining: 14s
Rendered 3551/4500, time remaining: 14s
Rendered 3552/4500, time remaining: 14s
Rendered 3553/4500, time remaining: 14s
Rendered 3554/4500, time remaining: 14s
Rendered 3555/4500, time remaining: 14s
Rendered 3556/4500, time remaining: 14s
Rendered 3557/4500, time remaining: 14s
Rendered 3558/4500, time remaining: 14s
Rendered 3558/4500, time remaining: 14s
Rendered 3559/4500, time remaining: 15s
Rendered 3560/4500, time remaining: 15s
Rendered 3561/4500, time remaining: 15s
Rendered 3562/4500, time remaining: 15s
Rendered 3563/4500, time remaining: 15s
Rendered 3564/4500, time remaining: 15s
Rendered 3565/4500, time remaining: 15s
Rendered 3566/4500, time remaining: 15s
Rendered 3567/4500, time remaining: 15s
Rendered 3568/4500, time remaining: 15s
Rendered 3569/4500, time remaining: 15s
Rendered 3570/4500, time remaining: 15s
Rendered 3571/4500, time remaining: 15s
Rendered 3572/4500, time remaining: 15s
Rendered 3573/4500, time remaining: 15s
Rendered 3574/4500, time remaining: 15s
Rendered 3575/4500, time remaining: 15s
Rendered 3576/4500, time remaining: 15s
Rendered 3577/4500, time remaining: 15s
Rendered 3578/4500, time remaining: 15s
Rendered 3579/4500, time remaining: 15s
Rendered 3580/4500, time remaining: 15s
Rendered 3581/4500, time remaining: 15s
Rendered 3582/4500, time remaining: 15s
Rendered 3583/4500, time remaining: 15s
Rendered 3583/4500, time remaining: 15s
Rendered 3584/4500, time remaining: 15s
Rendered 3585/4500, time remaining: 15s
Rendered 3586/4500, time remaining: 15s
Rendered 3587/4500, time remaining: 15s
Rendered 3588/4500, time remaining: 14s
Rendered 3589/4500, time remaining: 14s
Rendered 3590/4500, time remaining: 14s
Rendered 3591/4500, time remaining: 14s
Rendered 3592/4500, time remaining: 15s
Rendered 3593/4500, time remaining: 15s
Rendered 3594/4500, time remaining: 15s
Rendered 3595/4500, time remaining: 15s
Rendered 3596/4500, time remaining: 14s
Rendered 3597/4500, time remaining: 14s
Rendered 3598/4500, time remaining: 15s
Rendered 3599/4500, time remaining: 15s
Rendered 3600/4500, time remaining: 15s
Rendered 3601/4500, time remaining: 15s
Rendered 3602/4500, time remaining: 14s
Rendered 3603/4500, time remaining: 14s
Rendered 3604/4500, time remaining: 14s
Rendered 3605/4500, time remaining: 15s
Rendered 3606/4500, time remaining: 15s
Rendered 3607/4500, time remaining: 15s
Rendered 3608/4500, time remaining: 14s
Rendered 3609/4500, time remaining: 15s
Rendered 3610/4500, time remaining: 14s
Rendered 3611/4500, time remaining: 15s
Rendered 3612/4500, time remaining: 14s
Rendered 3613/4500, time remaining: 14s
Rendered 3614/4500, time remaining: 14s
Rendered 3615/4500, time remaining: 14s
Rendered 3615/4500, time remaining: 14s
Rendered 3616/4500, time remaining: 14s
Rendered 3617/4500, time remaining: 14s
Rendered 3618/4500, time remaining: 14s
Rendered 3619/4500, time remaining: 14s
Rendered 3620/4500, time remaining: 14s
Rendered 3621/4500, time remaining: 14s
Rendered 3622/4500, time remaining: 14s
Rendered 3623/4500, time remaining: 14s
Rendered 3624/4500, time remaining: 14s
Rendered 3625/4500, time remaining: 14s
Rendered 3626/4500, time remaining: 14s
Rendered 3627/4500, time remaining: 14s
Rendered 3628/4500, time remaining: 14s
Rendered 3629/4500, time remaining: 14s
Rendered 3630/4500, time remaining: 14s
Rendered 3631/4500, time remaining: 14s
Rendered 3632/4500, time remaining: 14s
Rendered 3633/4500, time remaining: 14s
Rendered 3634/4500, time remaining: 14s
Rendered 3635/4500, time remaining: 14s
Rendered 3636/4500, time remaining: 14s
Rendered 3637/4500, time remaining: 14s
Rendered 3638/4500, time remaining: 14s
Rendered 3639/4500, time remaining: 14s
Rendered 3640/4500, time remaining: 14s
Rendered 3641/4500, time remaining: 14s
Rendered 3642/4500, time remaining: 14s
Rendered 3643/4500, time remaining: 14s
Rendered 3644/4500, time remaining: 14s
Rendered 3645/4500, time remaining: 14s
Rendered 3646/4500, time remaining: 14s
Rendered 3647/4500, time remaining: 14s
Rendered 3647/4500, time remaining: 14s
Rendered 3648/4500, time remaining: 14s
Rendered 3649/4500, time remaining: 14s
Rendered 3650/4500, time remaining: 14s
Rendered 3651/4500, time remaining: 14s
Rendered 3652/4500, time remaining: 14s
Rendered 3653/4500, time remaining: 14s
Rendered 3654/4500, time remaining: 14s
Rendered 3655/4500, time remaining: 14s
Rendered 3656/4500, time remaining: 13s
Rendered 3657/4500, time remaining: 14s
Rendered 3658/4500, time remaining: 14s
Rendered 3659/4500, time remaining: 14s
Rendered 3660/4500, time remaining: 13s
Rendered 3661/4500, time remaining: 13s
Rendered 3662/4500, time remaining: 13s
Rendered 3663/4500, time remaining: 13s
Rendered 3664/4500, time remaining: 13s
Rendered 3665/4500, time remaining: 13s
Rendered 3666/4500, time remaining: 13s
Rendered 3667/4500, time remaining: 13s
Rendered 3668/4500, time remaining: 13s
Rendered 3669/4500, time remaining: 13s
Rendered 3670/4500, time remaining: 13s
Rendered 3671/4500, time remaining: 13s
Rendered 3672/4500, time remaining: 13s
Rendered 3673/4500, time remaining: 13s
Rendered 3674/4500, time remaining: 13s
Rendered 3675/4500, time remaining: 13s
Rendered 3676/4500, time remaining: 13s
Rendered 3677/4500, time remaining: 13s
Rendered 3678/4500, time remaining: 13s
Rendered 3679/4500, time remaining: 13s
Rendered 3680/4500, time remaining: 13s
Rendered 3680/4500, time remaining: 13s
Rendered 3681/4500, time remaining: 13s
Rendered 3682/4500, time remaining: 13s
Rendered 3683/4500, time remaining: 14s
Rendered 3684/4500, time remaining: 14s
Rendered 3685/4500, time remaining: 14s
Rendered 3686/4500, time remaining: 13s
Rendered 3687/4500, time remaining: 14s
Rendered 3688/4500, time remaining: 13s
Rendered 3689/4500, time remaining: 14s
Rendered 3690/4500, time remaining: 14s
Rendered 3691/4500, time remaining: 14s
Rendered 3692/4500, time remaining: 13s
Rendered 3693/4500, time remaining: 13s
Rendered 3694/4500, time remaining: 13s
Rendered 3695/4500, time remaining: 14s
Rendered 3696/4500, time remaining: 13s
Rendered 3697/4500, time remaining: 13s
Rendered 3698/4500, time remaining: 13s
Rendered 3699/4500, time remaining: 14s
Rendered 3700/4500, time remaining: 13s
Rendered 3701/4500, time remaining: 13s
Rendered 3702/4500, time remaining: 13s
Rendered 3703/4500, time remaining: 13s
Rendered 3704/4500, time remaining: 13s
Rendered 3705/4500, time remaining: 13s
Rendered 3706/4500, time remaining: 13s
Rendered 3707/4500, time remaining: 13s
Rendered 3708/4500, time remaining: 13s
Rendered 3709/4500, time remaining: 12s
Rendered 3710/4500, time remaining: 12s
Rendered 3711/4500, time remaining: 12s
Rendered 3711/4500, time remaining: 12s
Rendered 3712/4500, time remaining: 12s
Rendered 3713/4500, time remaining: 12s
Rendered 3714/4500, time remaining: 12s
Rendered 3715/4500, time remaining: 12s
Rendered 3716/4500, time remaining: 12s
Rendered 3717/4500, time remaining: 12s
Rendered 3718/4500, time remaining: 12s
Rendered 3719/4500, time remaining: 12s
Rendered 3720/4500, time remaining: 12s
Rendered 3721/4500, time remaining: 12s
Rendered 3722/4500, time remaining: 12s
Rendered 3723/4500, time remaining: 12s
Rendered 3724/4500, time remaining: 12s
Rendered 3725/4500, time remaining: 12s
Rendered 3726/4500, time remaining: 11s
Rendered 3727/4500, time remaining: 11s
Rendered 3728/4500, time remaining: 12s
Rendered 3729/4500, time remaining: 12s
Rendered 3730/4500, time remaining: 12s
Rendered 3731/4500, time remaining: 11s
Rendered 3732/4500, time remaining: 12s
Rendered 3733/4500, time remaining: 12s
Rendered 3734/4500, time remaining: 11s
Rendered 3735/4500, time remaining: 11s
Rendered 3736/4500, time remaining: 12s
Rendered 3737/4500, time remaining: 12s
Rendered 3738/4500, time remaining: 12s
Rendered 3739/4500, time remaining: 12s
Rendered 3740/4500, time remaining: 12s
Rendered 3741/4500, time remaining: 12s
Rendered 3742/4500, time remaining: 11s
Rendered 3743/4500, time remaining: 11s
Rendered 3743/4500, time remaining: 11s
Rendered 3744/4500, time remaining: 12s
Rendered 3745/4500, time remaining: 11s
Rendered 3746/4500, time remaining: 11s
Rendered 3747/4500, time remaining: 11s
Rendered 3748/4500, time remaining: 11s
Rendered 3749/4500, time remaining: 11s
Rendered 3750/4500, time remaining: 11s
Rendered 3751/4500, time remaining: 11s
Rendered 3752/4500, time remaining: 11s
Rendered 3753/4500, time remaining: 11s
Rendered 3754/4500, time remaining: 11s
Rendered 3755/4500, time remaining: 11s
Rendered 3756/4500, time remaining: 11s
Rendered 3757/4500, time remaining: 11s
Rendered 3758/4500, time remaining: 11s
Rendered 3759/4500, time remaining: 11s
Rendered 3760/4500, time remaining: 11s
Rendered 3761/4500, time remaining: 11s
Rendered 3762/4500, time remaining: 11s
Rendered 3763/4500, time remaining: 11s
Rendered 3764/4500, time remaining: 11s
Rendered 3765/4500, time remaining: 11s
Rendered 3766/4500, time remaining: 11s
Rendered 3767/4500, time remaining: 11s
Rendered 3768/4500, time remaining: 11s
Rendered 3769/4500, time remaining: 11s
Rendered 3770/4500, time remaining: 11s
Rendered 3771/4500, time remaining: 11s
Rendered 3772/4500, time remaining: 11s
Rendered 3773/4500, time remaining: 11s
Rendered 3774/4500, time remaining: 11s
Rendered 3775/4500, time remaining: 11s
Rendered 3776/4500, time remaining: 11s
Rendered 3777/4500, time remaining: 11s
Rendered 3777/4500, time remaining: 11s
Rendered 3778/4500, time remaining: 11s
Rendered 3779/4500, time remaining: 11s
Rendered 3780/4500, time remaining: 11s
Rendered 3781/4500, time remaining: 11s
Rendered 3782/4500, time remaining: 11s
Rendered 3783/4500, time remaining: 11s
Rendered 3784/4500, time remaining: 11s
Rendered 3785/4500, time remaining: 11s
Rendered 3786/4500, time remaining: 11s
Rendered 3787/4500, time remaining: 11s
Rendered 3788/4500, time remaining: 10s
Rendered 3789/4500, time remaining: 11s
Rendered 3790/4500, time remaining: 10s
Rendered 3791/4500, time remaining: 10s
Rendered 3792/4500, time remaining: 10s
Rendered 3793/4500, time remaining: 10s
Rendered 3794/4500, time remaining: 10s
Rendered 3795/4500, time remaining: 10s
Rendered 3796/4500, time remaining: 10s
Rendered 3797/4500, time remaining: 10s
Rendered 3798/4500, time remaining: 10s
Rendered 3799/4500, time remaining: 10s
Rendered 3800/4500, time remaining: 10s
Rendered 3801/4500, time remaining: 10s
Rendered 3802/4500, time remaining: 10s
Rendered 3803/4500, time remaining: 10s
Rendered 3804/4500, time remaining: 10s
Rendered 3805/4500, time remaining: 10s
Rendered 3806/4500, time remaining: 10s
Rendered 3807/4500, time remaining: 10s
Rendered 3808/4500, time remaining: 10s
Rendered 3808/4500, time remaining: 10s
Rendered 3809/4500, time remaining: 10s
Rendered 3810/4500, time remaining: 10s
Rendered 3811/4500, time remaining: 11s
Rendered 3812/4500, time remaining: 11s
Rendered 3813/4500, time remaining: 11s
Rendered 3814/4500, time remaining: 11s
Rendered 3815/4500, time remaining: 10s
Rendered 3816/4500, time remaining: 10s
Rendered 3817/4500, time remaining: 11s
Rendered 3818/4500, time remaining: 11s
Rendered 3819/4500, time remaining: 11s
Rendered 3820/4500, time remaining: 11s
Rendered 3821/4500, time remaining: 11s
Rendered 3822/4500, time remaining: 11s
Rendered 3823/4500, time remaining: 11s
Rendered 3824/4500, time remaining: 11s
Rendered 3825/4500, time remaining: 11s
Rendered 3826/4500, time remaining: 11s
Rendered 3827/4500, time remaining: 10s
Rendered 3828/4500, time remaining: 11s
Rendered 3829/4500, time remaining: 10s
Rendered 3830/4500, time remaining: 11s
Rendered 3831/4500, time remaining: 10s
Rendered 3832/4500, time remaining: 10s
Rendered 3833/4500, time remaining: 10s
Rendered 3834/4500, time remaining: 10s
Rendered 3835/4500, time remaining: 10s
Rendered 3835/4500, time remaining: 10s
Rendered 3836/4500, time remaining: 10s
Rendered 3837/4500, time remaining: 10s
Rendered 3838/4500, time remaining: 10s
Rendered 3839/4500, time remaining: 10s
Rendered 3840/4500, time remaining: 10s
Rendered 3841/4500, time remaining: 10s
Rendered 3842/4500, time remaining: 10s
Rendered 3843/4500, time remaining: 10s
Rendered 3844/4500, time remaining: 10s
Rendered 3845/4500, time remaining: 10s
Rendered 3846/4500, time remaining: 10s
Rendered 3847/4500, time remaining: 10s
Rendered 3848/4500, time remaining: 10s
Rendered 3849/4500, time remaining: 10s
Rendered 3850/4500, time remaining: 10s
Rendered 3851/4500, time remaining: 10s
Rendered 3852/4500, time remaining: 10s
Rendered 3853/4500, time remaining: 10s
Rendered 3854/4500, time remaining: 10s
Rendered 3855/4500, time remaining: 10s
Rendered 3856/4500, time remaining: 10s
Rendered 3857/4500, time remaining: 10s
Rendered 3858/4500, time remaining: 10s
Rendered 3859/4500, time remaining: 10s
Rendered 3860/4500, time remaining: 10s
Rendered 3861/4500, time remaining: 10s
Rendered 3862/4500, time remaining: 10s
Rendered 3863/4500, time remaining: 10s
Rendered 3863/4500, time remaining: 10s
Rendered 3864/4500, time remaining: 10s
Rendered 3865/4500, time remaining: 10s
Rendered 3866/4500, time remaining: 10s
Rendered 3867/4500, time remaining: 10s
Rendered 3868/4500, time remaining: 10s
Rendered 3869/4500, time remaining: 10s
Rendered 3870/4500, time remaining: 10s
Rendered 3871/4500, time remaining: 10s
Rendered 3872/4500, time remaining: 10s
Rendered 3873/4500, time remaining: 10s
Rendered 3874/4500, time remaining: 10s
Rendered 3875/4500, time remaining: 10s
Rendered 3876/4500, time remaining: 10s
Rendered 3877/4500, time remaining: 10s
Rendered 3878/4500, time remaining: 10s
Rendered 3879/4500, time remaining: 10s
Rendered 3880/4500, time remaining: 10s
Rendered 3881/4500, time remaining: 10s
Rendered 3882/4500, time remaining: 10s
Rendered 3883/4500, time remaining: 10s
Rendered 3884/4500, time remaining: 10s
Rendered 3885/4500, time remaining: 10s
Rendered 3886/4500, time remaining: 10s
Rendered 3887/4500, time remaining: 10s
Rendered 3888/4500, time remaining: 10s
Rendered 3889/4500, time remaining: 10s
Rendered 3890/4500, time remaining: 10s
Rendered 3891/4500, time remaining: 10s
Rendered 3892/4500, time remaining: 10s
Rendered 3892/4500, time remaining: 10s
Rendered 3893/4500, time remaining: 10s
Rendered 3894/4500, time remaining: 10s
Rendered 3895/4500, time remaining: 10s
Rendered 3896/4500, time remaining: 10s
Rendered 3897/4500, time remaining: 10s
Rendered 3898/4500, time remaining: 10s
Rendered 3899/4500, time remaining: 10s
Rendered 3900/4500, time remaining: 10s
Rendered 3901/4500, time remaining: 10s
Rendered 3902/4500, time remaining: 10s
Rendered 3903/4500, time remaining: 10s
Rendered 3904/4500, time remaining: 10s
Rendered 3905/4500, time remaining: 10s
Rendered 3906/4500, time remaining: 10s
Rendered 3907/4500, time remaining: 10s
Rendered 3908/4500, time remaining: 10s
Rendered 3909/4500, time remaining: 10s
Rendered 3910/4500, time remaining: 10s
Rendered 3911/4500, time remaining: 9s
Rendered 3912/4500, time remaining: 10s
Rendered 3913/4500, time remaining: 10s
Rendered 3914/4500, time remaining: 10s
Rendered 3915/4500, time remaining: 10s
Rendered 3916/4500, time remaining: 10s
Rendered 3917/4500, time remaining: 10s
Rendered 3918/4500, time remaining: 10s
Rendered 3919/4500, time remaining: 10s
Rendered 3920/4500, time remaining: 10s
Rendered 3920/4500, time remaining: 10s
Rendered 3921/4500, time remaining: 10s
Rendered 3922/4500, time remaining: 10s
Rendered 3923/4500, time remaining: 10s
Rendered 3924/4500, time remaining: 10s
Rendered 3925/4500, time remaining: 10s
Rendered 3926/4500, time remaining: 10s
Rendered 3927/4500, time remaining: 10s
Rendered 3928/4500, time remaining: 10s
Rendered 3929/4500, time remaining: 10s
Rendered 3930/4500, time remaining: 10s
Rendered 3931/4500, time remaining: 10s
Rendered 3932/4500, time remaining: 10s
Rendered 3933/4500, time remaining: 10s
Rendered 3934/4500, time remaining: 10s
Rendered 3935/4500, time remaining: 10s
Rendered 3936/4500, time remaining: 10s
Rendered 3937/4500, time remaining: 10s
Rendered 3938/4500, time remaining: 10s
Rendered 3939/4500, time remaining: 10s
Rendered 3940/4500, time remaining: 10s
Rendered 3941/4500, time remaining: 10s
Rendered 3942/4500, time remaining: 10s
Rendered 3943/4500, time remaining: 10s
Rendered 3944/4500, time remaining: 10s
Rendered 3944/4500, time remaining: 10s
Rendered 3945/4500, time remaining: 10s
Rendered 3946/4500, time remaining: 10s
Rendered 3947/4500, time remaining: 10s
Rendered 3948/4500, time remaining: 10s
Rendered 3949/4500, time remaining: 10s
Rendered 3950/4500, time remaining: 10s
Rendered 3951/4500, time remaining: 10s
Rendered 3952/4500, time remaining: 10s
Rendered 3953/4500, time remaining: 10s
Rendered 3954/4500, time remaining: 10s
Rendered 3955/4500, time remaining: 10s
Rendered 3956/4500, time remaining: 10s
Rendered 3957/4500, time remaining: 10s
Rendered 3958/4500, time remaining: 9s
Rendered 3959/4500, time remaining: 9s
Rendered 3960/4500, time remaining: 9s
Rendered 3961/4500, time remaining: 9s
Rendered 3962/4500, time remaining: 9s
Rendered 3963/4500, time remaining: 9s
Rendered 3964/4500, time remaining: 9s
Rendered 3965/4500, time remaining: 9s
Rendered 3966/4500, time remaining: 9s
Rendered 3967/4500, time remaining: 9s
Rendered 3968/4500, time remaining: 9s
Rendered 3969/4500, time remaining: 9s
Rendered 3970/4500, time remaining: 9s
Rendered 3971/4500, time remaining: 9s
Rendered 3972/4500, time remaining: 9s
Rendered 3973/4500, time remaining: 9s
Rendered 3974/4500, time remaining: 9s
Rendered 3975/4500, time remaining: 9s
Rendered 3975/4500, time remaining: 9s
Rendered 3976/4500, time remaining: 9s
Rendered 3977/4500, time remaining: 9s
Rendered 3978/4500, time remaining: 9s
Rendered 3979/4500, time remaining: 9s
Rendered 3980/4500, time remaining: 9s
Rendered 3981/4500, time remaining: 9s
Rendered 3982/4500, time remaining: 9s
Rendered 3983/4500, time remaining: 9s
Rendered 3984/4500, time remaining: 9s
Rendered 3985/4500, time remaining: 9s
Rendered 3986/4500, time remaining: 9s
Rendered 3987/4500, time remaining: 9s
Rendered 3988/4500, time remaining: 9s
Rendered 3989/4500, time remaining: 9s
Rendered 3990/4500, time remaining: 9s
Rendered 3991/4500, time remaining: 9s
Rendered 3992/4500, time remaining: 9s
Rendered 3993/4500, time remaining: 9s
Rendered 3994/4500, time remaining: 8s
Rendered 3995/4500, time remaining: 9s
Rendered 3996/4500, time remaining: 8s
Rendered 3997/4500, time remaining: 8s
Rendered 3998/4500, time remaining: 8s
Rendered 3999/4500, time remaining: 8s
Rendered 4000/4500, time remaining: 8s
Rendered 4001/4500, time remaining: 8s
Rendered 4002/4500, time remaining: 8s
Rendered 4003/4500, time remaining: 8s
Rendered 4004/4500, time remaining: 8s
Rendered 4005/4500, time remaining: 8s
Rendered 4006/4500, time remaining: 8s
Rendered 4006/4500, time remaining: 8s
Rendered 4007/4500, time remaining: 8s
Rendered 4008/4500, time remaining: 8s
Rendered 4009/4500, time remaining: 8s
Rendered 4010/4500, time remaining: 8s
Rendered 4011/4500, time remaining: 8s
Rendered 4012/4500, time remaining: 8s
Rendered 4013/4500, time remaining: 8s
Rendered 4014/4500, time remaining: 8s
Rendered 4015/4500, time remaining: 8s
Rendered 4016/4500, time remaining: 8s
Rendered 4017/4500, time remaining: 8s
Rendered 4018/4500, time remaining: 8s
Rendered 4019/4500, time remaining: 8s
Rendered 4020/4500, time remaining: 8s
Rendered 4021/4500, time remaining: 8s
Rendered 4022/4500, time remaining: 8s
Rendered 4023/4500, time remaining: 8s
Rendered 4024/4500, time remaining: 8s
Rendered 4025/4500, time remaining: 8s
Rendered 4026/4500, time remaining: 8s
Rendered 4027/4500, time remaining: 8s
Rendered 4028/4500, time remaining: 8s
Rendered 4029/4500, time remaining: 8s
Rendered 4030/4500, time remaining: 8s
Rendered 4031/4500, time remaining: 8s
Rendered 4032/4500, time remaining: 8s
Rendered 4033/4500, time remaining: 8s
Rendered 4034/4500, time remaining: 8s
Rendered 4034/4500, time remaining: 8s
Rendered 4035/4500, time remaining: 8s
Rendered 4036/4500, time remaining: 8s
Rendered 4037/4500, time remaining: 8s
Rendered 4038/4500, time remaining: 8s
Rendered 4039/4500, time remaining: 8s
Rendered 4040/4500, time remaining: 8s
Rendered 4041/4500, time remaining: 8s
Rendered 4042/4500, time remaining: 8s
Rendered 4043/4500, time remaining: 8s
Rendered 4044/4500, time remaining: 8s
Rendered 4045/4500, time remaining: 8s
Rendered 4046/4500, time remaining: 8s
Rendered 4047/4500, time remaining: 8s
Rendered 4048/4500, time remaining: 8s
Rendered 4049/4500, time remaining: 8s
Rendered 4050/4500, time remaining: 8s
Rendered 4051/4500, time remaining: 8s
Rendered 4052/4500, time remaining: 8s
Rendered 4052/4500, time remaining: 8s
Rendered 4053/4500, time remaining: 8s
Rendered 4054/4500, time remaining: 8s
Rendered 4055/4500, time remaining: 8s
Rendered 4056/4500, time remaining: 8s
Rendered 4057/4500, time remaining: 8s
Rendered 4058/4500, time remaining: 8s
Rendered 4059/4500, time remaining: 8s
Rendered 4060/4500, time remaining: 8s
Rendered 4061/4500, time remaining: 8s
Rendered 4062/4500, time remaining: 8s
Rendered 4063/4500, time remaining: 8s
Rendered 4064/4500, time remaining: 8s
Rendered 4065/4500, time remaining: 8s
Rendered 4066/4500, time remaining: 8s
Rendered 4067/4500, time remaining: 8s
Rendered 4068/4500, time remaining: 8s
Rendered 4069/4500, time remaining: 8s
Rendered 4070/4500, time remaining: 8s
Rendered 4071/4500, time remaining: 8s
Rendered 4072/4500, time remaining: 8s
Rendered 4072/4500, time remaining: 8s
Rendered 4073/4500, time remaining: 8s
Rendered 4074/4500, time remaining: 8s
Rendered 4075/4500, time remaining: 8s
Rendered 4076/4500, time remaining: 8s
Rendered 4077/4500, time remaining: 8s
Rendered 4078/4500, time remaining: 8s
Rendered 4079/4500, time remaining: 8s
Rendered 4080/4500, time remaining: 8s
Rendered 4081/4500, time remaining: 8s
Rendered 4082/4500, time remaining: 8s
Rendered 4083/4500, time remaining: 8s
Rendered 4084/4500, time remaining: 8s
Rendered 4085/4500, time remaining: 8s
Rendered 4086/4500, time remaining: 8s
Rendered 4087/4500, time remaining: 8s
Rendered 4088/4500, time remaining: 8s
Rendered 4089/4500, time remaining: 8s
Rendered 4090/4500, time remaining: 8s
Rendered 4091/4500, time remaining: 8s
Rendered 4092/4500, time remaining: 8s
Rendered 4093/4500, time remaining: 8s
Rendered 4094/4500, time remaining: 8s
Rendered 4095/4500, time remaining: 7s
Rendered 4096/4500, time remaining: 8s
Rendered 4097/4500, time remaining: 7s
Rendered 4097/4500, time remaining: 7s
Rendered 4098/4500, time remaining: 8s
Rendered 4099/4500, time remaining: 8s
Rendered 4100/4500, time remaining: 8s
Rendered 4101/4500, time remaining: 7s
Rendered 4102/4500, time remaining: 7s
Rendered 4103/4500, time remaining: 7s
Rendered 4104/4500, time remaining: 7s
Rendered 4105/4500, time remaining: 7s
Rendered 4106/4500, time remaining: 7s
Rendered 4107/4500, time remaining: 7s
Rendered 4108/4500, time remaining: 7s
Rendered 4109/4500, time remaining: 7s
Rendered 4110/4500, time remaining: 7s
Rendered 4111/4500, time remaining: 7s
Rendered 4112/4500, time remaining: 7s
Rendered 4113/4500, time remaining: 7s
Rendered 4114/4500, time remaining: 7s
Rendered 4115/4500, time remaining: 7s
Rendered 4116/4500, time remaining: 7s
Rendered 4117/4500, time remaining: 7s
Rendered 4118/4500, time remaining: 7s
Rendered 4119/4500, time remaining: 7s
Rendered 4120/4500, time remaining: 7s
Rendered 4121/4500, time remaining: 7s
Rendered 4122/4500, time remaining: 7s
Rendered 4123/4500, time remaining: 7s
Rendered 4124/4500, time remaining: 7s
Rendered 4125/4500, time remaining: 7s
Rendered 4126/4500, time remaining: 7s
Rendered 4127/4500, time remaining: 7s
Rendered 4128/4500, time remaining: 7s
Rendered 4129/4500, time remaining: 7s
Rendered 4130/4500, time remaining: 7s
Rendered 4131/4500, time remaining: 7s
Rendered 4131/4500, time remaining: 7s
Rendered 4132/4500, time remaining: 7s
Rendered 4133/4500, time remaining: 7s
Rendered 4134/4500, time remaining: 7s
Rendered 4135/4500, time remaining: 6s
Rendered 4136/4500, time remaining: 7s
Rendered 4137/4500, time remaining: 6s
Rendered 4138/4500, time remaining: 6s
Rendered 4139/4500, time remaining: 6s
Rendered 4140/4500, time remaining: 6s
Rendered 4141/4500, time remaining: 6s
Rendered 4142/4500, time remaining: 6s
Rendered 4143/4500, time remaining: 6s
Rendered 4144/4500, time remaining: 6s
Rendered 4145/4500, time remaining: 6s
Rendered 4146/4500, time remaining: 6s
Rendered 4147/4500, time remaining: 6s
Rendered 4148/4500, time remaining: 6s
Rendered 4149/4500, time remaining: 6s
Rendered 4150/4500, time remaining: 6s
Rendered 4151/4500, time remaining: 6s
Rendered 4152/4500, time remaining: 6s
Rendered 4153/4500, time remaining: 6s
Rendered 4154/4500, time remaining: 6s
Rendered 4155/4500, time remaining: 6s
Rendered 4156/4500, time remaining: 6s
Rendered 4157/4500, time remaining: 6s
Rendered 4158/4500, time remaining: 6s
Rendered 4159/4500, time remaining: 6s
Rendered 4160/4500, time remaining: 6s
Rendered 4161/4500, time remaining: 6s
Rendered 4162/4500, time remaining: 6s
Rendered 4163/4500, time remaining: 6s
Rendered 4164/4500, time remaining: 6s
Rendered 4165/4500, time remaining: 6s
Rendered 4166/4500, time remaining: 6s
Rendered 4167/4500, time remaining: 6s
Rendered 4167/4500, time remaining: 6s
Rendered 4168/4500, time remaining: 6s
Rendered 4169/4500, time remaining: 6s
Rendered 4170/4500, time remaining: 6s
Rendered 4171/4500, time remaining: 6s
Rendered 4172/4500, time remaining: 6s
Rendered 4173/4500, time remaining: 6s
Rendered 4174/4500, time remaining: 6s
Rendered 4175/4500, time remaining: 6s
Rendered 4176/4500, time remaining: 6s
Rendered 4177/4500, time remaining: 6s
Rendered 4178/4500, time remaining: 6s
Rendered 4179/4500, time remaining: 5s
Rendered 4180/4500, time remaining: 5s
Rendered 4181/4500, time remaining: 5s
Rendered 4182/4500, time remaining: 5s
Rendered 4183/4500, time remaining: 5s
Rendered 4184/4500, time remaining: 5s
Rendered 4185/4500, time remaining: 5s
Rendered 4186/4500, time remaining: 5s
Rendered 4187/4500, time remaining: 5s
Rendered 4188/4500, time remaining: 5s
Rendered 4189/4500, time remaining: 5s
Rendered 4190/4500, time remaining: 5s
Rendered 4191/4500, time remaining: 5s
Rendered 4192/4500, time remaining: 5s
Rendered 4193/4500, time remaining: 5s
Rendered 4194/4500, time remaining: 5s
Rendered 4195/4500, time remaining: 5s
Rendered 4196/4500, time remaining: 5s
Rendered 4197/4500, time remaining: 5s
Rendered 4198/4500, time remaining: 5s
Rendered 4199/4500, time remaining: 5s
Rendered 4199/4500, time remaining: 5s
Rendered 4200/4500, time remaining: 5s
Rendered 4201/4500, time remaining: 5s
Rendered 4202/4500, time remaining: 5s
Rendered 4203/4500, time remaining: 5s
Rendered 4204/4500, time remaining: 4s
Rendered 4205/4500, time remaining: 4s
Rendered 4206/4500, time remaining: 4s
Rendered 4207/4500, time remaining: 4s
Rendered 4208/4500, time remaining: 4s
Rendered 4209/4500, time remaining: 4s
Rendered 4210/4500, time remaining: 4s
Rendered 4211/4500, time remaining: 4s
Rendered 4212/4500, time remaining: 4s
Rendered 4213/4500, time remaining: 4s
Rendered 4214/4500, time remaining: 4s
Rendered 4215/4500, time remaining: 4s
Rendered 4216/4500, time remaining: 4s
Rendered 4217/4500, time remaining: 4s
Rendered 4218/4500, time remaining: 4s
Rendered 4219/4500, time remaining: 4s
Rendered 4220/4500, time remaining: 4s
Rendered 4221/4500, time remaining: 4s
Rendered 4222/4500, time remaining: 4s
Rendered 4223/4500, time remaining: 4s
Rendered 4224/4500, time remaining: 4s
Rendered 4225/4500, time remaining: 4s
Rendered 4226/4500, time remaining: 4s
Rendered 4227/4500, time remaining: 4s
Rendered 4228/4500, time remaining: 4s
Rendered 4229/4500, time remaining: 4s
Rendered 4230/4500, time remaining: 3s
Rendered 4231/4500, time remaining: 4s
Rendered 4232/4500, time remaining: 4s
Rendered 4233/4500, time remaining: 4s
Rendered 4234/4500, time remaining: 3s
Rendered 4235/4500, time remaining: 3s
Rendered 4236/4500, time remaining: 3s
Rendered 4237/4500, time remaining: 3s
Rendered 4238/4500, time remaining: 3s
Rendered 4238/4500, time remaining: 3s
Rendered 4239/4500, time remaining: 3s
Rendered 4240/4500, time remaining: 3s
Rendered 4241/4500, time remaining: 3s
Rendered 4242/4500, time remaining: 3s
Rendered 4243/4500, time remaining: 3s
Rendered 4244/4500, time remaining: 3s
Rendered 4245/4500, time remaining: 3s
Rendered 4246/4500, time remaining: 3s
Rendered 4247/4500, time remaining: 3s
Rendered 4248/4500, time remaining: 3s
Rendered 4249/4500, time remaining: 3s
Rendered 4250/4500, time remaining: 3s
Rendered 4251/4500, time remaining: 3s
Rendered 4252/4500, time remaining: 3s
Rendered 4253/4500, time remaining: 3s
Rendered 4254/4500, time remaining: 3s
Rendered 4255/4500, time remaining: 3s
Rendered 4256/4500, time remaining: 3s
Rendered 4257/4500, time remaining: 3s
Rendered 4258/4500, time remaining: 3s
Rendered 4259/4500, time remaining: 3s
Rendered 4260/4500, time remaining: 3s
Rendered 4261/4500, time remaining: 3s
Rendered 4262/4500, time remaining: 3s
Rendered 4263/4500, time remaining: 3s
Rendered 4264/4500, time remaining: 3s
Rendered 4264/4500, time remaining: 3s
Rendered 4265/4500, time remaining: 3s
Rendered 4266/4500, time remaining: 3s
Rendered 4267/4500, time remaining: 3s
Rendered 4268/4500, time remaining: 3s
Rendered 4269/4500, time remaining: 3s
Rendered 4270/4500, time remaining: 3s
Rendered 4271/4500, time remaining: 3s
Rendered 4272/4500, time remaining: 3s
Rendered 4273/4500, time remaining: 3s
Rendered 4274/4500, time remaining: 3s
Rendered 4275/4500, time remaining: 3s
Rendered 4276/4500, time remaining: 3s
Rendered 4277/4500, time remaining: 3s
Rendered 4278/4500, time remaining: 3s
Rendered 4279/4500, time remaining: 3s
Rendered 4280/4500, time remaining: 3s
Rendered 4281/4500, time remaining: 3s
Rendered 4282/4500, time remaining: 3s
Rendered 4283/4500, time remaining: 3s
Rendered 4284/4500, time remaining: 3s
Rendered 4285/4500, time remaining: 3s
Rendered 4286/4500, time remaining: 3s
Rendered 4287/4500, time remaining: 3s
Rendered 4288/4500, time remaining: 3s
Rendered 4289/4500, time remaining: 3s
Rendered 4290/4500, time remaining: 3s
Rendered 4291/4500, time remaining: 3s
Rendered 4291/4500, time remaining: 3s
Rendered 4292/4500, time remaining: 3s
Rendered 4293/4500, time remaining: 3s
Rendered 4294/4500, time remaining: 3s
Rendered 4295/4500, time remaining: 3s
Rendered 4296/4500, time remaining: 3s
Rendered 4297/4500, time remaining: 3s
Rendered 4298/4500, time remaining: 3s
Rendered 4299/4500, time remaining: 3s
Rendered 4300/4500, time remaining: 3s
Rendered 4301/4500, time remaining: 3s
Rendered 4302/4500, time remaining: 3s
Rendered 4303/4500, time remaining: 3s
Rendered 4304/4500, time remaining: 3s
Rendered 4305/4500, time remaining: 3s
Rendered 4306/4500, time remaining: 3s
Rendered 4307/4500, time remaining: 3s
Rendered 4308/4500, time remaining: 3s
Rendered 4309/4500, time remaining: 3s
Rendered 4310/4500, time remaining: 3s
Rendered 4311/4500, time remaining: 3s
Rendered 4312/4500, time remaining: 3s
Rendered 4313/4500, time remaining: 3s
Rendered 4314/4500, time remaining: 3s
Rendered 4315/4500, time remaining: 2s
Rendered 4316/4500, time remaining: 3s
Rendered 4317/4500, time remaining: 3s
Rendered 4318/4500, time remaining: 2s
Rendered 4319/4500, time remaining: 2s
Rendered 4320/4500, time remaining: 2s
Rendered 4321/4500, time remaining: 2s
Rendered 4322/4500, time remaining: 2s
Rendered 4322/4500, time remaining: 2s
Rendered 4323/4500, time remaining: 2s
Rendered 4324/4500, time remaining: 2s
Rendered 4325/4500, time remaining: 2s
Rendered 4326/4500, time remaining: 2s
Rendered 4327/4500, time remaining: 2s
Rendered 4328/4500, time remaining: 2s
Rendered 4329/4500, time remaining: 2s
Rendered 4330/4500, time remaining: 2s
Rendered 4331/4500, time remaining: 2s
Rendered 4332/4500, time remaining: 2s
Rendered 4333/4500, time remaining: 2s
Rendered 4334/4500, time remaining: 2s
Rendered 4335/4500, time remaining: 2s
Rendered 4336/4500, time remaining: 2s
Rendered 4337/4500, time remaining: 2s
Rendered 4338/4500, time remaining: 2s
Rendered 4339/4500, time remaining: 2s
Rendered 4340/4500, time remaining: 2s
Rendered 4341/4500, time remaining: 2s
Rendered 4342/4500, time remaining: 2s
Rendered 4343/4500, time remaining: 2s
Rendered 4344/4500, time remaining: 2s
Rendered 4345/4500, time remaining: 2s
Rendered 4346/4500, time remaining: 2s
Rendered 4347/4500, time remaining: 2s
Rendered 4348/4500, time remaining: 2s
Rendered 4349/4500, time remaining: 2s
Rendered 4350/4500, time remaining: 2s
Rendered 4351/4500, time remaining: 2s
Rendered 4352/4500, time remaining: 2s
Rendered 4353/4500, time remaining: 2s
Rendered 4354/4500, time remaining: 2s
Rendered 4355/4500, time remaining: 2s
Rendered 4356/4500, time remaining: 2s
Rendered 4356/4500, time remaining: 2s
Rendered 4357/4500, time remaining: 2s
Rendered 4358/4500, time remaining: 2s
Rendered 4359/4500, time remaining: 2s
Rendered 4360/4500, time remaining: 2s
Rendered 4361/4500, time remaining: 2s
Rendered 4362/4500, time remaining: 2s
Rendered 4363/4500, time remaining: 2s
Rendered 4364/4500, time remaining: 2s
Rendered 4365/4500, time remaining: 2s
Rendered 4366/4500, time remaining: 2s
Rendered 4367/4500, time remaining: 2s
Rendered 4368/4500, time remaining: 2s
Rendered 4369/4500, time remaining: 2s
Rendered 4370/4500, time remaining: 2s
Rendered 4371/4500, time remaining: 2s
Rendered 4372/4500, time remaining: 2s
Rendered 4373/4500, time remaining: 2s
Rendered 4374/4500, time remaining: 2s
Rendered 4375/4500, time remaining: 2s
Rendered 4376/4500, time remaining: 2s
Rendered 4377/4500, time remaining: 2s
Rendered 4378/4500, time remaining: 2s
Rendered 4379/4500, time remaining: 2s
Rendered 4380/4500, time remaining: 2s
Rendered 4381/4500, time remaining: 1s
Rendered 4382/4500, time remaining: 1s
Rendered 4383/4500, time remaining: 1s
Rendered 4384/4500, time remaining: 1s
Rendered 4385/4500, time remaining: 1s
Rendered 4386/4500, time remaining: 1s
Rendered 4387/4500, time remaining: 1s
Rendered 4387/4500, time remaining: 1s
Rendered 4388/4500, time remaining: 1s
Rendered 4389/4500, time remaining: 1s
Rendered 4390/4500, time remaining: 1s
Rendered 4391/4500, time remaining: 1s
Rendered 4392/4500, time remaining: 1s
Rendered 4393/4500, time remaining: 1s
Rendered 4394/4500, time remaining: 1s
Rendered 4395/4500, time remaining: 1s
Rendered 4396/4500, time remaining: 1s
Rendered 4397/4500, time remaining: 1s
Rendered 4398/4500, time remaining: 1s
Rendered 4399/4500, time remaining: 1s
Rendered 4400/4500, time remaining: 1s
Rendered 4401/4500, time remaining: 1s
Rendered 4402/4500, time remaining: 1s
Rendered 4403/4500, time remaining: 1s
Rendered 4404/4500, time remaining: 1s
Rendered 4405/4500, time remaining: 1s
Rendered 4406/4500, time remaining: 1s
Rendered 4407/4500, time remaining: 1s
Rendered 4408/4500, time remaining: 1s
Rendered 4409/4500, time remaining: 1s
Rendered 4410/4500, time remaining: 1s
Rendered 4411/4500, time remaining: 1s
Rendered 4412/4500, time remaining: 1s
Rendered 4413/4500, time remaining: 1s
Rendered 4414/4500, time remaining: 1s
Rendered 4415/4500, time remaining: 1s
Rendered 4416/4500, time remaining: 1s
Rendered 4417/4500, time remaining: 1s
Rendered 4418/4500, time remaining: 1s
Rendered 4419/4500, time remaining: 1s
Rendered 4420/4500, time remaining: 1s
Rendered 4421/4500, time remaining: 1s
Rendered 4422/4500, time remaining: 1s
Rendered 4422/4500, time remaining: 1s
Rendered 4423/4500, time remaining: 1s
Rendered 4424/4500, time remaining: 1s
Rendered 4425/4500, time remaining: 1s
Rendered 4426/4500, time remaining: 1s
Rendered 4427/4500, time remaining: 1s
Rendered 4428/4500, time remaining: 1s
Rendered 4429/4500, time remaining: 1s
Rendered 4430/4500, time remaining: 1s
Rendered 4431/4500, time remaining: 1s
Rendered 4432/4500, time remaining: 1s
Rendered 4433/4500, time remaining: 1s
Rendered 4434/4500, time remaining: 1s
Rendered 4435/4500, time remaining: 1s
Rendered 4436/4500, time remaining: 1s
Rendered 4437/4500, time remaining: 0s
Rendered 4438/4500, time remaining: 0s
Rendered 4439/4500, time remaining: 0s
Rendered 4440/4500, time remaining: 0s
Rendered 4441/4500, time remaining: 0s
Rendered 4442/4500, time remaining: 0s
Rendered 4443/4500, time remaining: 0s
Rendered 4444/4500, time remaining: 0s
Rendered 4445/4500, time remaining: 0s
Rendered 4446/4500, time remaining: 0s
Rendered 4447/4500, time remaining: 0s
Rendered 4448/4500, time remaining: 0s
Rendered 4449/4500, time remaining: 0s
Rendered 4450/4500, time remaining: 0s
Rendered 4451/4500, time remaining: 0s
Rendered 4452/4500, time remaining: 0s
Rendered 4453/4500, time remaining: 0s
Rendered 4454/4500, time remaining: 0s
Rendered 4454/4500, time remaining: 0s
Rendered 4455/4500, time remaining: 0s
Rendered 4456/4500, time remaining: 0s
Rendered 4457/4500, time remaining: 0s
Rendered 4458/4500, time remaining: 0s
Rendered 4459/4500, time remaining: 0s
Rendered 4460/4500, time remaining: 0s
Rendered 4461/4500, time remaining: 0s
Rendered 4462/4500, time remaining: 0s
Rendered 4463/4500, time remaining: 0s
Rendered 4464/4500, time remaining: 0s
Rendered 4465/4500, time remaining: 0s
Rendered 4466/4500, time remaining: 0s
Rendered 4467/4500, time remaining: 0s
Rendered 4468/4500, time remaining: 0s
Rendered 4469/4500, time remaining: 0s
Rendered 4470/4500, time remaining: 0s
Rendered 4471/4500, time remaining: 0s
Rendered 4472/4500, time remaining: 0s
Rendered 4473/4500, time remaining: 0s
Rendered 4474/4500, time remaining: 0s
Rendered 4475/4500, time remaining: 0s
Rendered 4476/4500, time remaining: 0s
Rendered 4477/4500, time remaining: 0s
Rendered 4478/4500, time remaining: 0s
Rendered 4479/4500, time remaining: 0s
Rendered 4480/4500, time remaining: 0s
Rendered 4481/4500, time remaining: 0s
Rendered 4482/4500, time remaining: 0s
Rendered 4483/4500, time remaining: 0s
Rendered 4484/4500, time remaining: 0s
Rendered 4485/4500, time remaining: 0s
Rendered 4486/4500, time remaining: 0s
Rendered 4486/4500, time remaining: 0s
Rendered 4487/4500, time remaining: 0s
Rendered 4488/4500, time remaining: 0s
Rendered 4489/4500, time remaining: 0s
Rendered 4490/4500, time remaining: 0s
Rendered 4491/4500, time remaining: 0s
Rendered 4492/4500, time remaining: 0s
Rendered 4493/4500, time remaining: 0s
Rendered 4494/4500, time remaining: 0s
Rendered 4495/4500, time remaining: 0s
Rendered 4496/4500, time remaining: 0s
Rendered 4497/4500, time remaining: 0s
Rendered 4498/4500, time remaining: 0s
Rendered 4499/4500, time remaining: 0s
Encoded 3539/4500
Encoded 3590/4500
Encoded 3600/4500
Encoded 4500/4500
+                    ../output/chap01.mp4 24.2 MB

>>> Rendering [Chapter02-TheBiologicalDream] -> ../output/chap02.mp4 ...
Getting composition
Composition          Chapter02-TheBiologicalDream
Codec                h264
Output               ../output/chap02.mp4
Concurrency          8x
Rendered 0/4500
Rendered 1/4500, time remaining: 1h 3s
Rendered 2/4500, time remaining: 30m 5s
Rendered 3/4500, time remaining: 20m 9s
Rendered 4/4500, time remaining: 15m 8s
Rendered 5/4500, time remaining: 12m 7s
Rendered 6/4500, time remaining: 10m 9s
Rendered 7/4500, time remaining: 8m 42s
Rendered 8/4500, time remaining: 7m 37s
Rendered 9/4500, time remaining: 8m 15s
Rendered 10/4500, time remaining: 7m 25s
Rendered 11/4500, time remaining: 7m 12s
Rendered 12/4500, time remaining: 6m 37s
Rendered 13/4500, time remaining: 6m 10s
Rendered 14/4500, time remaining: 5m 45s
Rendered 15/4500, time remaining: 5m 25s
Rendered 16/4500, time remaining: 5m 4s
Rendered 17/4500, time remaining: 5m 11s
Rendered 18/4500, time remaining: 4m 58s
Rendered 18/4500, time remaining: 4m 58s
Rendered 19/4500, time remaining: 5m 3s
Rendered 20/4500, time remaining: 4m 48s
Rendered 21/4500, time remaining: 4m 35s
Rendered 22/4500, time remaining: 4m 23s
Rendered 23/4500, time remaining: 4m 12s
Rendered 24/4500, time remaining: 4m 5s
Rendered 25/4500, time remaining: 3m 58s
Rendered 26/4500, time remaining: 3m 49s
Rendered 27/4500, time remaining: 3m 58s
Rendered 28/4500, time remaining: 3m 50s
Rendered 29/4500, time remaining: 3m 42s
Rendered 30/4500, time remaining: 3m 37s
Rendered 31/4500, time remaining: 3m 31s
Rendered 32/4500, time remaining: 3m 26s
Rendered 33/4500, time remaining: 3m 20s
Rendered 34/4500, time remaining: 3m 15s
Rendered 35/4500, time remaining: 3m 23s
Rendered 36/4500, time remaining: 3m 17s
Rendered 37/4500, time remaining: 3m 12s
Rendered 38/4500, time remaining: 3m 9s
Rendered 39/4500, time remaining: 3m 4s
Rendered 40/4500, time remaining: 3m 1s
Rendered 41/4500, time remaining: 2m 56s
Rendered 42/4500, time remaining: 2m 53s
Rendered 43/4500, time remaining: 2m 59s
Rendered 44/4500, time remaining: 2m 55s
Rendered 45/4500, time remaining: 2m 51s
Rendered 45/4500, time remaining: 2m 51s
Rendered 46/4500, time remaining: 2m 50s
Rendered 47/4500, time remaining: 2m 46s
Rendered 48/4500, time remaining: 2m 44s
Rendered 49/4500, time remaining: 2m 41s
Rendered 50/4500, time remaining: 2m 38s
Rendered 51/4500, time remaining: 2m 45s
Rendered 52/4500, time remaining: 2m 42s
Rendered 53/4500, time remaining: 2m 40s
Rendered 54/4500, time remaining: 2m 40s
Rendered 55/4500, time remaining: 2m 38s
Rendered 56/4500, time remaining: 2m 35s
Rendered 57/4500, time remaining: 2m 34s
Rendered 58/4500, time remaining: 2m 32s
Rendered 59/4500, time remaining: 2m 38s
Rendered 60/4500, time remaining: 2m 36s
Rendered 61/4500, time remaining: 2m 34s
Rendered 62/4500, time remaining: 2m 33s
Rendered 63/4500, time remaining: 2m 31s
Rendered 64/4500, time remaining: 2m 29s
Rendered 65/4500, time remaining: 2m 27s
Rendered 66/4500, time remaining: 2m 26s
Rendered 66/4500, time remaining: 2m 26s
Rendered 67/4500, time remaining: 2m 33s
Rendered 68/4500, time remaining: 2m 31s
Rendered 69/4500, time remaining: 2m 29s
Rendered 70/4500, time remaining: 2m 28s
Rendered 71/4500, time remaining: 2m 26s
Rendered 72/4500, time remaining: 2m 25s
Rendered 73/4500, time remaining: 2m 23s
Rendered 74/4500, time remaining: 2m 21s
Rendered 75/4500, time remaining: 2m 28s
Rendered 76/4500, time remaining: 2m 26s
Rendered 77/4500, time remaining: 2m 25s
Rendered 78/4500, time remaining: 2m 24s
Rendered 79/4500, time remaining: 2m 23s
Rendered 80/4500, time remaining: 2m 21s
Rendered 81/4500, time remaining: 2m 19s
Rendered 82/4500, time remaining: 2m 18s
Rendered 83/4500, time remaining: 2m 26s
Rendered 83/4500, time remaining: 2m 26s
Rendered 84/4500, time remaining: 2m 24s
Rendered 85/4500, time remaining: 2m 23s
Rendered 86/4500, time remaining: 2m 22s
Rendered 87/4500, time remaining: 2m 20s
Rendered 88/4500, time remaining: 2m 20s
Rendered 89/4500, time remaining: 2m 19s
Rendered 90/4500, time remaining: 2m 17s
Rendered 91/4500, time remaining: 2m 26s
Rendered 92/4500, time remaining: 2m 25s
Rendered 93/4500, time remaining: 2m 23s
Rendered 94/4500, time remaining: 2m 22s
Rendered 95/4500, time remaining: 2m 21s
Rendered 96/4500, time remaining: 2m 21s
Rendered 97/4500, time remaining: 2m 19s
Rendered 98/4500, time remaining: 2m 19s
Rendered 98/4500, time remaining: 2m 19s
Rendered 99/4500, time remaining: 2m 29s
Rendered 100/4500, time remaining: 2m 28s
Rendered 101/4500, time remaining: 2m 26s
Rendered 102/4500, time remaining: 2m 25s
Rendered 103/4500, time remaining: 2m 24s
Rendered 104/4500, time remaining: 2m 23s
Rendered 105/4500, time remaining: 2m 23s
Rendered 106/4500, time remaining: 2m 21s
Rendered 107/4500, time remaining: 2m 32s
Rendered 108/4500, time remaining: 2m 31s
Rendered 109/4500, time remaining: 2m 30s
Rendered 110/4500, time remaining: 2m 29s
Rendered 111/4500, time remaining: 2m 28s
Rendered 111/4500, time remaining: 2m 28s
Rendered 112/4500, time remaining: 2m 27s
Rendered 113/4500, time remaining: 2m 27s
Rendered 114/4500, time remaining: 2m 26s
Rendered 115/4500, time remaining: 2m 35s
Rendered 116/4500, time remaining: 2m 35s
Rendered 117/4500, time remaining: 2m 33s
Rendered 118/4500, time remaining: 2m 33s
Rendered 119/4500, time remaining: 2m 31s
Rendered 120/4500, time remaining: 2m 31s
Rendered 121/4500, time remaining: 2m 31s
Rendered 122/4500, time remaining: 2m 30s
Rendered 122/4500, time remaining: 2m 30s
Rendered 123/4500, time remaining: 2m 36s
Rendered 124/4500, time remaining: 2m 35s
Rendered 125/4500, time remaining: 2m 34s
Rendered 126/4500, time remaining: 2m 33s
Rendered 127/4500, time remaining: 2m 32s
Rendered 128/4500, time remaining: 2m 32s
Rendered 129/4500, time remaining: 2m 31s
Rendered 130/4500, time remaining: 2m 30s
Rendered 131/4500, time remaining: 2m 36s
Rendered 132/4500, time remaining: 2m 35s
Rendered 133/4500, time remaining: 2m 34s
Rendered 134/4500, time remaining: 2m 34s
Rendered 135/4500, time remaining: 2m 33s
Rendered 135/4500, time remaining: 2m 33s
Rendered 136/4500, time remaining: 2m 34s
Rendered 137/4500, time remaining: 2m 32s
Rendered 138/4500, time remaining: 2m 32s
Rendered 139/4500, time remaining: 2m 37s
Rendered 140/4500, time remaining: 2m 36s
Rendered 141/4500, time remaining: 2m 35s
Rendered 142/4500, time remaining: 2m 35s
Rendered 143/4500, time remaining: 2m 34s
Rendered 144/4500, time remaining: 2m 33s
Rendered 145/4500, time remaining: 2m 32s
Rendered 146/4500, time remaining: 2m 31s
Rendered 146/4500, time remaining: 2m 31s
Rendered 147/4500, time remaining: 2m 37s
Rendered 148/4500, time remaining: 2m 36s
Rendered 149/4500, time remaining: 2m 35s
Rendered 150/4500, time remaining: 2m 34s
Rendered 151/4500, time remaining: 2m 11s
Rendered 152/4500, time remaining: 2m 11s
Rendered 153/4500, time remaining: 2m 11s
Rendered 154/4500, time remaining: 2m 12s
Rendered 155/4500, time remaining: 2m 17s
Rendered 156/4500, time remaining: 2m 17s
Rendered 157/4500, time remaining: 2m 17s
Rendered 158/4500, time remaining: 2m 18s
Rendered 159/4500, time remaining: 2m 13s
Rendered 160/4500, time remaining: 2m 13s
Rendered 161/4500, time remaining: 2m 11s
Rendered 162/4500, time remaining: 2m 11s
Rendered 162/4500, time remaining: 2m 11s
Rendered 163/4500, time remaining: 2m 16s
Rendered 164/4500, time remaining: 2m 16s
Rendered 165/4500, time remaining: 2m 16s
Rendered 166/4500, time remaining: 2m 17s
Rendered 167/4500, time remaining: 2m 15s
Rendered 168/4500, time remaining: 2m 15s
Rendered 169/4500, time remaining: 2m 12s
Rendered 170/4500, time remaining: 2m 12s
Rendered 171/4500, time remaining: 2m 18s
Rendered 172/4500, time remaining: 2m 18s
Rendered 173/4500, time remaining: 2m 18s
Rendered 174/4500, time remaining: 2m 17s
Rendered 175/4500, time remaining: 2m 18s
Rendered 176/4500, time remaining: 2m 18s
Rendered 177/4500, time remaining: 2m 16s
Rendered 178/4500, time remaining: 2m 16s
Rendered 178/4500, time remaining: 2m 16s
Rendered 179/4500, time remaining: 2m 20s
Rendered 180/4500, time remaining: 2m 20s
Rendered 181/4500, time remaining: 2m 20s
Rendered 182/4500, time remaining: 2m 20s
Rendered 183/4500, time remaining: 2m 22s
Rendered 184/4500, time remaining: 2m 21s
Rendered 185/4500, time remaining: 2m 19s
Rendered 186/4500, time remaining: 2m 19s
Rendered 187/4500, time remaining: 2m 22s
Rendered 188/4500, time remaining: 2m 22s
Rendered 189/4500, time remaining: 2m 23s
Rendered 190/4500, time remaining: 2m 23s
Rendered 191/4500, time remaining: 2m 23s
Rendered 192/4500, time remaining: 2m 23s
Rendered 193/4500, time remaining: 2m 21s
Rendered 194/4500, time remaining: 2m 21s
Rendered 194/4500, time remaining: 2m 21s
Rendered 195/4500, time remaining: 2m 25s
Rendered 196/4500, time remaining: 2m 24s
Rendered 197/4500, time remaining: 2m 24s
Rendered 198/4500, time remaining: 2m 25s
Rendered 199/4500, time remaining: 2m 24s
Rendered 200/4500, time remaining: 2m 25s
Rendered 201/4500, time remaining: 2m 22s
Rendered 202/4500, time remaining: 2m 22s
Rendered 203/4500, time remaining: 2m 26s
Rendered 204/4500, time remaining: 2m 24s
Rendered 205/4500, time remaining: 2m 24s
Rendered 206/4500, time remaining: 2m 25s
Rendered 207/4500, time remaining: 2m 25s
Rendered 208/4500, time remaining: 2m 24s
Rendered 209/4500, time remaining: 2m 21s
Rendered 210/4500, time remaining: 2m 22s
Rendered 211/4500, time remaining: 2m 25s
Rendered 212/4500, time remaining: 2m 25s
Rendered 213/4500, time remaining: 2m 24s
Rendered 214/4500, time remaining: 2m 25s
Rendered 215/4500, time remaining: 2m 25s
Rendered 216/4500, time remaining: 2m 25s
Rendered 216/4500, time remaining: 2m 25s
Rendered 217/4500, time remaining: 2m 22s
Rendered 218/4500, time remaining: 2m 22s
Rendered 219/4500, time remaining: 2m 26s
Rendered 220/4500, time remaining: 2m 26s
Rendered 221/4500, time remaining: 2m 26s
Rendered 222/4500, time remaining: 2m 26s
Rendered 223/4500, time remaining: 2m 26s
Rendered 224/4500, time remaining: 2m 27s
Rendered 225/4500, time remaining: 2m 23s
Rendered 226/4500, time remaining: 2m 23s
Rendered 227/4500, time remaining: 2m 27s
Rendered 228/4500, time remaining: 2m 27s
Rendered 229/4500, time remaining: 2m 27s
Rendered 230/4500, time remaining: 2m 27s
Rendered 231/4500, time remaining: 2m 27s
Rendered 232/4500, time remaining: 2m 28s
Rendered 233/4500, time remaining: 2m 23s
Rendered 233/4500, time remaining: 2m 23s
Rendered 234/4500, time remaining: 2m 23s
Rendered 235/4500, time remaining: 2m 27s
Rendered 236/4500, time remaining: 2m 27s
Rendered 237/4500, time remaining: 2m 27s
Rendered 238/4500, time remaining: 2m 27s
Rendered 239/4500, time remaining: 2m 27s
Rendered 240/4500, time remaining: 2m 27s
Rendered 241/4500, time remaining: 2m 21s
Rendered 242/4500, time remaining: 2m 22s
Rendered 243/4500, time remaining: 2m 26s
Rendered 244/4500, time remaining: 2m 25s
Rendered 245/4500, time remaining: 2m 25s
Rendered 246/4500, time remaining: 2m 25s
Rendered 247/4500, time remaining: 2m 26s
Rendered 248/4500, time remaining: 2m 25s
Rendered 249/4500, time remaining: 2m 19s
Rendered 250/4500, time remaining: 2m 18s
Rendered 250/4500, time remaining: 2m 18s
Rendered 251/4500, time remaining: 2m 22s
Rendered 252/4500, time remaining: 2m 23s
Rendered 253/4500, time remaining: 2m 23s
Rendered 254/4500, time remaining: 2m 22s
Rendered 255/4500, time remaining: 2m 22s
Rendered 256/4500, time remaining: 2m 22s
Rendered 257/4500, time remaining: 2m 15s
Rendered 258/4500, time remaining: 2m 14s
Rendered 259/4500, time remaining: 2m 19s
Rendered 260/4500, time remaining: 2m 18s
Rendered 261/4500, time remaining: 2m 18s
Rendered 262/4500, time remaining: 2m 18s
Rendered 263/4500, time remaining: 2m 17s
Rendered 264/4500, time remaining: 2m 18s
Rendered 265/4500, time remaining: 2m 11s
Rendered 266/4500, time remaining: 2m 11s
Rendered 266/4500, time remaining: 2m 11s
Rendered 267/4500, time remaining: 2m 15s
Rendered 268/4500, time remaining: 2m 15s
Rendered 269/4500, time remaining: 2m 15s
Rendered 270/4500, time remaining: 2m 15s
Rendered 271/4500, time remaining: 2m 15s
Rendered 272/4500, time remaining: 2m 15s
Rendered 273/4500, time remaining: 2m 9s
Rendered 274/4500, time remaining: 2m 9s
Rendered 275/4500, time remaining: 2m 14s
Rendered 276/4500, time remaining: 2m 13s
Rendered 277/4500, time remaining: 2m 14s
Rendered 278/4500, time remaining: 2m 12s
Rendered 279/4500, time remaining: 2m 13s
Rendered 280/4500, time remaining: 2m 13s
Rendered 281/4500, time remaining: 2m 7s
Rendered 282/4500, time remaining: 2m 8s
Rendered 282/4500, time remaining: 2m 8s
Rendered 283/4500, time remaining: 2m 11s
Rendered 284/4500, time remaining: 2m 11s
Rendered 285/4500, time remaining: 2m 11s
Rendered 286/4500, time remaining: 2m 10s
Rendered 287/4500, time remaining: 2m 10s
Rendered 288/4500, time remaining: 2m 10s
Rendered 289/4500, time remaining: 2m 4s
Rendered 290/4500, time remaining: 2m 4s
Rendered 291/4500, time remaining: 2m 9s
Rendered 292/4500, time remaining: 2m 8s
Rendered 293/4500, time remaining: 2m 8s
Rendered 294/4500, time remaining: 2m 8s
Rendered 295/4500, time remaining: 2m 8s
Rendered 296/4500, time remaining: 2m 8s
Rendered 297/4500, time remaining: 2m 2s
Rendered 298/4500, time remaining: 2m 2s
Rendered 298/4500, time remaining: 2m 2s
Rendered 299/4500, time remaining: 2m 6s
Rendered 300/4500, time remaining: 2m 7s
Rendered 301/4500, time remaining: 2m 7s
Rendered 302/4500, time remaining: 2m 7s
Rendered 303/4500, time remaining: 2m 6s
Rendered 304/4500, time remaining: 2m 7s
Rendered 305/4500, time remaining: 2m 2s
Rendered 306/4500, time remaining: 2m 2s
Rendered 307/4500, time remaining: 2m 6s
Rendered 308/4500, time remaining: 2m 6s
Rendered 309/4500, time remaining: 2m 6s
Rendered 310/4500, time remaining: 2m 6s
Rendered 311/4500, time remaining: 2m 7s
Rendered 312/4500, time remaining: 2m 6s
Rendered 313/4500, time remaining: 2m 2s
Rendered 314/4500, time remaining: 2m 2s
Rendered 314/4500, time remaining: 2m 2s
Rendered 315/4500, time remaining: 2m 5s
Rendered 316/4500, time remaining: 2m 5s
Rendered 317/4500, time remaining: 2m 4s
Rendered 318/4500, time remaining: 2m 5s
Rendered 319/4500, time remaining: 2m 5s
Rendered 320/4500, time remaining: 2m 5s
Rendered 321/4500, time remaining: 2m 0s
Rendered 322/4500, time remaining: 2m 0s
Rendered 323/4500, time remaining: 2m 4s
Rendered 324/4500, time remaining: 2m 4s
Rendered 325/4500, time remaining: 2m 3s
Rendered 326/4500, time remaining: 2m 3s
Rendered 327/4500, time remaining: 2m 3s
Rendered 328/4500, time remaining: 2m 3s
Rendered 329/4500, time remaining: 1m 59s
Rendered 330/4500, time remaining: 1m 59s
Rendered 331/4500, time remaining: 2m 3s
Rendered 332/4500, time remaining: 2m 2s
Rendered 333/4500, time remaining: 2m 1s
Rendered 334/4500, time remaining: 2m 1s
Rendered 335/4500, time remaining: 2m 1s
Rendered 335/4500, time remaining: 2m 1s
Rendered 336/4500, time remaining: 2m 1s
Rendered 337/4500, time remaining: 1m 58s
Rendered 338/4500, time remaining: 1m 58s
Rendered 339/4500, time remaining: 2m 2s
Rendered 340/4500, time remaining: 2m 2s
Rendered 341/4500, time remaining: 2m 1s
Rendered 342/4500, time remaining: 2m 1s
Rendered 343/4500, time remaining: 2m 1s
Rendered 344/4500, time remaining: 2m 1s
Rendered 345/4500, time remaining: 1m 58s
Rendered 346/4500, time remaining: 1m 58s
Rendered 347/4500, time remaining: 2m 2s
Rendered 348/4500, time remaining: 2m 2s
Rendered 349/4500, time remaining: 2m 3s
Rendered 350/4500, time remaining: 2m 2s
Rendered 351/4500, time remaining: 2m 2s
Rendered 352/4500, time remaining: 2m 2s
Rendered 353/4500, time remaining: 1m 59s
Rendered 354/4500, time remaining: 1m 59s
Rendered 354/4500, time remaining: 1m 59s
Rendered 355/4500, time remaining: 2m 3s
Rendered 356/4500, time remaining: 2m 3s
Rendered 357/4500, time remaining: 2m 3s
Rendered 358/4500, time remaining: 2m 3s
Rendered 359/4500, time remaining: 2m 2s
Rendered 360/4500, time remaining: 2m 2s
Rendered 361/4500, time remaining: 1m 59s
Rendered 362/4500, time remaining: 1m 59s
Rendered 363/4500, time remaining: 2m 4s
Rendered 364/4500, time remaining: 2m 3s
Rendered 365/4500, time remaining: 2m 3s
Rendered 366/4500, time remaining: 2m 3s
Rendered 367/4500, time remaining: 2m 2s
Rendered 368/4500, time remaining: 2m 2s
Rendered 369/4500, time remaining: 1m 58s
Rendered 370/4500, time remaining: 1m 58s
Rendered 370/4500, time remaining: 1m 58s
Rendered 371/4500, time remaining: 2m 3s
Rendered 372/4500, time remaining: 2m 3s
Rendered 373/4500, time remaining: 2m 3s
Rendered 374/4500, time remaining: 2m 2s
Rendered 375/4500, time remaining: 2m 2s
Rendered 376/4500, time remaining: 2m 2s
Rendered 377/4500, time remaining: 1m 58s
Rendered 378/4500, time remaining: 1m 58s
Rendered 379/4500, time remaining: 2m 3s
Rendered 380/4500, time remaining: 2m 3s
Rendered 381/4500, time remaining: 2m 3s
Rendered 382/4500, time remaining: 2m 2s
Rendered 383/4500, time remaining: 2m 2s
Rendered 384/4500, time remaining: 2m 2s
Rendered 385/4500, time remaining: 1m 59s
Rendered 386/4500, time remaining: 2m 0s
Rendered 386/4500, time remaining: 2m 0s
Rendered 387/4500, time remaining: 2m 5s
Rendered 388/4500, time remaining: 2m 5s
Rendered 389/4500, time remaining: 2m 4s
Rendered 390/4500, time remaining: 2m 4s
Rendered 391/4500, time remaining: 2m 4s
Rendered 392/4500, time remaining: 2m 4s
Rendered 393/4500, time remaining: 2m 0s
Rendered 394/4500, time remaining: 2m 1s
Rendered 395/4500, time remaining: 2m 6s
Rendered 396/4500, time remaining: 2m 6s
Rendered 397/4500, time remaining: 2m 5s
Rendered 397/4500, time remaining: 2m 5s
Rendered 398/4500, time remaining: 2m 5s
Rendered 399/4500, time remaining: 2m 5s
Rendered 400/4500, time remaining: 2m 5s
Rendered 401/4500, time remaining: 2m 1s
Rendered 402/4500, time remaining: 2m 1s
Rendered 403/4500, time remaining: 2m 7s
Rendered 404/4500, time remaining: 2m 7s
Rendered 405/4500, time remaining: 2m 7s
Rendered 406/4500, time remaining: 2m 6s
Rendered 407/4500, time remaining: 2m 6s
Rendered 408/4500, time remaining: 2m 6s
Rendered 409/4500, time remaining: 2m 2s
Rendered 410/4500, time remaining: 2m 2s
Rendered 410/4500, time remaining: 2m 2s
Rendered 411/4500, time remaining: 2m 7s
Rendered 412/4500, time remaining: 2m 7s
Rendered 413/4500, time remaining: 2m 7s
Rendered 414/4500, time remaining: 2m 7s
Rendered 415/4500, time remaining: 2m 6s
Rendered 416/4500, time remaining: 2m 6s
Rendered 417/4500, time remaining: 2m 2s
Rendered 418/4500, time remaining: 2m 1s
Rendered 419/4500, time remaining: 2m 7s
Rendered 420/4500, time remaining: 2m 7s
Rendered 421/4500, time remaining: 2m 6s
Rendered 422/4500, time remaining: 2m 6s
Rendered 423/4500, time remaining: 2m 6s
Rendered 424/4500, time remaining: 2m 6s
Rendered 425/4500, time remaining: 2m 2s
Rendered 426/4500, time remaining: 2m 2s
Rendered 426/4500, time remaining: 2m 2s
Rendered 427/4500, time remaining: 2m 7s
Rendered 428/4500, time remaining: 2m 7s
Rendered 429/4500, time remaining: 2m 7s
Rendered 430/4500, time remaining: 2m 6s
Rendered 431/4500, time remaining: 2m 7s
Rendered 432/4500, time remaining: 2m 7s
Rendered 433/4500, time remaining: 2m 3s
Rendered 434/4500, time remaining: 2m 3s
Rendered 435/4500, time remaining: 2m 7s
Rendered 436/4500, time remaining: 2m 7s
Rendered 437/4500, time remaining: 2m 6s
Rendered 438/4500, time remaining: 2m 7s
Rendered 439/4500, time remaining: 2m 6s
Rendered 440/4500, time remaining: 2m 7s
Rendered 441/4500, time remaining: 2m 3s
Rendered 442/4500, time remaining: 2m 3s
Rendered 442/4500, time remaining: 2m 3s
Rendered 443/4500, time remaining: 2m 7s
Rendered 444/4500, time remaining: 2m 7s
Rendered 445/4500, time remaining: 2m 6s
Rendered 446/4500, time remaining: 2m 6s
Rendered 447/4500, time remaining: 2m 6s
Rendered 448/4500, time remaining: 2m 6s
Rendered 449/4500, time remaining: 2m 2s
Rendered 450/4500, time remaining: 2m 2s
Rendered 451/4500, time remaining: 2m 7s
Rendered 452/4500, time remaining: 2m 7s
Rendered 453/4500, time remaining: 2m 7s
Rendered 454/4500, time remaining: 2m 6s
Rendered 455/4500, time remaining: 2m 6s
Rendered 456/4500, time remaining: 2m 6s
Rendered 457/4500, time remaining: 2m 3s
Rendered 458/4500, time remaining: 2m 2s
Rendered 458/4500, time remaining: 2m 2s
Rendered 459/4500, time remaining: 2m 6s
Rendered 460/4500, time remaining: 2m 6s
Rendered 461/4500, time remaining: 2m 6s
Rendered 462/4500, time remaining: 2m 6s
Rendered 463/4500, time remaining: 2m 6s
Rendered 464/4500, time remaining: 2m 6s
Rendered 465/4500, time remaining: 2m 3s
Rendered 466/4500, time remaining: 2m 2s
Rendered 467/4500, time remaining: 2m 6s
Rendered 468/4500, time remaining: 2m 6s
Rendered 469/4500, time remaining: 2m 6s
Rendered 470/4500, time remaining: 2m 6s
Rendered 471/4500, time remaining: 2m 5s
Rendered 472/4500, time remaining: 2m 5s
Rendered 473/4500, time remaining: 2m 2s
Rendered 474/4500, time remaining: 2m 2s
Rendered 475/4500, time remaining: 2m 6s
Rendered 476/4500, time remaining: 2m 6s
Rendered 477/4500, time remaining: 2m 6s
Rendered 478/4500, time remaining: 2m 5s
Rendered 479/4500, time remaining: 2m 5s
Rendered 480/4500, time remaining: 2m 6s
Rendered 480/4500, time remaining: 2m 6s
Rendered 481/4500, time remaining: 2m 2s
Rendered 482/4500, time remaining: 2m 2s
Rendered 483/4500, time remaining: 2m 6s
Rendered 484/4500, time remaining: 2m 6s
Rendered 485/4500, time remaining: 2m 6s
Rendered 486/4500, time remaining: 2m 5s
Rendered 487/4500, time remaining: 2m 5s
Rendered 488/4500, time remaining: 2m 5s
Rendered 489/4500, time remaining: 2m 2s
Rendered 490/4500, time remaining: 2m 2s
Rendered 491/4500, time remaining: 2m 6s
Rendered 492/4500, time remaining: 2m 5s
Rendered 493/4500, time remaining: 2m 5s
Rendered 494/4500, time remaining: 2m 5s
Rendered 495/4500, time remaining: 2m 4s
Rendered 496/4500, time remaining: 2m 4s
Rendered 497/4500, time remaining: 2m 1s
Rendered 498/4500, time remaining: 2m 1s
Rendered 498/4500, time remaining: 2m 1s
Rendered 499/4500, time remaining: 2m 4s
Rendered 500/4500, time remaining: 2m 4s
Rendered 501/4500, time remaining: 2m 4s
Rendered 502/4500, time remaining: 2m 4s
Rendered 503/4500, time remaining: 2m 3s
Rendered 504/4500, time remaining: 2m 4s
Rendered 505/4500, time remaining: 1m 59s
Rendered 506/4500, time remaining: 1m 59s
Rendered 507/4500, time remaining: 2m 4s
Rendered 508/4500, time remaining: 2m 4s
Rendered 509/4500, time remaining: 2m 4s
Rendered 510/4500, time remaining: 2m 3s
Rendered 511/4500, time remaining: 2m 3s
Rendered 512/4500, time remaining: 2m 3s
Rendered 513/4500, time remaining: 1m 59s
Rendered 514/4500, time remaining: 1m 59s
Rendered 514/4500, time remaining: 1m 59s
Rendered 515/4500, time remaining: 2m 4s
Rendered 516/4500, time remaining: 2m 3s
Rendered 517/4500, time remaining: 2m 4s
Rendered 518/4500, time remaining: 2m 3s
Rendered 519/4500, time remaining: 2m 4s
Rendered 520/4500, time remaining: 2m 4s
Rendered 521/4500, time remaining: 2m 0s
Rendered 522/4500, time remaining: 1m 59s
Rendered 523/4500, time remaining: 2m 4s
Rendered 524/4500, time remaining: 2m 4s
Rendered 525/4500, time remaining: 2m 4s
Rendered 526/4500, time remaining: 2m 3s
Rendered 527/4500, time remaining: 2m 4s
Rendered 528/4500, time remaining: 2m 4s
Rendered 529/4500, time remaining: 1m 59s
Rendered 530/4500, time remaining: 1m 59s
Rendered 530/4500, time remaining: 1m 59s
Rendered 531/4500, time remaining: 2m 4s
Rendered 532/4500, time remaining: 2m 4s
Rendered 533/4500, time remaining: 2m 4s
Rendered 534/4500, time remaining: 2m 4s
Rendered 535/4500, time remaining: 2m 3s
Rendered 536/4500, time remaining: 2m 3s
Rendered 537/4500, time remaining: 1m 58s
Rendered 538/4500, time remaining: 1m 58s
Rendered 539/4500, time remaining: 2m 2s
Rendered 540/4500, time remaining: 2m 2s
Rendered 541/4500, time remaining: 2m 2s
Rendered 542/4500, time remaining: 2m 2s
Rendered 543/4500, time remaining: 2m 2s
Rendered 544/4500, time remaining: 2m 2s
Rendered 545/4500, time remaining: 1m 57s
Rendered 546/4500, time remaining: 1m 57s
Rendered 546/4500, time remaining: 1m 57s
Rendered 547/4500, time remaining: 2m 2s
Rendered 548/4500, time remaining: 2m 2s
Rendered 549/4500, time remaining: 2m 2s
Rendered 550/4500, time remaining: 2m 4s
Rendered 551/4500, time remaining: 2m 4s
Rendered 552/4500, time remaining: 2m 4s
Rendered 553/4500, time remaining: 1m 58s
Rendered 554/4500, time remaining: 1m 58s
Rendered 555/4500, time remaining: 2m 4s
Rendered 556/4500, time remaining: 2m 4s
Rendered 557/4500, time remaining: 2m 3s
Rendered 558/4500, time remaining: 2m 4s
Rendered 558/4500, time remaining: 2m 4s
Rendered 559/4500, time remaining: 2m 4s
Rendered 560/4500, time remaining: 2m 4s
Rendered 561/4500, time remaining: 1m 59s
Rendered 562/4500, time remaining: 1m 59s
Rendered 563/4500, time remaining: 2m 3s
Rendered 564/4500, time remaining: 2m 3s
Rendered 565/4500, time remaining: 2m 3s
Rendered 566/4500, time remaining: 2m 3s
Rendered 567/4500, time remaining: 2m 3s
Rendered 568/4500, time remaining: 2m 3s
Rendered 569/4500, time remaining: 1m 58s
Rendered 570/4500, time remaining: 1m 58s
Rendered 571/4500, time remaining: 2m 3s
Rendered 572/4500, time remaining: 2m 3s
Rendered 573/4500, time remaining: 2m 3s
Rendered 574/4500, time remaining: 2m 2s
Rendered 574/4500, time remaining: 2m 2s
Rendered 575/4500, time remaining: 2m 3s
Rendered 576/4500, time remaining: 2m 3s
Rendered 577/4500, time remaining: 1m 58s
Rendered 578/4500, time remaining: 1m 57s
Rendered 579/4500, time remaining: 2m 1s
Rendered 580/4500, time remaining: 2m 1s
Rendered 581/4500, time remaining: 2m 1s
Rendered 582/4500, time remaining: 2m 1s
Rendered 583/4500, time remaining: 2m 2s
Rendered 584/4500, time remaining: 2m 1s
Rendered 585/4500, time remaining: 1m 58s
Rendered 586/4500, time remaining: 1m 58s
Rendered 587/4500, time remaining: 2m 2s
Rendered 588/4500, time remaining: 2m 2s
Rendered 589/4500, time remaining: 2m 2s
Rendered 590/4500, time remaining: 2m 2s
Rendered 590/4500, time remaining: 2m 2s
Rendered 591/4500, time remaining: 2m 2s
Rendered 592/4500, time remaining: 2m 2s
Rendered 593/4500, time remaining: 1m 58s
Rendered 594/4500, time remaining: 1m 58s
Rendered 595/4500, time remaining: 2m 3s
Rendered 596/4500, time remaining: 2m 2s
Rendered 597/4500, time remaining: 2m 2s
Rendered 598/4500, time remaining: 2m 2s
Rendered 599/4500, time remaining: 2m 3s
Rendered 600/4500, time remaining: 2m 3s
Rendered 601/4500, time remaining: 1m 59s
Rendered 602/4500, time remaining: 1m 59s
Rendered 603/4500, time remaining: 2m 3s
Rendered 604/4500, time remaining: 2m 3s
Rendered 605/4500, time remaining: 2m 2s
Rendered 606/4500, time remaining: 2m 3s
Rendered 606/4500, time remaining: 2m 3s
Rendered 607/4500, time remaining: 2m 2s
Rendered 608/4500, time remaining: 2m 2s
Rendered 609/4500, time remaining: 1m 59s
Rendered 610/4500, time remaining: 1m 58s
Rendered 611/4500, time remaining: 2m 3s
Rendered 612/4500, time remaining: 2m 2s
Rendered 613/4500, time remaining: 2m 2s
Rendered 614/4500, time remaining: 2m 2s
Rendered 615/4500, time remaining: 2m 2s
Rendered 616/4500, time remaining: 2m 2s
Rendered 617/4500, time remaining: 1m 59s
Rendered 618/4500, time remaining: 1m 59s
Rendered 619/4500, time remaining: 2m 3s
Rendered 620/4500, time remaining: 2m 4s
Rendered 621/4500, time remaining: 2m 3s
Rendered 621/4500, time remaining: 2m 3s
Rendered 622/4500, time remaining: 2m 3s
Rendered 623/4500, time remaining: 2m 3s
Rendered 624/4500, time remaining: 2m 3s
Rendered 625/4500, time remaining: 2m 0s
Rendered 626/4500, time remaining: 2m 0s
Rendered 627/4500, time remaining: 2m 3s
Rendered 628/4500, time remaining: 2m 4s
Rendered 629/4500, time remaining: 2m 3s
Rendered 630/4500, time remaining: 2m 3s
Rendered 631/4500, time remaining: 2m 3s
Rendered 632/4500, time remaining: 2m 3s
Rendered 633/4500, time remaining: 1m 59s
Rendered 634/4500, time remaining: 1m 59s
Rendered 635/4500, time remaining: 2m 4s
Rendered 636/4500, time remaining: 2m 4s
Rendered 637/4500, time remaining: 2m 4s
Rendered 638/4500, time remaining: 2m 4s
Rendered 639/4500, time remaining: 2m 3s
Rendered 640/4500, time remaining: 2m 4s
Rendered 640/4500, time remaining: 2m 4s
Rendered 641/4500, time remaining: 2m 0s
Rendered 642/4500, time remaining: 2m 0s
Rendered 643/4500, time remaining: 2m 5s
Rendered 644/4500, time remaining: 2m 5s
Rendered 645/4500, time remaining: 2m 5s
Rendered 646/4500, time remaining: 2m 5s
Rendered 647/4500, time remaining: 2m 5s
Rendered 648/4500, time remaining: 2m 5s
Rendered 649/4500, time remaining: 2m 2s
Rendered 650/4500, time remaining: 2m 2s
Rendered 650/4500, time remaining: 2m 2s
Rendered 651/4500, time remaining: 2m 7s
Rendered 652/4500, time remaining: 2m 6s
Rendered 653/4500, time remaining: 2m 6s
Rendered 654/4500, time remaining: 2m 6s
Rendered 655/4500, time remaining: 2m 6s
Rendered 656/4500, time remaining: 2m 6s
Rendered 657/4500, time remaining: 2m 2s
Rendered 658/4500, time remaining: 2m 2s
Rendered 659/4500, time remaining: 2m 6s
Rendered 660/4500, time remaining: 2m 6s
Rendered 661/4500, time remaining: 2m 6s
Rendered 662/4500, time remaining: 2m 7s
Rendered 663/4500, time remaining: 2m 6s
Rendered 664/4500, time remaining: 2m 6s
Rendered 665/4500, time remaining: 2m 3s
Rendered 666/4500, time remaining: 2m 3s
Rendered 667/4500, time remaining: 2m 5s
Rendered 668/4500, time remaining: 2m 6s
Rendered 669/4500, time remaining: 2m 6s
Rendered 669/4500, time remaining: 2m 6s
Rendered 670/4500, time remaining: 2m 6s
Rendered 671/4500, time remaining: 2m 6s
Rendered 672/4500, time remaining: 2m 5s
Rendered 673/4500, time remaining: 2m 2s
Rendered 674/4500, time remaining: 2m 2s
Rendered 675/4500, time remaining: 2m 6s
Rendered 676/4500, time remaining: 2m 6s
Rendered 677/4500, time remaining: 2m 6s
Rendered 678/4500, time remaining: 2m 6s
Rendered 679/4500, time remaining: 2m 6s
Rendered 680/4500, time remaining: 2m 6s
Rendered 681/4500, time remaining: 2m 1s
Rendered 682/4500, time remaining: 2m 2s
Rendered 682/4500, time remaining: 2m 2s
Rendered 683/4500, time remaining: 2m 7s
Rendered 684/4500, time remaining: 2m 7s
Rendered 685/4500, time remaining: 2m 7s
Rendered 686/4500, time remaining: 2m 7s
Rendered 687/4500, time remaining: 2m 7s
Rendered 688/4500, time remaining: 2m 7s
Rendered 689/4500, time remaining: 2m 2s
Rendered 690/4500, time remaining: 2m 2s
Rendered 691/4500, time remaining: 2m 8s
Rendered 692/4500, time remaining: 2m 8s
Rendered 693/4500, time remaining: 2m 8s
Rendered 694/4500, time remaining: 2m 8s
Rendered 695/4500, time remaining: 2m 8s
Rendered 696/4500, time remaining: 2m 7s
Rendered 697/4500, time remaining: 2m 3s
Rendered 698/4500, time remaining: 2m 3s
Rendered 698/4500, time remaining: 2m 3s
Rendered 699/4500, time remaining: 2m 8s
Rendered 700/4500, time remaining: 2m 6s
Rendered 701/4500, time remaining: 2m 6s
Rendered 702/4500, time remaining: 2m 6s
Rendered 703/4500, time remaining: 2m 6s
Rendered 704/4500, time remaining: 2m 7s
Rendered 705/4500, time remaining: 2m 1s
Rendered 706/4500, time remaining: 2m 1s
Rendered 707/4500, time remaining: 2m 6s
Rendered 708/4500, time remaining: 2m 6s
Rendered 709/4500, time remaining: 2m 5s
Rendered 710/4500, time remaining: 2m 5s
Rendered 711/4500, time remaining: 2m 5s
Rendered 712/4500, time remaining: 2m 6s
Rendered 713/4500, time remaining: 2m 2s
Rendered 714/4500, time remaining: 2m 1s
Rendered 714/4500, time remaining: 2m 1s
Rendered 715/4500, time remaining: 2m 5s
Rendered 716/4500, time remaining: 2m 5s
Rendered 717/4500, time remaining: 2m 6s
Rendered 718/4500, time remaining: 2m 6s
Rendered 719/4500, time remaining: 2m 6s
Rendered 720/4500, time remaining: 2m 6s
Rendered 721/4500, time remaining: 2m 2s
Rendered 722/4500, time remaining: 2m 2s
Rendered 723/4500, time remaining: 2m 5s
Rendered 724/4500, time remaining: 2m 5s
Rendered 725/4500, time remaining: 2m 6s
Rendered 725/4500, time remaining: 2m 6s
Rendered 726/4500, time remaining: 2m 6s
Rendered 727/4500, time remaining: 2m 6s
Rendered 728/4500, time remaining: 2m 6s
Rendered 729/4500, time remaining: 2m 2s
Rendered 730/4500, time remaining: 2m 3s
Rendered 731/4500, time remaining: 2m 6s
Rendered 732/4500, time remaining: 2m 5s
Rendered 733/4500, time remaining: 2m 6s
Rendered 734/4500, time remaining: 2m 6s
Rendered 735/4500, time remaining: 2m 5s
Rendered 736/4500, time remaining: 2m 5s
Rendered 737/4500, time remaining: 2m 2s
Rendered 738/4500, time remaining: 2m 2s
Rendered 739/4500, time remaining: 2m 5s
Rendered 740/4500, time remaining: 2m 5s
Rendered 741/4500, time remaining: 2m 5s
Rendered 741/4500, time remaining: 2m 5s
Rendered 742/4500, time remaining: 2m 6s
Rendered 743/4500, time remaining: 2m 6s
Rendered 744/4500, time remaining: 2m 5s
Rendered 745/4500, time remaining: 2m 1s
Rendered 746/4500, time remaining: 2m 2s
Rendered 747/4500, time remaining: 2m 4s
Rendered 748/4500, time remaining: 2m 4s
Rendered 749/4500, time remaining: 2m 4s
Rendered 750/4500, time remaining: 2m 5s
Rendered 751/4500, time remaining: 2m 4s
Rendered 752/4500, time remaining: 2m 4s
Rendered 753/4500, time remaining: 2m 0s
Rendered 754/4500, time remaining: 1m 59s
Rendered 755/4500, time remaining: 2m 3s
Rendered 756/4500, time remaining: 2m 2s
Rendered 757/4500, time remaining: 2m 2s
Rendered 758/4500, time remaining: 2m 3s
Rendered 759/4500, time remaining: 2m 2s
Rendered 760/4500, time remaining: 2m 2s
Rendered 761/4500, time remaining: 1m 58s
Rendered 762/4500, time remaining: 1m 59s
Rendered 762/4500, time remaining: 1m 59s
Rendered 763/4500, time remaining: 2m 2s
Rendered 764/4500, time remaining: 2m 1s
Rendered 765/4500, time remaining: 2m 2s
Rendered 766/4500, time remaining: 2m 2s
Rendered 767/4500, time remaining: 2m 2s
Rendered 768/4500, time remaining: 2m 2s
Rendered 769/4500, time remaining: 1m 58s
Rendered 770/4500, time remaining: 1m 57s
Rendered 771/4500, time remaining: 2m 1s
Rendered 772/4500, time remaining: 2m 1s
Rendered 773/4500, time remaining: 2m 1s
Rendered 774/4500, time remaining: 2m 1s
Rendered 775/4500, time remaining: 2m 1s
Rendered 776/4500, time remaining: 2m 1s
Rendered 777/4500, time remaining: 1m 57s
Rendered 778/4500, time remaining: 1m 58s
Rendered 778/4500, time remaining: 1m 58s
Rendered 779/4500, time remaining: 2m 2s
Rendered 780/4500, time remaining: 2m 2s
Rendered 781/4500, time remaining: 2m 1s
Rendered 782/4500, time remaining: 2m 2s
Rendered 783/4500, time remaining: 2m 2s
Rendered 784/4500, time remaining: 2m 2s
Rendered 785/4500, time remaining: 1m 58s
Rendered 786/4500, time remaining: 1m 58s
Rendered 787/4500, time remaining: 2m 2s
Rendered 788/4500, time remaining: 2m 1s
Rendered 789/4500, time remaining: 2m 1s
Rendered 790/4500, time remaining: 2m 1s
Rendered 791/4500, time remaining: 2m 1s
Rendered 792/4500, time remaining: 2m 1s
Rendered 793/4500, time remaining: 1m 56s
Rendered 794/4500, time remaining: 1m 57s
Rendered 794/4500, time remaining: 1m 57s
Rendered 795/4500, time remaining: 2m 0s
Rendered 796/4500, time remaining: 2m 0s
Rendered 797/4500, time remaining: 2m 0s
Rendered 798/4500, time remaining: 1m 59s
Rendered 799/4500, time remaining: 1m 58s
Rendered 800/4500, time remaining: 1m 59s
Rendered 801/4500, time remaining: 1m 54s
Rendered 802/4500, time remaining: 1m 55s
Rendered 803/4500, time remaining: 1m 58s
Rendered 804/4500, time remaining: 1m 58s
Rendered 805/4500, time remaining: 1m 58s
Rendered 806/4500, time remaining: 1m 58s
Rendered 807/4500, time remaining: 1m 57s
Rendered 808/4500, time remaining: 1m 58s
Rendered 809/4500, time remaining: 1m 54s
Rendered 810/4500, time remaining: 1m 54s
Rendered 810/4500, time remaining: 1m 54s
Rendered 811/4500, time remaining: 1m 58s
Rendered 812/4500, time remaining: 1m 58s
Rendered 813/4500, time remaining: 1m 58s
Rendered 814/4500, time remaining: 1m 58s
Rendered 815/4500, time remaining: 1m 57s
Rendered 816/4500, time remaining: 1m 57s
Rendered 817/4500, time remaining: 1m 54s
Rendered 818/4500, time remaining: 1m 54s
Rendered 819/4500, time remaining: 1m 59s
Rendered 820/4500, time remaining: 1m 59s
Rendered 821/4500, time remaining: 1m 58s
Rendered 822/4500, time remaining: 1m 58s
Rendered 823/4500, time remaining: 1m 58s
Rendered 824/4500, time remaining: 1m 58s
Rendered 825/4500, time remaining: 1m 54s
Rendered 826/4500, time remaining: 1m 54s
Rendered 826/4500, time remaining: 1m 54s
Rendered 827/4500, time remaining: 1m 59s
Rendered 828/4500, time remaining: 1m 59s
Rendered 829/4500, time remaining: 1m 59s
Rendered 830/4500, time remaining: 1m 58s
Rendered 831/4500, time remaining: 1m 58s
Rendered 832/4500, time remaining: 1m 58s
Rendered 833/4500, time remaining: 1m 53s
Rendered 834/4500, time remaining: 1m 53s
Rendered 835/4500, time remaining: 1m 58s
Rendered 836/4500, time remaining: 1m 58s
Rendered 837/4500, time remaining: 1m 58s
Rendered 838/4500, time remaining: 1m 57s
Rendered 839/4500, time remaining: 1m 57s
Rendered 840/4500, time remaining: 1m 57s
Rendered 841/4500, time remaining: 1m 52s
Rendered 842/4500, time remaining: 1m 52s
Rendered 842/4500, time remaining: 1m 52s
Rendered 843/4500, time remaining: 1m 57s
Rendered 844/4500, time remaining: 1m 56s
Rendered 845/4500, time remaining: 1m 56s
Rendered 846/4500, time remaining: 1m 57s
Rendered 847/4500, time remaining: 1m 56s
Rendered 848/4500, time remaining: 1m 56s
Rendered 849/4500, time remaining: 1m 52s
Rendered 850/4500, time remaining: 1m 52s
Rendered 851/4500, time remaining: 1m 57s
Rendered 852/4500, time remaining: 1m 56s
Rendered 853/4500, time remaining: 1m 56s
Rendered 854/4500, time remaining: 1m 56s
Rendered 855/4500, time remaining: 1m 56s
Rendered 856/4500, time remaining: 1m 56s
Rendered 856/4500, time remaining: 1m 56s
Rendered 857/4500, time remaining: 1m 52s
Rendered 858/4500, time remaining: 1m 52s
Rendered 859/4500, time remaining: 1m 57s
Rendered 860/4500, time remaining: 1m 56s
Rendered 861/4500, time remaining: 1m 56s
Rendered 862/4500, time remaining: 1m 56s
Rendered 863/4500, time remaining: 1m 56s
Rendered 864/4500, time remaining: 1m 56s
Rendered 865/4500, time remaining: 1m 55s
Rendered 866/4500, time remaining: 1m 55s
Rendered 867/4500, time remaining: 1m 56s
Rendered 867/4500, time remaining: 1m 56s
Rendered 868/4500, time remaining: 1m 57s
Rendered 869/4500, time remaining: 1m 57s
Rendered 870/4500, time remaining: 1m 58s
Rendered 871/4500, time remaining: 1m 59s
Rendered 872/4500, time remaining: 1m 59s
Rendered 873/4500, time remaining: 1m 56s
Rendered 874/4500, time remaining: 1m 56s
Rendered 875/4500, time remaining: 1m 55s
Rendered 876/4500, time remaining: 1m 58s
Rendered 877/4500, time remaining: 1m 58s
Rendered 878/4500, time remaining: 1m 58s
Rendered 879/4500, time remaining: 1m 58s
Rendered 880/4500, time remaining: 1m 58s
Rendered 881/4500, time remaining: 1m 55s
Rendered 882/4500, time remaining: 1m 56s
Rendered 883/4500, time remaining: 1m 55s
Rendered 883/4500, time remaining: 1m 55s
Rendered 884/4500, time remaining: 1m 56s
Rendered 885/4500, time remaining: 1m 57s
Rendered 886/4500, time remaining: 1m 57s
Rendered 887/4500, time remaining: 1m 57s
Rendered 888/4500, time remaining: 1m 57s
Rendered 889/4500, time remaining: 1m 54s
Rendered 890/4500, time remaining: 1m 55s
Rendered 891/4500, time remaining: 1m 54s
Rendered 892/4500, time remaining: 1m 56s
Rendered 893/4500, time remaining: 1m 57s
Rendered 894/4500, time remaining: 1m 57s
Rendered 895/4500, time remaining: 1m 57s
Rendered 896/4500, time remaining: 1m 57s
Rendered 897/4500, time remaining: 1m 55s
Rendered 898/4500, time remaining: 1m 55s
Rendered 899/4500, time remaining: 1m 54s
Rendered 899/4500, time remaining: 1m 54s
Rendered 900/4500, time remaining: 1m 57s
Rendered 901/4500, time remaining: 1m 57s
Rendered 902/4500, time remaining: 1m 58s
Rendered 903/4500, time remaining: 1m 58s
Rendered 904/4500, time remaining: 1m 58s
Rendered 905/4500, time remaining: 1m 55s
Rendered 906/4500, time remaining: 1m 55s
Rendered 907/4500, time remaining: 1m 55s
Rendered 908/4500, time remaining: 1m 58s
Rendered 909/4500, time remaining: 1m 58s
Rendered 910/4500, time remaining: 1m 58s
Rendered 911/4500, time remaining: 1m 58s
Rendered 912/4500, time remaining: 1m 59s
Rendered 913/4500, time remaining: 1m 56s
Rendered 914/4500, time remaining: 1m 56s
Rendered 915/4500, time remaining: 1m 56s
Rendered 915/4500, time remaining: 1m 56s
Rendered 916/4500, time remaining: 1m 57s
Rendered 917/4500, time remaining: 1m 57s
Rendered 918/4500, time remaining: 1m 57s
Rendered 919/4500, time remaining: 1m 57s
Rendered 920/4500, time remaining: 1m 57s
Rendered 921/4500, time remaining: 1m 54s
Rendered 922/4500, time remaining: 1m 54s
Rendered 923/4500, time remaining: 1m 54s
Rendered 924/4500, time remaining: 1m 56s
Rendered 925/4500, time remaining: 1m 57s
Rendered 926/4500, time remaining: 1m 56s
Rendered 927/4500, time remaining: 1m 56s
Rendered 928/4500, time remaining: 1m 56s
Rendered 929/4500, time remaining: 1m 53s
Rendered 930/4500, time remaining: 1m 53s
Rendered 931/4500, time remaining: 1m 53s
Rendered 932/4500, time remaining: 1m 54s
Rendered 932/4500, time remaining: 1m 54s
Rendered 933/4500, time remaining: 1m 55s
Rendered 934/4500, time remaining: 1m 55s
Rendered 935/4500, time remaining: 1m 55s
Rendered 936/4500, time remaining: 1m 55s
Rendered 937/4500, time remaining: 1m 52s
Rendered 938/4500, time remaining: 1m 53s
Rendered 939/4500, time remaining: 1m 53s
Rendered 940/4500, time remaining: 1m 54s
Rendered 941/4500, time remaining: 1m 56s
Rendered 942/4500, time remaining: 1m 55s
Rendered 943/4500, time remaining: 1m 55s
Rendered 944/4500, time remaining: 1m 55s
Rendered 945/4500, time remaining: 1m 52s
Rendered 946/4500, time remaining: 1m 53s
Rendered 947/4500, time remaining: 1m 53s
Rendered 948/4500, time remaining: 1m 55s
Rendered 948/4500, time remaining: 1m 55s
Rendered 949/4500, time remaining: 1m 56s
Rendered 950/4500, time remaining: 1m 56s
Rendered 951/4500, time remaining: 1m 56s
Rendered 952/4500, time remaining: 1m 56s
Rendered 953/4500, time remaining: 1m 52s
Rendered 954/4500, time remaining: 1m 53s
Rendered 955/4500, time remaining: 1m 53s
Rendered 956/4500, time remaining: 1m 55s
Rendered 957/4500, time remaining: 1m 56s
Rendered 958/4500, time remaining: 1m 56s
Rendered 959/4500, time remaining: 1m 56s
Rendered 960/4500, time remaining: 1m 55s
Rendered 961/4500, time remaining: 1m 52s
Rendered 962/4500, time remaining: 1m 52s
Rendered 963/4500, time remaining: 1m 52s
Rendered 964/4500, time remaining: 1m 54s
Rendered 965/4500, time remaining: 1m 55s
Rendered 966/4500, time remaining: 1m 55s
Rendered 967/4500, time remaining: 1m 55s
Rendered 968/4500, time remaining: 1m 55s
Rendered 969/4500, time remaining: 1m 50s
Rendered 970/4500, time remaining: 1m 50s
Rendered 970/4500, time remaining: 1m 50s
Rendered 971/4500, time remaining: 1m 50s
Rendered 972/4500, time remaining: 1m 52s
Rendered 973/4500, time remaining: 1m 53s
Rendered 974/4500, time remaining: 1m 53s
Rendered 975/4500, time remaining: 1m 53s
Rendered 976/4500, time remaining: 1m 53s
Rendered 977/4500, time remaining: 1m 48s
Rendered 978/4500, time remaining: 1m 48s
Rendered 979/4500, time remaining: 1m 48s
Rendered 980/4500, time remaining: 1m 51s
Rendered 981/4500, time remaining: 1m 51s
Rendered 982/4500, time remaining: 1m 52s
Rendered 983/4500, time remaining: 1m 52s
Rendered 984/4500, time remaining: 1m 51s
Rendered 985/4500, time remaining: 1m 47s
Rendered 986/4500, time remaining: 1m 47s
Rendered 987/4500, time remaining: 1m 47s
Rendered 987/4500, time remaining: 1m 47s
Rendered 988/4500, time remaining: 1m 49s
Rendered 989/4500, time remaining: 1m 50s
Rendered 990/4500, time remaining: 1m 51s
Rendered 991/4500, time remaining: 1m 51s
Rendered 992/4500, time remaining: 1m 50s
Rendered 993/4500, time remaining: 1m 47s
Rendered 994/4500, time remaining: 1m 47s
Rendered 995/4500, time remaining: 1m 47s
Rendered 996/4500, time remaining: 1m 48s
Rendered 997/4500, time remaining: 1m 49s
Rendered 998/4500, time remaining: 1m 50s
Rendered 999/4500, time remaining: 1m 50s
Rendered 1000/4500, time remaining: 1m 50s
Rendered 1001/4500, time remaining: 1m 45s
Rendered 1002/4500, time remaining: 1m 46s
Rendered 1003/4500, time remaining: 1m 46s
Rendered 1003/4500, time remaining: 1m 46s
Rendered 1004/4500, time remaining: 1m 47s
Rendered 1005/4500, time remaining: 1m 47s
Rendered 1006/4500, time remaining: 1m 48s
Rendered 1007/4500, time remaining: 1m 49s
Rendered 1008/4500, time remaining: 1m 48s
Rendered 1009/4500, time remaining: 1m 44s
Rendered 1010/4500, time remaining: 1m 44s
Rendered 1011/4500, time remaining: 1m 44s
Rendered 1012/4500, time remaining: 1m 45s
Rendered 1013/4500, time remaining: 1m 46s
Rendered 1014/4500, time remaining: 1m 47s
Rendered 1015/4500, time remaining: 1m 45s
Rendered 1016/4500, time remaining: 1m 44s
Rendered 1017/4500, time remaining: 1m 43s
Rendered 1018/4500, time remaining: 1m 42s
Rendered 1019/4500, time remaining: 1m 42s
Rendered 1019/4500, time remaining: 1m 42s
Rendered 1020/4500, time remaining: 1m 42s
Rendered 1021/4500, time remaining: 1m 41s
Rendered 1022/4500, time remaining: 1m 43s
Rendered 1023/4500, time remaining: 1m 43s
Rendered 1024/4500, time remaining: 1m 43s
Rendered 1025/4500, time remaining: 1m 43s
Rendered 1026/4500, time remaining: 1m 40s
Rendered 1027/4500, time remaining: 1m 40s
Rendered 1028/4500, time remaining: 1m 42s
Rendered 1029/4500, time remaining: 1m 42s
Rendered 1030/4500, time remaining: 1m 44s
Rendered 1031/4500, time remaining: 1m 44s
Rendered 1032/4500, time remaining: 1m 44s
Rendered 1033/4500, time remaining: 1m 44s
Rendered 1034/4500, time remaining: 1m 42s
Rendered 1035/4500, time remaining: 1m 41s
Rendered 1035/4500, time remaining: 1m 41s
Rendered 1036/4500, time remaining: 1m 42s
Rendered 1037/4500, time remaining: 1m 43s
Rendered 1038/4500, time remaining: 1m 44s
Rendered 1039/4500, time remaining: 1m 44s
Rendered 1040/4500, time remaining: 1m 44s
Rendered 1041/4500, time remaining: 1m 44s
Rendered 1042/4500, time remaining: 1m 41s
Rendered 1043/4500, time remaining: 1m 41s
Rendered 1044/4500, time remaining: 1m 42s
Rendered 1045/4500, time remaining: 1m 42s
Rendered 1046/4500, time remaining: 1m 43s
Rendered 1047/4500, time remaining: 1m 44s
Rendered 1048/4500, time remaining: 1m 44s
Rendered 1049/4500, time remaining: 1m 44s
Rendered 1050/4500, time remaining: 1m 41s
Rendered 1051/4500, time remaining: 1m 40s
Rendered 1051/4500, time remaining: 1m 40s
Rendered 1052/4500, time remaining: 1m 41s
Rendered 1053/4500, time remaining: 1m 41s
Rendered 1054/4500, time remaining: 1m 43s
Rendered 1055/4500, time remaining: 1m 44s
Rendered 1056/4500, time remaining: 1m 43s
Rendered 1057/4500, time remaining: 1m 44s
Rendered 1058/4500, time remaining: 1m 41s
Rendered 1059/4500, time remaining: 1m 41s
Rendered 1060/4500, time remaining: 1m 41s
Rendered 1061/4500, time remaining: 1m 41s
Rendered 1062/4500, time remaining: 1m 43s
Rendered 1063/4500, time remaining: 1m 44s
Rendered 1064/4500, time remaining: 1m 44s
Rendered 1065/4500, time remaining: 1m 44s
Rendered 1066/4500, time remaining: 1m 42s
Rendered 1066/4500, time remaining: 1m 42s
Rendered 1067/4500, time remaining: 1m 42s
Rendered 1068/4500, time remaining: 1m 42s
Rendered 1069/4500, time remaining: 1m 42s
Rendered 1070/4500, time remaining: 1m 45s
Rendered 1071/4500, time remaining: 1m 44s
Rendered 1072/4500, time remaining: 1m 44s
Rendered 1073/4500, time remaining: 1m 45s
Rendered 1074/4500, time remaining: 1m 44s
Rendered 1075/4500, time remaining: 1m 43s
Rendered 1076/4500, time remaining: 1m 43s
Rendered 1077/4500, time remaining: 1m 43s
Rendered 1078/4500, time remaining: 1m 45s
Rendered 1079/4500, time remaining: 1m 45s
Rendered 1080/4500, time remaining: 1m 44s
Rendered 1081/4500, time remaining: 1m 46s
Rendered 1081/4500, time remaining: 1m 46s
Rendered 1082/4500, time remaining: 1m 44s
Rendered 1083/4500, time remaining: 1m 43s
Rendered 1084/4500, time remaining: 1m 43s
Rendered 1085/4500, time remaining: 1m 43s
Rendered 1086/4500, time remaining: 1m 45s
Rendered 1087/4500, time remaining: 1m 45s
Rendered 1088/4500, time remaining: 1m 44s
Rendered 1089/4500, time remaining: 1m 45s
Rendered 1090/4500, time remaining: 1m 43s
Rendered 1091/4500, time remaining: 1m 42s
Rendered 1092/4500, time remaining: 1m 42s
Rendered 1093/4500, time remaining: 1m 42s
Rendered 1094/4500, time remaining: 1m 45s
Rendered 1095/4500, time remaining: 1m 45s
Rendered 1096/4500, time remaining: 1m 44s
Rendered 1097/4500, time remaining: 1m 44s
Rendered 1098/4500, time remaining: 1m 42s
Rendered 1099/4500, time remaining: 1m 41s
Rendered 1100/4500, time remaining: 1m 41s
Rendered 1101/4500, time remaining: 1m 41s
Rendered 1101/4500, time remaining: 1m 41s
Rendered 1102/4500, time remaining: 1m 44s
Rendered 1103/4500, time remaining: 1m 44s
Rendered 1104/4500, time remaining: 1m 43s
Rendered 1105/4500, time remaining: 1m 43s
Rendered 1106/4500, time remaining: 1m 42s
Rendered 1107/4500, time remaining: 1m 42s
Rendered 1108/4500, time remaining: 1m 42s
Rendered 1109/4500, time remaining: 1m 42s
Rendered 1110/4500, time remaining: 1m 43s
Rendered 1111/4500, time remaining: 1m 44s
Rendered 1112/4500, time remaining: 1m 44s
Rendered 1113/4500, time remaining: 1m 44s
Rendered 1114/4500, time remaining: 1m 43s
Rendered 1115/4500, time remaining: 1m 42s
Rendered 1116/4500, time remaining: 1m 42s
Rendered 1117/4500, time remaining: 1m 42s
Rendered 1117/4500, time remaining: 1m 42s
Rendered 1118/4500, time remaining: 1m 44s
Rendered 1119/4500, time remaining: 1m 44s
Rendered 1120/4500, time remaining: 1m 44s
Rendered 1121/4500, time remaining: 1m 44s
Rendered 1122/4500, time remaining: 1m 43s
Rendered 1123/4500, time remaining: 1m 42s
Rendered 1124/4500, time remaining: 1m 42s
Rendered 1125/4500, time remaining: 1m 42s
Rendered 1126/4500, time remaining: 1m 43s
Rendered 1127/4500, time remaining: 1m 44s
Rendered 1128/4500, time remaining: 1m 44s
Rendered 1129/4500, time remaining: 1m 44s
Rendered 1130/4500, time remaining: 1m 42s
Rendered 1131/4500, time remaining: 1m 41s
Rendered 1132/4500, time remaining: 1m 41s
Rendered 1133/4500, time remaining: 1m 41s
Rendered 1134/4500, time remaining: 1m 42s
Rendered 1134/4500, time remaining: 1m 42s
Rendered 1135/4500, time remaining: 1m 43s
Rendered 1136/4500, time remaining: 1m 43s
Rendered 1137/4500, time remaining: 1m 43s
Rendered 1138/4500, time remaining: 1m 41s
Rendered 1139/4500, time remaining: 1m 40s
Rendered 1140/4500, time remaining: 1m 39s
Rendered 1141/4500, time remaining: 1m 40s
Rendered 1142/4500, time remaining: 1m 42s
Rendered 1143/4500, time remaining: 1m 42s
Rendered 1144/4500, time remaining: 1m 42s
Rendered 1145/4500, time remaining: 1m 42s
Rendered 1146/4500, time remaining: 1m 40s
Rendered 1147/4500, time remaining: 1m 39s
Rendered 1148/4500, time remaining: 1m 39s
Rendered 1149/4500, time remaining: 1m 40s
Rendered 1150/4500, time remaining: 1m 41s
Rendered 1150/4500, time remaining: 1m 41s
Rendered 1151/4500, time remaining: 1m 42s
Rendered 1152/4500, time remaining: 1m 42s
Rendered 1153/4500, time remaining: 1m 42s
Rendered 1154/4500, time remaining: 1m 41s
Rendered 1155/4500, time remaining: 1m 40s
Rendered 1156/4500, time remaining: 1m 39s
Rendered 1157/4500, time remaining: 1m 39s
Rendered 1158/4500, time remaining: 1m 41s
Rendered 1159/4500, time remaining: 1m 41s
Rendered 1160/4500, time remaining: 1m 41s
Rendered 1161/4500, time remaining: 1m 42s
Rendered 1162/4500, time remaining: 1m 41s
Rendered 1163/4500, time remaining: 1m 40s
Rendered 1164/4500, time remaining: 1m 39s
Rendered 1165/4500, time remaining: 1m 39s
Rendered 1166/4500, time remaining: 1m 41s
Rendered 1167/4500, time remaining: 1m 42s
Rendered 1168/4500, time remaining: 1m 42s
Rendered 1169/4500, time remaining: 1m 42s
Rendered 1169/4500, time remaining: 1m 42s
Rendered 1170/4500, time remaining: 1m 40s
Rendered 1171/4500, time remaining: 1m 40s
Rendered 1172/4500, time remaining: 1m 38s
Rendered 1173/4500, time remaining: 1m 39s
Rendered 1174/4500, time remaining: 1m 40s
Rendered 1175/4500, time remaining: 1m 41s
Rendered 1176/4500, time remaining: 1m 41s
Rendered 1177/4500, time remaining: 1m 41s
Rendered 1178/4500, time remaining: 1m 39s
Rendered 1179/4500, time remaining: 1m 39s
Rendered 1180/4500, time remaining: 1m 37s
Rendered 1181/4500, time remaining: 1m 37s
Rendered 1182/4500, time remaining: 1m 39s
Rendered 1183/4500, time remaining: 1m 39s
Rendered 1183/4500, time remaining: 1m 39s
Rendered 1184/4500, time remaining: 1m 41s
Rendered 1185/4500, time remaining: 1m 41s
Rendered 1186/4500, time remaining: 1m 39s
Rendered 1187/4500, time remaining: 1m 39s
Rendered 1188/4500, time remaining: 1m 38s
Rendered 1189/4500, time remaining: 1m 38s
Rendered 1190/4500, time remaining: 1m 39s
Rendered 1191/4500, time remaining: 1m 41s
Rendered 1192/4500, time remaining: 1m 41s
Rendered 1193/4500, time remaining: 1m 41s
Rendered 1194/4500, time remaining: 1m 40s
Rendered 1195/4500, time remaining: 1m 40s
Rendered 1196/4500, time remaining: 1m 38s
Rendered 1197/4500, time remaining: 1m 39s
Rendered 1198/4500, time remaining: 1m 39s
Rendered 1198/4500, time remaining: 1m 39s
Rendered 1199/4500, time remaining: 1m 41s
Rendered 1200/4500, time remaining: 1m 42s
Rendered 1201/4500, time remaining: 1m 42s
Rendered 1202/4500, time remaining: 1m 41s
Rendered 1203/4500, time remaining: 1m 41s
Rendered 1204/4500, time remaining: 1m 39s
Rendered 1205/4500, time remaining: 1m 39s
Rendered 1206/4500, time remaining: 1m 39s
Rendered 1207/4500, time remaining: 1m 41s
Rendered 1208/4500, time remaining: 1m 41s
Rendered 1209/4500, time remaining: 1m 42s
Rendered 1210/4500, time remaining: 1m 41s
Rendered 1211/4500, time remaining: 1m 41s
Rendered 1212/4500, time remaining: 1m 38s
Rendered 1213/4500, time remaining: 1m 38s
Rendered 1214/4500, time remaining: 1m 39s
Rendered 1214/4500, time remaining: 1m 39s
Rendered 1215/4500, time remaining: 1m 40s
Rendered 1216/4500, time remaining: 1m 40s
Rendered 1217/4500, time remaining: 1m 41s
Rendered 1218/4500, time remaining: 1m 40s
Rendered 1219/4500, time remaining: 1m 40s
Rendered 1220/4500, time remaining: 1m 38s
Rendered 1221/4500, time remaining: 1m 38s
Rendered 1222/4500, time remaining: 1m 39s
Rendered 1223/4500, time remaining: 1m 40s
Rendered 1224/4500, time remaining: 1m 40s
Rendered 1225/4500, time remaining: 1m 41s
Rendered 1226/4500, time remaining: 1m 42s
Rendered 1227/4500, time remaining: 1m 41s
Rendered 1228/4500, time remaining: 1m 39s
Rendered 1229/4500, time remaining: 1m 39s
Rendered 1230/4500, time remaining: 1m 39s
Rendered 1230/4500, time remaining: 1m 39s
Rendered 1231/4500, time remaining: 1m 41s
Rendered 1232/4500, time remaining: 1m 40s
Rendered 1233/4500, time remaining: 1m 41s
Rendered 1234/4500, time remaining: 1m 41s
Rendered 1235/4500, time remaining: 1m 41s
Rendered 1236/4500, time remaining: 1m 39s
Rendered 1237/4500, time remaining: 1m 40s
Rendered 1238/4500, time remaining: 1m 40s
Rendered 1239/4500, time remaining: 1m 41s
Rendered 1240/4500, time remaining: 1m 41s
Rendered 1241/4500, time remaining: 1m 41s
Rendered 1242/4500, time remaining: 1m 42s
Rendered 1243/4500, time remaining: 1m 42s
Rendered 1244/4500, time remaining: 1m 39s
Rendered 1245/4500, time remaining: 1m 39s
Rendered 1246/4500, time remaining: 1m 39s
Rendered 1246/4500, time remaining: 1m 39s
Rendered 1247/4500, time remaining: 1m 41s
Rendered 1248/4500, time remaining: 1m 41s
Rendered 1249/4500, time remaining: 1m 42s
Rendered 1250/4500, time remaining: 1m 42s
Rendered 1251/4500, time remaining: 1m 42s
Rendered 1252/4500, time remaining: 1m 39s
Rendered 1253/4500, time remaining: 1m 39s
Rendered 1254/4500, time remaining: 1m 39s
Rendered 1255/4500, time remaining: 1m 41s
Rendered 1256/4500, time remaining: 1m 41s
Rendered 1257/4500, time remaining: 1m 40s
Rendered 1258/4500, time remaining: 1m 41s
Rendered 1259/4500, time remaining: 1m 41s
Rendered 1260/4500, time remaining: 1m 39s
Rendered 1261/4500, time remaining: 1m 38s
Rendered 1262/4500, time remaining: 1m 38s
Rendered 1262/4500, time remaining: 1m 38s
Rendered 1263/4500, time remaining: 1m 41s
Rendered 1264/4500, time remaining: 1m 40s
Rendered 1265/4500, time remaining: 1m 40s
Rendered 1266/4500, time remaining: 1m 41s
Rendered 1267/4500, time remaining: 1m 41s
Rendered 1268/4500, time remaining: 1m 39s
Rendered 1269/4500, time remaining: 1m 38s
Rendered 1270/4500, time remaining: 1m 38s
Rendered 1271/4500, time remaining: 1m 41s
Rendered 1272/4500, time remaining: 1m 41s
Rendered 1273/4500, time remaining: 1m 41s
Rendered 1274/4500, time remaining: 1m 41s
Rendered 1275/4500, time remaining: 1m 41s
Rendered 1276/4500, time remaining: 1m 41s
Rendered 1277/4500, time remaining: 1m 39s
Rendered 1278/4500, time remaining: 1m 40s
Rendered 1278/4500, time remaining: 1m 40s
Rendered 1279/4500, time remaining: 1m 42s
Rendered 1280/4500, time remaining: 1m 42s
Rendered 1281/4500, time remaining: 1m 42s
Rendered 1282/4500, time remaining: 1m 42s
Rendered 1283/4500, time remaining: 1m 42s
Rendered 1284/4500, time remaining: 1m 42s
Rendered 1285/4500, time remaining: 1m 41s
Rendered 1286/4500, time remaining: 1m 41s
Rendered 1287/4500, time remaining: 1m 43s
Rendered 1288/4500, time remaining: 1m 44s
Rendered 1289/4500, time remaining: 1m 44s
Rendered 1290/4500, time remaining: 1m 44s
Rendered 1291/4500, time remaining: 1m 43s
Rendered 1292/4500, time remaining: 1m 42s
Rendered 1293/4500, time remaining: 1m 41s
Rendered 1294/4500, time remaining: 1m 41s
Rendered 1294/4500, time remaining: 1m 41s
Rendered 1295/4500, time remaining: 1m 43s
Rendered 1296/4500, time remaining: 1m 44s
Rendered 1297/4500, time remaining: 1m 44s
Rendered 1298/4500, time remaining: 1m 44s
Rendered 1299/4500, time remaining: 1m 43s
Rendered 1300/4500, time remaining: 1m 42s
Rendered 1301/4500, time remaining: 1m 41s
Rendered 1302/4500, time remaining: 1m 41s
Rendered 1303/4500, time remaining: 1m 43s
Rendered 1304/4500, time remaining: 1m 44s
Rendered 1305/4500, time remaining: 1m 44s
Rendered 1306/4500, time remaining: 1m 44s
Rendered 1307/4500, time remaining: 1m 44s
Rendered 1308/4500, time remaining: 1m 43s
Rendered 1308/4500, time remaining: 1m 43s
Rendered 1309/4500, time remaining: 1m 42s
Rendered 1310/4500, time remaining: 1m 42s
Rendered 1311/4500, time remaining: 1m 44s
Rendered 1312/4500, time remaining: 1m 44s
Rendered 1313/4500, time remaining: 1m 45s
Rendered 1314/4500, time remaining: 1m 45s
Rendered 1315/4500, time remaining: 1m 45s
Rendered 1316/4500, time remaining: 1m 43s
Rendered 1317/4500, time remaining: 1m 43s
Rendered 1318/4500, time remaining: 1m 43s
Rendered 1319/4500, time remaining: 1m 45s
Rendered 1320/4500, time remaining: 1m 45s
Rendered 1321/4500, time remaining: 1m 45s
Rendered 1321/4500, time remaining: 1m 45s
Rendered 1322/4500, time remaining: 1m 45s
Rendered 1323/4500, time remaining: 1m 45s
Rendered 1324/4500, time remaining: 1m 44s
Rendered 1325/4500, time remaining: 1m 44s
Rendered 1326/4500, time remaining: 1m 44s
Rendered 1327/4500, time remaining: 1m 45s
Rendered 1328/4500, time remaining: 1m 46s
Rendered 1329/4500, time remaining: 1m 46s
Rendered 1330/4500, time remaining: 1m 46s
Rendered 1331/4500, time remaining: 1m 46s
Rendered 1332/4500, time remaining: 1m 45s
Rendered 1333/4500, time remaining: 1m 44s
Rendered 1334/4500, time remaining: 1m 43s
Rendered 1335/4500, time remaining: 1m 44s
Rendered 1335/4500, time remaining: 1m 44s
Rendered 1336/4500, time remaining: 1m 45s
Rendered 1337/4500, time remaining: 1m 45s
Rendered 1338/4500, time remaining: 1m 45s
Rendered 1339/4500, time remaining: 1m 45s
Rendered 1340/4500, time remaining: 1m 45s
Rendered 1341/4500, time remaining: 1m 43s
Rendered 1342/4500, time remaining: 1m 42s
Rendered 1343/4500, time remaining: 1m 42s
Rendered 1344/4500, time remaining: 1m 44s
Rendered 1345/4500, time remaining: 1m 44s
Rendered 1346/4500, time remaining: 1m 44s
Rendered 1347/4500, time remaining: 1m 44s
Rendered 1348/4500, time remaining: 1m 44s
Rendered 1349/4500, time remaining: 1m 42s
Rendered 1350/4500, time remaining: 1m 41s
Rendered 1351/4500, time remaining: 1m 41s
Rendered 1352/4500, time remaining: 1m 43s
Rendered 1353/4500, time remaining: 1m 43s
Rendered 1353/4500, time remaining: 1m 43s
Rendered 1354/4500, time remaining: 1m 43s
Rendered 1355/4500, time remaining: 1m 44s
Rendered 1356/4500, time remaining: 1m 43s
Rendered 1357/4500, time remaining: 1m 42s
Rendered 1358/4500, time remaining: 1m 42s
Rendered 1359/4500, time remaining: 1m 41s
Rendered 1360/4500, time remaining: 1m 42s
Rendered 1361/4500, time remaining: 1m 42s
Rendered 1362/4500, time remaining: 1m 42s
Rendered 1363/4500, time remaining: 1m 43s
Rendered 1364/4500, time remaining: 1m 43s
Rendered 1365/4500, time remaining: 1m 41s
Rendered 1366/4500, time remaining: 1m 41s
Rendered 1367/4500, time remaining: 1m 41s
Rendered 1368/4500, time remaining: 1m 42s
Rendered 1369/4500, time remaining: 1m 42s
Rendered 1369/4500, time remaining: 1m 42s
Rendered 1370/4500, time remaining: 1m 42s
Rendered 1371/4500, time remaining: 1m 43s
Rendered 1372/4500, time remaining: 1m 43s
Rendered 1373/4500, time remaining: 1m 41s
Rendered 1374/4500, time remaining: 1m 41s
Rendered 1375/4500, time remaining: 1m 40s
Rendered 1376/4500, time remaining: 1m 41s
Rendered 1377/4500, time remaining: 1m 41s
Rendered 1378/4500, time remaining: 1m 40s
Rendered 1379/4500, time remaining: 1m 41s
Rendered 1380/4500, time remaining: 1m 42s
Rendered 1381/4500, time remaining: 1m 40s
Rendered 1382/4500, time remaining: 1m 40s
Rendered 1383/4500, time remaining: 1m 39s
Rendered 1384/4500, time remaining: 1m 40s
Rendered 1385/4500, time remaining: 1m 40s
Rendered 1386/4500, time remaining: 1m 39s
Rendered 1387/4500, time remaining: 1m 40s
Rendered 1387/4500, time remaining: 1m 40s
Rendered 1388/4500, time remaining: 1m 41s
Rendered 1389/4500, time remaining: 1m 38s
Rendered 1390/4500, time remaining: 1m 38s
Rendered 1391/4500, time remaining: 1m 37s
Rendered 1392/4500, time remaining: 1m 39s
Rendered 1393/4500, time remaining: 1m 39s
Rendered 1394/4500, time remaining: 1m 39s
Rendered 1395/4500, time remaining: 1m 39s
Rendered 1396/4500, time remaining: 1m 40s
Rendered 1397/4500, time remaining: 1m 38s
Rendered 1398/4500, time remaining: 1m 38s
Rendered 1399/4500, time remaining: 1m 37s
Rendered 1400/4500, time remaining: 1m 38s
Rendered 1401/4500, time remaining: 1m 38s
Rendered 1402/4500, time remaining: 1m 38s
Rendered 1403/4500, time remaining: 1m 39s
Rendered 1404/4500, time remaining: 1m 39s
Rendered 1405/4500, time remaining: 1m 37s
Rendered 1405/4500, time remaining: 1m 37s
Rendered 1406/4500, time remaining: 1m 38s
Rendered 1407/4500, time remaining: 1m 37s
Rendered 1408/4500, time remaining: 1m 38s
Rendered 1409/4500, time remaining: 1m 38s
Rendered 1410/4500, time remaining: 1m 38s
Rendered 1411/4500, time remaining: 1m 39s
Rendered 1412/4500, time remaining: 1m 39s
Rendered 1413/4500, time remaining: 1m 37s
Rendered 1414/4500, time remaining: 1m 37s
Rendered 1415/4500, time remaining: 1m 37s
Rendered 1416/4500, time remaining: 1m 38s
Rendered 1417/4500, time remaining: 1m 37s
Rendered 1418/4500, time remaining: 1m 38s
Rendered 1419/4500, time remaining: 1m 38s
Rendered 1420/4500, time remaining: 1m 38s
Rendered 1421/4500, time remaining: 1m 35s
Rendered 1422/4500, time remaining: 1m 36s
Rendered 1423/4500, time remaining: 1m 36s
Rendered 1423/4500, time remaining: 1m 36s
Rendered 1424/4500, time remaining: 1m 37s
Rendered 1425/4500, time remaining: 1m 36s
Rendered 1426/4500, time remaining: 1m 36s
Rendered 1427/4500, time remaining: 1m 36s
Rendered 1428/4500, time remaining: 1m 37s
Rendered 1429/4500, time remaining: 1m 34s
Rendered 1430/4500, time remaining: 1m 34s
Rendered 1431/4500, time remaining: 1m 34s
Rendered 1432/4500, time remaining: 1m 36s
Rendered 1433/4500, time remaining: 1m 35s
Rendered 1434/4500, time remaining: 1m 34s
Rendered 1435/4500, time remaining: 1m 35s
Rendered 1436/4500, time remaining: 1m 35s
Rendered 1437/4500, time remaining: 1m 33s
Rendered 1438/4500, time remaining: 1m 33s
Rendered 1439/4500, time remaining: 1m 33s
Rendered 1439/4500, time remaining: 1m 33s
Rendered 1440/4500, time remaining: 1m 35s
Rendered 1441/4500, time remaining: 1m 36s
Rendered 1442/4500, time remaining: 1m 35s
Rendered 1443/4500, time remaining: 1m 36s
Rendered 1444/4500, time remaining: 1m 36s
Rendered 1445/4500, time remaining: 1m 34s
Rendered 1446/4500, time remaining: 1m 33s
Rendered 1447/4500, time remaining: 1m 33s
Rendered 1448/4500, time remaining: 1m 34s
Rendered 1449/4500, time remaining: 1m 35s
Rendered 1450/4500, time remaining: 1m 35s
Rendered 1451/4500, time remaining: 1m 36s
Rendered 1452/4500, time remaining: 1m 36s
Rendered 1453/4500, time remaining: 1m 34s
Rendered 1454/4500, time remaining: 1m 32s
Rendered 1455/4500, time remaining: 1m 32s
Rendered 1455/4500, time remaining: 1m 32s
Rendered 1456/4500, time remaining: 1m 33s
Rendered 1457/4500, time remaining: 1m 34s
Rendered 1458/4500, time remaining: 1m 34s
Rendered 1459/4500, time remaining: 1m 35s
Rendered 1460/4500, time remaining: 1m 34s
Rendered 1461/4500, time remaining: 1m 32s
Rendered 1462/4500, time remaining: 1m 32s
Rendered 1463/4500, time remaining: 1m 31s
Rendered 1464/4500, time remaining: 1m 32s
Rendered 1465/4500, time remaining: 1m 32s
Rendered 1466/4500, time remaining: 1m 32s
Rendered 1467/4500, time remaining: 1m 32s
Rendered 1468/4500, time remaining: 1m 33s
Rendered 1469/4500, time remaining: 1m 31s
Rendered 1470/4500, time remaining: 1m 30s
Rendered 1471/4500, time remaining: 1m 31s
Rendered 1472/4500, time remaining: 1m 30s
Rendered 1472/4500, time remaining: 1m 30s
Rendered 1473/4500, time remaining: 1m 31s
Rendered 1474/4500, time remaining: 1m 31s
Rendered 1475/4500, time remaining: 1m 31s
Rendered 1476/4500, time remaining: 1m 31s
Rendered 1477/4500, time remaining: 1m 31s
Rendered 1478/4500, time remaining: 1m 29s
Rendered 1479/4500, time remaining: 1m 30s
Rendered 1480/4500, time remaining: 1m 29s
Rendered 1481/4500, time remaining: 1m 30s
Rendered 1482/4500, time remaining: 1m 30s
Rendered 1483/4500, time remaining: 1m 30s
Rendered 1484/4500, time remaining: 1m 31s
Rendered 1485/4500, time remaining: 1m 31s
Rendered 1486/4500, time remaining: 1m 29s
Rendered 1486/4500, time remaining: 1m 29s
Rendered 1487/4500, time remaining: 1m 30s
Rendered 1488/4500, time remaining: 1m 30s
Rendered 1489/4500, time remaining: 1m 31s
Rendered 1490/4500, time remaining: 1m 30s
Rendered 1491/4500, time remaining: 1m 31s
Rendered 1492/4500, time remaining: 1m 32s
Rendered 1493/4500, time remaining: 1m 32s
Rendered 1494/4500, time remaining: 1m 30s
Rendered 1495/4500, time remaining: 1m 31s
Rendered 1496/4500, time remaining: 1m 31s
Rendered 1497/4500, time remaining: 1m 31s
Rendered 1498/4500, time remaining: 1m 31s
Rendered 1499/4500, time remaining: 1m 32s
Rendered 1500/4500, time remaining: 1m 32s
Rendered 1501/4500, time remaining: 1m 32s
Rendered 1502/4500, time remaining: 1m 30s
Rendered 1502/4500, time remaining: 1m 30s
Rendered 1503/4500, time remaining: 1m 30s
Rendered 1504/4500, time remaining: 1m 31s
Rendered 1505/4500, time remaining: 1m 31s
Rendered 1506/4500, time remaining: 1m 30s
Rendered 1507/4500, time remaining: 1m 31s
Rendered 1508/4500, time remaining: 1m 31s
Rendered 1509/4500, time remaining: 1m 31s
Rendered 1510/4500, time remaining: 1m 30s
Rendered 1511/4500, time remaining: 1m 30s
Rendered 1512/4500, time remaining: 1m 31s
Rendered 1513/4500, time remaining: 1m 30s
Rendered 1514/4500, time remaining: 1m 30s
Rendered 1515/4500, time remaining: 1m 31s
Rendered 1516/4500, time remaining: 1m 32s
Rendered 1517/4500, time remaining: 1m 32s
Rendered 1518/4500, time remaining: 1m 30s
Rendered 1518/4500, time remaining: 1m 30s
Rendered 1519/4500, time remaining: 1m 30s
Rendered 1520/4500, time remaining: 1m 31s
Rendered 1521/4500, time remaining: 1m 30s
Rendered 1522/4500, time remaining: 1m 30s
Rendered 1523/4500, time remaining: 1m 31s
Rendered 1524/4500, time remaining: 1m 32s
Rendered 1525/4500, time remaining: 1m 32s
Rendered 1526/4500, time remaining: 1m 31s
Rendered 1527/4500, time remaining: 1m 31s
Rendered 1528/4500, time remaining: 1m 31s
Rendered 1529/4500, time remaining: 1m 32s
Rendered 1530/4500, time remaining: 1m 31s
Rendered 1531/4500, time remaining: 1m 32s
Rendered 1531/4500, time remaining: 1m 32s
Rendered 1532/4500, time remaining: 1m 33s
Rendered 1533/4500, time remaining: 1m 33s
Rendered 1534/4500, time remaining: 1m 32s
Rendered 1535/4500, time remaining: 1m 32s
Rendered 1536/4500, time remaining: 1m 32s
Rendered 1537/4500, time remaining: 1m 33s
Rendered 1538/4500, time remaining: 1m 32s
Rendered 1539/4500, time remaining: 1m 33s
Rendered 1540/4500, time remaining: 1m 34s
Rendered 1541/4500, time remaining: 1m 35s
Rendered 1542/4500, time remaining: 1m 33s
Rendered 1543/4500, time remaining: 1m 33s
Rendered 1544/4500, time remaining: 1m 33s
Rendered 1545/4500, time remaining: 1m 33s
Rendered 1546/4500, time remaining: 1m 32s
Rendered 1547/4500, time remaining: 1m 32s
Rendered 1547/4500, time remaining: 1m 32s
Rendered 1548/4500, time remaining: 1m 34s
Rendered 1549/4500, time remaining: 1m 35s
Rendered 1550/4500, time remaining: 1m 33s
Rendered 1551/4500, time remaining: 1m 33s
Rendered 1552/4500, time remaining: 1m 33s
Rendered 1553/4500, time remaining: 1m 33s
Rendered 1554/4500, time remaining: 1m 33s
Rendered 1555/4500, time remaining: 1m 33s
Rendered 1556/4500, time remaining: 1m 35s
Rendered 1557/4500, time remaining: 1m 35s
Rendered 1558/4500, time remaining: 1m 33s
Rendered 1559/4500, time remaining: 1m 34s
Rendered 1560/4500, time remaining: 1m 34s
Rendered 1561/4500, time remaining: 1m 33s
Rendered 1562/4500, time remaining: 1m 33s
Rendered 1563/4500, time remaining: 1m 33s
Rendered 1563/4500, time remaining: 1m 33s
Rendered 1564/4500, time remaining: 1m 36s
Rendered 1565/4500, time remaining: 1m 35s
Rendered 1566/4500, time remaining: 1m 34s
Rendered 1567/4500, time remaining: 1m 35s
Rendered 1568/4500, time remaining: 1m 35s
Rendered 1569/4500, time remaining: 1m 34s
Rendered 1570/4500, time remaining: 1m 35s
Rendered 1571/4500, time remaining: 1m 35s
Rendered 1572/4500, time remaining: 1m 37s
Rendered 1573/4500, time remaining: 1m 36s
Rendered 1574/4500, time remaining: 1m 35s
Rendered 1575/4500, time remaining: 1m 35s
Rendered 1575/4500, time remaining: 1m 35s
Rendered 1576/4500, time remaining: 1m 36s
Rendered 1577/4500, time remaining: 1m 36s
Rendered 1578/4500, time remaining: 1m 36s
Rendered 1579/4500, time remaining: 1m 35s
Rendered 1580/4500, time remaining: 1m 37s
Rendered 1581/4500, time remaining: 1m 37s
Rendered 1582/4500, time remaining: 1m 36s
Rendered 1583/4500, time remaining: 1m 36s
Rendered 1584/4500, time remaining: 1m 37s
Rendered 1585/4500, time remaining: 1m 36s
Rendered 1586/4500, time remaining: 1m 36s
Rendered 1587/4500, time remaining: 1m 36s
Rendered 1588/4500, time remaining: 1m 36s
Rendered 1589/4500, time remaining: 1m 37s
Rendered 1590/4500, time remaining: 1m 35s
Rendered 1591/4500, time remaining: 1m 34s
Rendered 1592/4500, time remaining: 1m 35s
Rendered 1593/4500, time remaining: 1m 33s
Rendered 1593/4500, time remaining: 1m 33s
Rendered 1594/4500, time remaining: 1m 34s
Rendered 1595/4500, time remaining: 1m 34s
Rendered 1596/4500, time remaining: 1m 35s
Rendered 1597/4500, time remaining: 1m 35s
Rendered 1598/4500, time remaining: 1m 34s
Rendered 1599/4500, time remaining: 1m 34s
Rendered 1600/4500, time remaining: 1m 34s
Rendered 1601/4500, time remaining: 1m 33s
Rendered 1602/4500, time remaining: 1m 34s
Rendered 1603/4500, time remaining: 1m 34s
Rendered 1604/4500, time remaining: 1m 35s
Rendered 1605/4500, time remaining: 1m 36s
Rendered 1606/4500, time remaining: 1m 34s
Rendered 1607/4500, time remaining: 1m 35s
Rendered 1608/4500, time remaining: 1m 34s
Rendered 1609/4500, time remaining: 1m 33s
Rendered 1609/4500, time remaining: 1m 33s
Rendered 1610/4500, time remaining: 1m 34s
Rendered 1611/4500, time remaining: 1m 35s
Rendered 1612/4500, time remaining: 1m 35s
Rendered 1613/4500, time remaining: 1m 35s
Rendered 1614/4500, time remaining: 1m 35s
Rendered 1615/4500, time remaining: 1m 35s
Rendered 1616/4500, time remaining: 1m 35s
Rendered 1617/4500, time remaining: 1m 34s
Rendered 1618/4500, time remaining: 1m 34s
Rendered 1619/4500, time remaining: 1m 35s
Rendered 1620/4500, time remaining: 1m 35s
Rendered 1621/4500, time remaining: 1m 36s
Rendered 1622/4500, time remaining: 1m 36s
Rendered 1622/4500, time remaining: 1m 36s
Rendered 1623/4500, time remaining: 1m 36s
Rendered 1624/4500, time remaining: 1m 36s
Rendered 1625/4500, time remaining: 1m 35s
Rendered 1626/4500, time remaining: 1m 35s
Rendered 1627/4500, time remaining: 1m 35s
Rendered 1628/4500, time remaining: 1m 34s
Rendered 1629/4500, time remaining: 1m 35s
Rendered 1630/4500, time remaining: 1m 35s
Rendered 1631/4500, time remaining: 1m 35s
Rendered 1632/4500, time remaining: 1m 35s
Rendered 1633/4500, time remaining: 1m 34s
Rendered 1634/4500, time remaining: 1m 34s
Rendered 1635/4500, time remaining: 1m 33s
Rendered 1636/4500, time remaining: 1m 33s
Rendered 1637/4500, time remaining: 1m 34s
Rendered 1638/4500, time remaining: 1m 34s
Rendered 1638/4500, time remaining: 1m 34s
Rendered 1639/4500, time remaining: 1m 34s
Rendered 1640/4500, time remaining: 1m 34s
Rendered 1641/4500, time remaining: 1m 33s
Rendered 1642/4500, time remaining: 1m 33s
Rendered 1643/4500, time remaining: 1m 33s
Rendered 1644/4500, time remaining: 1m 32s
Rendered 1645/4500, time remaining: 1m 34s
Rendered 1646/4500, time remaining: 1m 34s
Rendered 1647/4500, time remaining: 1m 34s
Rendered 1648/4500, time remaining: 1m 33s
Rendered 1649/4500, time remaining: 1m 33s
Rendered 1650/4500, time remaining: 1m 33s
Rendered 1651/4500, time remaining: 1m 33s
Rendered 1652/4500, time remaining: 1m 32s
Rendered 1653/4500, time remaining: 1m 34s
Rendered 1654/4500, time remaining: 1m 33s
Rendered 1654/4500, time remaining: 1m 33s
Rendered 1655/4500, time remaining: 1m 33s
Rendered 1656/4500, time remaining: 1m 33s
Rendered 1657/4500, time remaining: 1m 33s
Rendered 1658/4500, time remaining: 1m 33s
Rendered 1659/4500, time remaining: 1m 33s
Rendered 1660/4500, time remaining: 1m 32s
Rendered 1661/4500, time remaining: 1m 34s
Rendered 1662/4500, time remaining: 1m 33s
Rendered 1663/4500, time remaining: 1m 34s
Rendered 1664/4500, time remaining: 1m 33s
Rendered 1665/4500, time remaining: 1m 32s
Rendered 1666/4500, time remaining: 1m 32s
Rendered 1667/4500, time remaining: 1m 32s
Rendered 1668/4500, time remaining: 1m 32s
Rendered 1669/4500, time remaining: 1m 33s
Rendered 1670/4500, time remaining: 1m 32s
Rendered 1671/4500, time remaining: 1m 32s
Rendered 1671/4500, time remaining: 1m 32s
Rendered 1672/4500, time remaining: 1m 33s
Rendered 1673/4500, time remaining: 1m 31s
Rendered 1674/4500, time remaining: 1m 30s
Rendered 1675/4500, time remaining: 1m 30s
Rendered 1676/4500, time remaining: 1m 30s
Rendered 1677/4500, time remaining: 1m 31s
Rendered 1678/4500, time remaining: 1m 31s
Rendered 1679/4500, time remaining: 1m 31s
Rendered 1680/4500, time remaining: 1m 32s
Rendered 1681/4500, time remaining: 1m 30s
Rendered 1682/4500, time remaining: 1m 29s
Rendered 1683/4500, time remaining: 1m 29s
Rendered 1684/4500, time remaining: 1m 29s
Rendered 1685/4500, time remaining: 1m 30s
Rendered 1686/4500, time remaining: 1m 31s
Rendered 1687/4500, time remaining: 1m 30s
Rendered 1687/4500, time remaining: 1m 30s
Rendered 1688/4500, time remaining: 1m 31s
Rendered 1689/4500, time remaining: 1m 30s
Rendered 1690/4500, time remaining: 1m 28s
Rendered 1691/4500, time remaining: 1m 29s
Rendered 1692/4500, time remaining: 1m 29s
Rendered 1693/4500, time remaining: 1m 29s
Rendered 1694/4500, time remaining: 1m 30s
Rendered 1695/4500, time remaining: 1m 30s
Rendered 1696/4500, time remaining: 1m 31s
Rendered 1697/4500, time remaining: 1m 31s
Rendered 1698/4500, time remaining: 1m 29s
Rendered 1699/4500, time remaining: 1m 30s
Rendered 1700/4500, time remaining: 1m 29s
Rendered 1701/4500, time remaining: 1m 29s
Rendered 1702/4500, time remaining: 1m 30s
Rendered 1702/4500, time remaining: 1m 30s
Rendered 1703/4500, time remaining: 1m 31s
Rendered 1704/4500, time remaining: 1m 31s
Rendered 1705/4500, time remaining: 1m 31s
Rendered 1706/4500, time remaining: 1m 28s
Rendered 1707/4500, time remaining: 1m 30s
Rendered 1708/4500, time remaining: 1m 29s
Rendered 1709/4500, time remaining: 1m 29s
Rendered 1710/4500, time remaining: 1m 29s
Rendered 1711/4500, time remaining: 1m 30s
Rendered 1712/4500, time remaining: 1m 30s
Rendered 1713/4500, time remaining: 1m 30s
Rendered 1714/4500, time remaining: 1m 28s
Rendered 1715/4500, time remaining: 1m 28s
Rendered 1716/4500, time remaining: 1m 29s
Rendered 1717/4500, time remaining: 1m 28s
Rendered 1718/4500, time remaining: 1m 28s
Rendered 1719/4500, time remaining: 1m 28s
Rendered 1719/4500, time remaining: 1m 28s
Rendered 1720/4500, time remaining: 1m 29s
Rendered 1721/4500, time remaining: 1m 29s
Rendered 1722/4500, time remaining: 1m 27s
Rendered 1723/4500, time remaining: 1m 27s
Rendered 1724/4500, time remaining: 1m 28s
Rendered 1725/4500, time remaining: 1m 28s
Rendered 1726/4500, time remaining: 1m 27s
Rendered 1727/4500, time remaining: 1m 27s
Rendered 1728/4500, time remaining: 1m 28s
Rendered 1729/4500, time remaining: 1m 28s
Rendered 1730/4500, time remaining: 1m 27s
Rendered 1731/4500, time remaining: 1m 27s
Rendered 1732/4500, time remaining: 1m 28s
Rendered 1733/4500, time remaining: 1m 27s
Rendered 1734/4500, time remaining: 1m 26s
Rendered 1735/4500, time remaining: 1m 27s
Rendered 1735/4500, time remaining: 1m 27s
Rendered 1736/4500, time remaining: 1m 28s
Rendered 1737/4500, time remaining: 1m 28s
Rendered 1738/4500, time remaining: 1m 27s
Rendered 1739/4500, time remaining: 1m 27s
Rendered 1740/4500, time remaining: 1m 29s
Rendered 1741/4500, time remaining: 1m 28s
Rendered 1742/4500, time remaining: 1m 28s
Rendered 1743/4500, time remaining: 1m 28s
Rendered 1744/4500, time remaining: 1m 28s
Rendered 1745/4500, time remaining: 1m 28s
Rendered 1746/4500, time remaining: 1m 27s
Rendered 1747/4500, time remaining: 1m 27s
Rendered 1747/4500, time remaining: 1m 27s
Rendered 1748/4500, time remaining: 1m 30s
Rendered 1749/4500, time remaining: 1m 29s
Rendered 1750/4500, time remaining: 1m 29s
Rendered 1751/4500, time remaining: 1m 29s
Rendered 1752/4500, time remaining: 1m 29s
Rendered 1753/4500, time remaining: 1m 29s
Rendered 1754/4500, time remaining: 1m 28s
Rendered 1755/4500, time remaining: 1m 27s
Rendered 1756/4500, time remaining: 1m 29s
Rendered 1757/4500, time remaining: 1m 28s
Rendered 1758/4500, time remaining: 1m 28s
Rendered 1759/4500, time remaining: 1m 28s
Rendered 1760/4500, time remaining: 1m 28s
Rendered 1761/4500, time remaining: 1m 28s
Rendered 1762/4500, time remaining: 1m 28s
Rendered 1763/4500, time remaining: 1m 27s
Rendered 1763/4500, time remaining: 1m 27s
Rendered 1764/4500, time remaining: 1m 31s
Rendered 1765/4500, time remaining: 1m 32s
Rendered 1766/4500, time remaining: 1m 33s
Rendered 1767/4500, time remaining: 1m 33s
Rendered 1768/4500, time remaining: 1m 32s
Rendered 1769/4500, time remaining: 1m 32s
Rendered 1770/4500, time remaining: 1m 32s
Rendered 1771/4500, time remaining: 1m 31s
Rendered 1771/4500, time remaining: 1m 31s
Rendered 1772/4500, time remaining: 1m 33s
Rendered 1773/4500, time remaining: 1m 34s
Rendered 1774/4500, time remaining: 1m 34s
Rendered 1775/4500, time remaining: 1m 36s
Rendered 1776/4500, time remaining: 1m 35s
Rendered 1777/4500, time remaining: 1m 35s
Rendered 1778/4500, time remaining: 1m 35s
Rendered 1779/4500, time remaining: 1m 34s
Rendered 1780/4500, time remaining: 1m 35s
Rendered 1781/4500, time remaining: 1m 35s
Rendered 1782/4500, time remaining: 1m 35s
Rendered 1782/4500, time remaining: 1m 35s
Rendered 1783/4500, time remaining: 1m 37s
Rendered 1784/4500, time remaining: 1m 36s
Rendered 1785/4500, time remaining: 1m 36s
Rendered 1786/4500, time remaining: 1m 36s
Rendered 1787/4500, time remaining: 1m 36s
Rendered 1788/4500, time remaining: 1m 35s
Rendered 1789/4500, time remaining: 1m 35s
Rendered 1790/4500, time remaining: 1m 35s
Rendered 1791/4500, time remaining: 1m 37s
Rendered 1792/4500, time remaining: 1m 37s
Rendered 1793/4500, time remaining: 1m 37s
Rendered 1794/4500, time remaining: 1m 37s
Rendered 1795/4500, time remaining: 1m 35s
Rendered 1796/4500, time remaining: 1m 35s
Rendered 1796/4500, time remaining: 1m 35s
Rendered 1797/4500, time remaining: 1m 35s
Rendered 1798/4500, time remaining: 1m 35s
Rendered 1799/4500, time remaining: 1m 36s
Rendered 1800/4500, time remaining: 1m 40s
Rendered 1801/4500, time remaining: 1m 40s
Rendered 1802/4500, time remaining: 1m 40s
Rendered 1803/4500, time remaining: 1m 39s
Rendered 1804/4500, time remaining: 1m 40s
Rendered 1804/4500, time remaining: 1m 40s
Rendered 1805/4500, time remaining: 1m 40s
Rendered 1806/4500, time remaining: 1m 40s
Rendered 1807/4500, time remaining: 1m 42s
Rendered 1807/4500, time remaining: 1m 42s
Rendered 1808/4500, time remaining: 1m 48s
Rendered 1809/4500, time remaining: 1m 48s
Rendered 1810/4500, time remaining: 1m 48s
Rendered 1811/4500, time remaining: 1m 46s
Rendered 1812/4500, time remaining: 1m 46s
Rendered 1813/4500, time remaining: 1m 46s
Rendered 1814/4500, time remaining: 1m 46s
Rendered 1815/4500, time remaining: 1m 47s
Rendered 1816/4500, time remaining: 1m 50s
Rendered 1817/4500, time remaining: 1m 50s
Rendered 1818/4500, time remaining: 1m 50s
Rendered 1819/4500, time remaining: 1m 48s
Rendered 1820/4500, time remaining: 1m 49s
Rendered 1820/4500, time remaining: 1m 49s
Rendered 1821/4500, time remaining: 1m 50s
Rendered 1822/4500, time remaining: 1m 49s
Rendered 1823/4500, time remaining: 1m 49s
Rendered 1824/4500, time remaining: 1m 50s
Rendered 1825/4500, time remaining: 1m 50s
Rendered 1826/4500, time remaining: 1m 50s
Rendered 1827/4500, time remaining: 1m 49s
Rendered 1828/4500, time remaining: 1m 49s
Rendered 1829/4500, time remaining: 1m 53s
Rendered 1830/4500, time remaining: 1m 52s
Rendered 1830/4500, time remaining: 1m 52s
Rendered 1831/4500, time remaining: 1m 52s
Rendered 1832/4500, time remaining: 1m 53s
Rendered 1833/4500, time remaining: 1m 51s
Rendered 1834/4500, time remaining: 1m 52s
Rendered 1835/4500, time remaining: 1m 52s
Rendered 1836/4500, time remaining: 1m 51s
Rendered 1837/4500, time remaining: 1m 55s
Rendered 1838/4500, time remaining: 1m 54s
Rendered 1839/4500, time remaining: 1m 54s
Rendered 1840/4500, time remaining: 1m 54s
Rendered 1841/4500, time remaining: 1m 53s
Rendered 1842/4500, time remaining: 1m 53s
Rendered 1843/4500, time remaining: 1m 53s
Rendered 1844/4500, time remaining: 1m 52s
Rendered 1844/4500, time remaining: 1m 52s
Rendered 1845/4500, time remaining: 1m 54s
Rendered 1846/4500, time remaining: 1m 53s
Rendered 1847/4500, time remaining: 1m 53s
Rendered 1848/4500, time remaining: 1m 53s
Rendered 1849/4500, time remaining: 1m 53s
Rendered 1850/4500, time remaining: 1m 53s
Rendered 1851/4500, time remaining: 1m 53s
Rendered 1852/4500, time remaining: 1m 52s
Rendered 1853/4500, time remaining: 1m 55s
Rendered 1854/4500, time remaining: 1m 54s
Rendered 1855/4500, time remaining: 1m 55s
Rendered 1855/4500, time remaining: 1m 55s
Rendered 1856/4500, time remaining: 1m 55s
Rendered 1857/4500, time remaining: 1m 54s
Rendered 1858/4500, time remaining: 1m 54s
Rendered 1859/4500, time remaining: 1m 54s
Rendered 1860/4500, time remaining: 1m 53s
Rendered 1861/4500, time remaining: 1m 58s
Rendered 1862/4500, time remaining: 1m 57s
Rendered 1863/4500, time remaining: 1m 57s
Rendered 1864/4500, time remaining: 1m 57s
Rendered 1865/4500, time remaining: 1m 57s
Rendered 1866/4500, time remaining: 1m 56s
Rendered 1867/4500, time remaining: 1m 57s
Rendered 1867/4500, time remaining: 1m 57s
Rendered 1868/4500, time remaining: 1m 57s
Rendered 1869/4500, time remaining: 2m 1s
Rendered 1870/4500, time remaining: 2m 0s
Rendered 1871/4500, time remaining: 2m 0s
Rendered 1872/4500, time remaining: 1m 59s
Rendered 1873/4500, time remaining: 1m 59s
Rendered 1874/4500, time remaining: 1m 58s
Rendered 1875/4500, time remaining: 1m 58s
Rendered 1876/4500, time remaining: 1m 59s
Rendered 1876/4500, time remaining: 1m 59s
Rendered 1877/4500, time remaining: 2m 5s
Rendered 1878/4500, time remaining: 2m 5s
Rendered 1879/4500, time remaining: 2m 6s
Rendered 1880/4500, time remaining: 2m 6s
Rendered 1881/4500, time remaining: 2m 5s
Rendered 1882/4500, time remaining: 2m 4s
Rendered 1882/4500, time remaining: 2m 4s
Rendered 1883/4500, time remaining: 2m 5s
Rendered 1884/4500, time remaining: 2m 5s
Rendered 1885/4500, time remaining: 2m 9s
Rendered 1886/4500, time remaining: 2m 8s
Rendered 1887/4500, time remaining: 2m 8s
Rendered 1888/4500, time remaining: 2m 8s
Rendered 1889/4500, time remaining: 2m 10s
Rendered 1889/4500, time remaining: 2m 10s
Rendered 1890/4500, time remaining: 2m 8s
Rendered 1891/4500, time remaining: 2m 8s
Rendered 1892/4500, time remaining: 2m 8s
Rendered 1893/4500, time remaining: 2m 14s
Rendered 1894/4500, time remaining: 2m 13s
Rendered 1895/4500, time remaining: 2m 14s
Rendered 1895/4500, time remaining: 2m 14s
Rendered 1896/4500, time remaining: 2m 15s
Rendered 1897/4500, time remaining: 2m 15s
Rendered 1898/4500, time remaining: 2m 15s
Rendered 1899/4500, time remaining: 2m 15s
Rendered 1900/4500, time remaining: 2m 15s
Rendered 1901/4500, time remaining: 2m 18s
Rendered 1902/4500, time remaining: 2m 17s
Rendered 1903/4500, time remaining: 2m 18s
Rendered 1903/4500, time remaining: 2m 18s
Rendered 1904/4500, time remaining: 2m 19s
Rendered 1905/4500, time remaining: 2m 19s
Rendered 1906/4500, time remaining: 2m 18s
Rendered 1907/4500, time remaining: 2m 18s
Rendered 1908/4500, time remaining: 2m 18s
Rendered 1909/4500, time remaining: 2m 21s
Rendered 1910/4500, time remaining: 2m 22s
Rendered 1911/4500, time remaining: 2m 21s
Rendered 1912/4500, time remaining: 2m 22s
Rendered 1912/4500, time remaining: 2m 22s
Rendered 1913/4500, time remaining: 2m 22s
Rendered 1914/4500, time remaining: 2m 19s
Rendered 1915/4500, time remaining: 2m 17s
Rendered 1916/4500, time remaining: 2m 16s
Rendered 1917/4500, time remaining: 2m 19s
Rendered 1918/4500, time remaining: 2m 20s
Rendered 1919/4500, time remaining: 2m 20s
Rendered 1920/4500, time remaining: 2m 20s
Rendered 1921/4500, time remaining: 2m 20s
Rendered 1921/4500, time remaining: 2m 20s
Rendered 1922/4500, time remaining: 2m 19s
Rendered 1923/4500, time remaining: 2m 16s
Rendered 1924/4500, time remaining: 2m 16s
Rendered 1925/4500, time remaining: 2m 22s
Rendered 1926/4500, time remaining: 2m 22s
Rendered 1927/4500, time remaining: 2m 22s
Rendered 1928/4500, time remaining: 2m 22s
Rendered 1928/4500, time remaining: 2m 22s
Rendered 1929/4500, time remaining: 2m 24s
Rendered 1930/4500, time remaining: 2m 24s
Rendered 1931/4500, time remaining: 2m 22s
Rendered 1932/4500, time remaining: 2m 23s
Rendered 1933/4500, time remaining: 2m 26s
Rendered 1934/4500, time remaining: 2m 26s
Rendered 1934/4500, time remaining: 2m 26s
Rendered 1935/4500, time remaining: 2m 26s
Rendered 1936/4500, time remaining: 2m 27s
Rendered 1937/4500, time remaining: 2m 27s
Rendered 1938/4500, time remaining: 2m 27s
Rendered 1939/4500, time remaining: 2m 26s
Rendered 1940/4500, time remaining: 2m 26s
Rendered 1941/4500, time remaining: 2m 28s
Rendered 1942/4500, time remaining: 2m 27s
Rendered 1943/4500, time remaining: 2m 29s
Rendered 1944/4500, time remaining: 2m 29s
Rendered 1944/4500, time remaining: 2m 29s
Rendered 1945/4500, time remaining: 2m 29s
Rendered 1946/4500, time remaining: 2m 29s
Rendered 1947/4500, time remaining: 2m 28s
Rendered 1948/4500, time remaining: 2m 28s
Rendered 1949/4500, time remaining: 2m 31s
Rendered 1950/4500, time remaining: 2m 26s
Rendered 1951/4500, time remaining: 2m 27s
Rendered 1952/4500, time remaining: 2m 27s
Rendered 1953/4500, time remaining: 2m 27s
Rendered 1954/4500, time remaining: 2m 27s
Rendered 1955/4500, time remaining: 2m 25s
Rendered 1956/4500, time remaining: 2m 25s
Rendered 1956/4500, time remaining: 2m 25s
Rendered 1957/4500, time remaining: 2m 27s
Rendered 1958/4500, time remaining: 2m 21s
Rendered 1959/4500, time remaining: 2m 21s
Rendered 1960/4500, time remaining: 2m 21s
Rendered 1961/4500, time remaining: 2m 24s
Rendered 1962/4500, time remaining: 2m 24s
Rendered 1963/4500, time remaining: 2m 23s
Rendered 1964/4500, time remaining: 2m 23s
Rendered 1964/4500, time remaining: 2m 23s
Rendered 1965/4500, time remaining: 2m 24s
Rendered 1966/4500, time remaining: 2m 21s
Rendered 1967/4500, time remaining: 2m 21s
Rendered 1968/4500, time remaining: 2m 21s
Rendered 1969/4500, time remaining: 2m 24s
Rendered 1970/4500, time remaining: 2m 24s
Rendered 1971/4500, time remaining: 2m 23s
Rendered 1972/4500, time remaining: 2m 23s
Rendered 1973/4500, time remaining: 2m 24s
Rendered 1973/4500, time remaining: 2m 24s
Rendered 1974/4500, time remaining: 2m 23s
Rendered 1975/4500, time remaining: 2m 23s
Rendered 1976/4500, time remaining: 2m 23s
Rendered 1977/4500, time remaining: 2m 24s
Rendered 1978/4500, time remaining: 2m 25s
Rendered 1979/4500, time remaining: 2m 21s
Rendered 1980/4500, time remaining: 2m 21s
Rendered 1981/4500, time remaining: 2m 22s
Rendered 1982/4500, time remaining: 2m 22s
Rendered 1983/4500, time remaining: 2m 23s
Rendered 1984/4500, time remaining: 2m 23s
Rendered 1984/4500, time remaining: 2m 23s
Rendered 1985/4500, time remaining: 2m 24s
Rendered 1986/4500, time remaining: 2m 24s
Rendered 1987/4500, time remaining: 2m 21s
Rendered 1988/4500, time remaining: 2m 21s
Rendered 1989/4500, time remaining: 2m 21s
Rendered 1990/4500, time remaining: 2m 21s
Rendered 1991/4500, time remaining: 2m 22s
Rendered 1992/4500, time remaining: 2m 22s
Rendered 1993/4500, time remaining: 2m 23s
Rendered 1994/4500, time remaining: 2m 24s
Rendered 1995/4500, time remaining: 2m 21s
Rendered 1996/4500, time remaining: 2m 21s
Rendered 1997/4500, time remaining: 2m 21s
Rendered 1998/4500, time remaining: 2m 21s
Rendered 1998/4500, time remaining: 2m 21s
Rendered 1999/4500, time remaining: 2m 22s
Rendered 2000/4500, time remaining: 2m 22s
Rendered 2001/4500, time remaining: 2m 27s
Rendered 2002/4500, time remaining: 2m 27s
Rendered 2003/4500, time remaining: 2m 24s
Rendered 2003/4500, time remaining: 2m 24s
Rendered 2004/4500, time remaining: 2m 27s
Rendered 2005/4500, time remaining: 2m 27s
Rendered 2006/4500, time remaining: 2m 29s
Rendered 2007/4500, time remaining: 2m 28s
Rendered 2008/4500, time remaining: 2m 29s
Rendered 2009/4500, time remaining: 2m 29s
Rendered 2010/4500, time remaining: 2m 30s
Rendered 2010/4500, time remaining: 2m 30s
Rendered 2011/4500, time remaining: 2m 27s
Rendered 2012/4500, time remaining: 2m 29s
Rendered 2013/4500, time remaining: 2m 31s
Rendered 2014/4500, time remaining: 2m 31s
Rendered 2015/4500, time remaining: 2m 30s
Rendered 2016/4500, time remaining: 2m 30s
Rendered 2016/4500, time remaining: 2m 30s
Rendered 2017/4500, time remaining: 2m 33s
Rendered 2018/4500, time remaining: 2m 34s
Rendered 2019/4500, time remaining: 2m 30s
Rendered 2020/4500, time remaining: 2m 30s
Rendered 2021/4500, time remaining: 2m 34s
Rendered 2021/4500, time remaining: 2m 34s
Rendered 2022/4500, time remaining: 2m 37s
Rendered 2023/4500, time remaining: 2m 37s
Rendered 2024/4500, time remaining: 2m 39s
Rendered 2025/4500, time remaining: 2m 39s
Rendered 2026/4500, time remaining: 2m 38s
Rendered 2027/4500, time remaining: 2m 31s
Rendered 2028/4500, time remaining: 2m 32s
Rendered 2029/4500, time remaining: 2m 33s
Rendered 2029/4500, time remaining: 2m 33s
Rendered 2030/4500, time remaining: 2m 36s
Rendered 2031/4500, time remaining: 2m 36s
Rendered 2032/4500, time remaining: 2m 39s
Rendered 2033/4500, time remaining: 2m 39s
Rendered 2034/4500, time remaining: 2m 39s
Rendered 2034/4500, time remaining: 2m 39s
Rendered 2035/4500, time remaining: 2m 37s
Rendered 2036/4500, time remaining: 2m 38s
Rendered 2037/4500, time remaining: 2m 38s
Rendered 2038/4500, time remaining: 2m 38s
Rendered 2039/4500, time remaining: 2m 37s
Rendered 2040/4500, time remaining: 2m 38s
Rendered 2041/4500, time remaining: 2m 38s
Rendered 2042/4500, time remaining: 2m 38s
Rendered 2042/4500, time remaining: 2m 38s
Rendered 2043/4500, time remaining: 2m 34s
Rendered 2044/4500, time remaining: 2m 35s
Rendered 2045/4500, time remaining: 2m 35s
Rendered 2046/4500, time remaining: 2m 35s
Rendered 2047/4500, time remaining: 2m 35s
Rendered 2048/4500, time remaining: 2m 36s
Rendered 2049/4500, time remaining: 2m 35s
Rendered 2050/4500, time remaining: 2m 36s
Rendered 2050/4500, time remaining: 2m 36s
Rendered 2051/4500, time remaining: 2m 34s
Rendered 2052/4500, time remaining: 2m 34s
Rendered 2053/4500, time remaining: 2m 32s
Rendered 2054/4500, time remaining: 2m 33s
Rendered 2055/4500, time remaining: 2m 33s
Rendered 2056/4500, time remaining: 2m 35s
Rendered 2057/4500, time remaining: 2m 35s
Rendered 2058/4500, time remaining: 2m 35s
Rendered 2059/4500, time remaining: 2m 32s
Rendered 2060/4500, time remaining: 2m 31s
Rendered 2061/4500, time remaining: 2m 31s
Rendered 2061/4500, time remaining: 2m 31s
Rendered 2062/4500, time remaining: 2m 32s
Rendered 2063/4500, time remaining: 2m 31s
Rendered 2064/4500, time remaining: 2m 34s
Rendered 2065/4500, time remaining: 2m 33s
Rendered 2066/4500, time remaining: 2m 33s
Rendered 2067/4500, time remaining: 2m 30s
Rendered 2068/4500, time remaining: 2m 29s
Rendered 2069/4500, time remaining: 2m 29s
Rendered 2070/4500, time remaining: 2m 30s
Rendered 2071/4500, time remaining: 2m 30s
Rendered 2071/4500, time remaining: 2m 30s
Rendered 2072/4500, time remaining: 2m 32s
Rendered 2073/4500, time remaining: 2m 32s
Rendered 2074/4500, time remaining: 2m 32s
Rendered 2075/4500, time remaining: 2m 26s
Rendered 2076/4500, time remaining: 2m 26s
Rendered 2077/4500, time remaining: 2m 26s
Rendered 2078/4500, time remaining: 2m 26s
Rendered 2079/4500, time remaining: 2m 24s
Rendered 2080/4500, time remaining: 2m 26s
Rendered 2081/4500, time remaining: 2m 26s
Rendered 2082/4500, time remaining: 2m 25s
Rendered 2083/4500, time remaining: 2m 21s
Rendered 2084/4500, time remaining: 2m 21s
Rendered 2085/4500, time remaining: 2m 21s
Rendered 2085/4500, time remaining: 2m 21s
Rendered 2086/4500, time remaining: 2m 21s
Rendered 2087/4500, time remaining: 2m 21s
Rendered 2088/4500, time remaining: 2m 23s
Rendered 2089/4500, time remaining: 2m 23s
Rendered 2090/4500, time remaining: 2m 22s
Rendered 2091/4500, time remaining: 2m 20s
Rendered 2092/4500, time remaining: 2m 20s
Rendered 2093/4500, time remaining: 2m 21s
Rendered 2094/4500, time remaining: 2m 21s
Rendered 2095/4500, time remaining: 2m 20s
Rendered 2095/4500, time remaining: 2m 20s
Rendered 2096/4500, time remaining: 2m 22s
Rendered 2097/4500, time remaining: 2m 22s
Rendered 2098/4500, time remaining: 2m 24s
Rendered 2098/4500, time remaining: 2m 24s
Rendered 2099/4500, time remaining: 2m 25s
Rendered 2100/4500, time remaining: 2m 25s
Rendered 2101/4500, time remaining: 2m 25s
Rendered 2102/4500, time remaining: 2m 27s
Rendered 2103/4500, time remaining: 2m 28s
Rendered 2104/4500, time remaining: 2m 29s
Rendered 2105/4500, time remaining: 2m 29s
Rendered 2105/4500, time remaining: 2m 29s
Rendered 2106/4500, time remaining: 2m 31s
Rendered 2107/4500, time remaining: 2m 30s
Rendered 2108/4500, time remaining: 2m 29s
Rendered 2109/4500, time remaining: 2m 29s
Rendered 2110/4500, time remaining: 2m 30s
Rendered 2111/4500, time remaining: 2m 28s
Rendered 2111/4500, time remaining: 2m 28s
Rendered 2112/4500, time remaining: 2m 29s
Rendered 2113/4500, time remaining: 2m 29s
Rendered 2114/4500, time remaining: 2m 29s
Rendered 2115/4500, time remaining: 2m 28s
Rendered 2116/4500, time remaining: 2m 28s
Rendered 2117/4500, time remaining: 2m 29s
Rendered 2118/4500, time remaining: 2m 29s
Rendered 2119/4500, time remaining: 2m 27s
Rendered 2120/4500, time remaining: 2m 27s
Rendered 2121/4500, time remaining: 2m 27s
Rendered 2122/4500, time remaining: 2m 27s
Rendered 2122/4500, time remaining: 2m 27s
Rendered 2123/4500, time remaining: 2m 28s
Rendered 2124/4500, time remaining: 2m 27s
Rendered 2125/4500, time remaining: 2m 28s
Rendered 2126/4500, time remaining: 2m 28s
Rendered 2127/4500, time remaining: 2m 27s
Rendered 2127/4500, time remaining: 2m 27s
Rendered 2128/4500, time remaining: 2m 35s
Rendered 2129/4500, time remaining: 2m 41s
Rendered 2129/4500, time remaining: 2m 41s
Rendered 2130/4500, time remaining: 2m 41s
Rendered 2131/4500, time remaining: 2m 41s
Rendered 2132/4500, time remaining: 2m 41s
Rendered 2133/4500, time remaining: 2m 40s
Rendered 2134/4500, time remaining: 2m 40s
Rendered 2135/4500, time remaining: 2m 39s
Rendered 2136/4500, time remaining: 2m 41s
Rendered 2136/4500, time remaining: 2m 41s
Rendered 2137/4500, time remaining: 2m 41s
Rendered 2138/4500, time remaining: 2m 41s
Rendered 2139/4500, time remaining: 2m 42s
Rendered 2140/4500, time remaining: 2m 42s
Rendered 2141/4500, time remaining: 2m 41s
Rendered 2142/4500, time remaining: 2m 41s
Rendered 2143/4500, time remaining: 2m 40s
Rendered 2144/4500, time remaining: 2m 43s
Rendered 2145/4500, time remaining: 2m 44s
Rendered 2145/4500, time remaining: 2m 44s
Rendered 2146/4500, time remaining: 2m 45s
Rendered 2147/4500, time remaining: 2m 46s
Rendered 2148/4500, time remaining: 2m 47s
Rendered 2149/4500, time remaining: 2m 46s
Rendered 2150/4500, time remaining: 2m 47s
Rendered 2151/4500, time remaining: 2m 44s
Rendered 2151/4500, time remaining: 2m 44s
Rendered 2152/4500, time remaining: 2m 44s
Rendered 2153/4500, time remaining: 2m 45s
Rendered 2154/4500, time remaining: 2m 42s
Rendered 2155/4500, time remaining: 2m 42s
Rendered 2156/4500, time remaining: 2m 41s
Rendered 2157/4500, time remaining: 2m 41s
Rendered 2158/4500, time remaining: 2m 43s
Rendered 2158/4500, time remaining: 2m 43s
Rendered 2159/4500, time remaining: 2m 44s
Rendered 2160/4500, time remaining: 2m 44s
Rendered 2161/4500, time remaining: 2m 42s
Rendered 2162/4500, time remaining: 2m 39s
Rendered 2163/4500, time remaining: 2m 40s
Rendered 2164/4500, time remaining: 2m 40s
Rendered 2165/4500, time remaining: 2m 40s
Rendered 2166/4500, time remaining: 2m 42s
Rendered 2166/4500, time remaining: 2m 42s
Rendered 2167/4500, time remaining: 2m 40s
Rendered 2168/4500, time remaining: 2m 39s
Rendered 2169/4500, time remaining: 2m 39s
Rendered 2170/4500, time remaining: 2m 39s
Rendered 2171/4500, time remaining: 2m 37s
Rendered 2172/4500, time remaining: 2m 33s
Rendered 2173/4500, time remaining: 2m 33s
Rendered 2174/4500, time remaining: 2m 34s
Rendered 2175/4500, time remaining: 2m 34s
Rendered 2176/4500, time remaining: 2m 34s
Rendered 2177/4500, time remaining: 2m 34s
Rendered 2178/4500, time remaining: 2m 32s
Rendered 2179/4500, time remaining: 2m 31s
Rendered 2179/4500, time remaining: 2m 31s
Rendered 2180/4500, time remaining: 2m 29s
Rendered 2181/4500, time remaining: 2m 29s
Rendered 2182/4500, time remaining: 2m 30s
Rendered 2183/4500, time remaining: 2m 28s
Rendered 2184/4500, time remaining: 2m 28s
Rendered 2185/4500, time remaining: 2m 27s
Rendered 2186/4500, time remaining: 2m 26s
Rendered 2187/4500, time remaining: 2m 26s
Rendered 2188/4500, time remaining: 2m 25s
Rendered 2189/4500, time remaining: 2m 24s
Rendered 2189/4500, time remaining: 2m 24s
Rendered 2190/4500, time remaining: 2m 28s
Rendered 2191/4500, time remaining: 2m 27s
Rendered 2192/4500, time remaining: 2m 27s
Rendered 2193/4500, time remaining: 2m 25s
Rendered 2194/4500, time remaining: 2m 25s
Rendered 2195/4500, time remaining: 2m 25s
Rendered 2196/4500, time remaining: 2m 23s
Rendered 2197/4500, time remaining: 2m 23s
Rendered 2197/4500, time remaining: 2m 23s
Rendered 2198/4500, time remaining: 2m 24s
Rendered 2199/4500, time remaining: 2m 24s
Rendered 2200/4500, time remaining: 2m 23s
Rendered 2201/4500, time remaining: 2m 22s
Rendered 2202/4500, time remaining: 2m 23s
Rendered 2203/4500, time remaining: 2m 23s
Rendered 2204/4500, time remaining: 2m 21s
Rendered 2205/4500, time remaining: 2m 22s
Rendered 2206/4500, time remaining: 2m 23s
Rendered 2207/4500, time remaining: 2m 23s
Rendered 2208/4500, time remaining: 2m 23s
Rendered 2208/4500, time remaining: 2m 23s
Rendered 2209/4500, time remaining: 2m 23s
Rendered 2210/4500, time remaining: 2m 23s
Rendered 2211/4500, time remaining: 2m 24s
Rendered 2212/4500, time remaining: 2m 22s
Rendered 2213/4500, time remaining: 2m 22s
Rendered 2214/4500, time remaining: 2m 23s
Rendered 2215/4500, time remaining: 2m 23s
Rendered 2216/4500, time remaining: 2m 23s
Rendered 2217/4500, time remaining: 2m 22s
Rendered 2218/4500, time remaining: 2m 23s
Rendered 2219/4500, time remaining: 2m 23s
Rendered 2220/4500, time remaining: 2m 22s
Rendered 2220/4500, time remaining: 2m 22s
Rendered 2221/4500, time remaining: 2m 22s
Rendered 2222/4500, time remaining: 2m 22s
Rendered 2223/4500, time remaining: 2m 23s
Rendered 2224/4500, time remaining: 2m 23s
Rendered 2225/4500, time remaining: 2m 23s
Rendered 2226/4500, time remaining: 2m 24s
Rendered 2227/4500, time remaining: 2m 25s
Rendered 2228/4500, time remaining: 2m 26s
Rendered 2228/4500, time remaining: 2m 26s
Rendered 2229/4500, time remaining: 2m 26s
Rendered 2230/4500, time remaining: 2m 24s
Rendered 2231/4500, time remaining: 2m 24s
Rendered 2232/4500, time remaining: 2m 24s
Rendered 2233/4500, time remaining: 2m 24s
Rendered 2234/4500, time remaining: 2m 26s
Rendered 2235/4500, time remaining: 2m 27s
Rendered 2235/4500, time remaining: 2m 27s
Rendered 2236/4500, time remaining: 2m 27s
Rendered 2237/4500, time remaining: 2m 27s
Rendered 2238/4500, time remaining: 2m 26s
Rendered 2239/4500, time remaining: 2m 26s
Rendered 2240/4500, time remaining: 2m 25s
Rendered 2241/4500, time remaining: 2m 25s
Rendered 2242/4500, time remaining: 2m 26s
Rendered 2243/4500, time remaining: 2m 25s
Rendered 2244/4500, time remaining: 2m 25s
Rendered 2245/4500, time remaining: 2m 25s
Rendered 2245/4500, time remaining: 2m 25s
Rendered 2246/4500, time remaining: 2m 25s
Rendered 2247/4500, time remaining: 2m 25s
Rendered 2248/4500, time remaining: 2m 23s
Rendered 2249/4500, time remaining: 2m 19s
Rendered 2250/4500, time remaining: 2m 19s
Rendered 2251/4500, time remaining: 2m 20s
Rendered 2252/4500, time remaining: 2m 17s
Rendered 2253/4500, time remaining: 2m 17s
Rendered 2253/4500, time remaining: 2m 17s
Rendered 2254/4500, time remaining: 2m 19s
Rendered 2255/4500, time remaining: 2m 18s
Rendered 2256/4500, time remaining: 2m 17s
Rendered 2257/4500, time remaining: 2m 15s
Rendered 2258/4500, time remaining: 2m 15s
Rendered 2259/4500, time remaining: 2m 16s
Rendered 2260/4500, time remaining: 2m 16s
Rendered 2261/4500, time remaining: 2m 16s
Rendered 2262/4500, time remaining: 2m 18s
Rendered 2262/4500, time remaining: 2m 18s
Rendered 2263/4500, time remaining: 2m 21s
Rendered 2264/4500, time remaining: 2m 20s
Rendered 2265/4500, time remaining: 2m 19s
Rendered 2265/4500, time remaining: 2m 19s
Rendered 2266/4500, time remaining: 2m 23s
Rendered 2267/4500, time remaining: 2m 23s
Rendered 2268/4500, time remaining: 2m 22s
Rendered 2269/4500, time remaining: 2m 22s
Rendered 2269/4500, time remaining: 2m 22s
Rendered 2270/4500, time remaining: 2m 27s
Rendered 2271/4500, time remaining: 2m 27s
Rendered 2272/4500, time remaining: 2m 27s
Rendered 2273/4500, time remaining: 2m 25s
Rendered 2274/4500, time remaining: 2m 25s
Rendered 2275/4500, time remaining: 2m 26s
Rendered 2276/4500, time remaining: 2m 26s
Rendered 2277/4500, time remaining: 2m 26s
Rendered 2278/4500, time remaining: 2m 21s
Rendered 2278/4500, time remaining: 2m 21s
Rendered 2279/4500, time remaining: 2m 14s
Rendered 2280/4500, time remaining: 2m 13s
Rendered 2281/4500, time remaining: 2m 14s
Rendered 2282/4500, time remaining: 2m 13s
Rendered 2283/4500, time remaining: 2m 14s
Rendered 2284/4500, time remaining: 2m 14s
Rendered 2285/4500, time remaining: 2m 14s
Rendered 2286/4500, time remaining: 2m 14s
Rendered 2287/4500, time remaining: 2m 14s
Rendered 2288/4500, time remaining: 2m 16s
Rendered 2288/4500, time remaining: 2m 16s
Rendered 2289/4500, time remaining: 2m 15s
Rendered 2290/4500, time remaining: 2m 15s
Rendered 2291/4500, time remaining: 2m 15s
Rendered 2292/4500, time remaining: 2m 16s
Rendered 2293/4500, time remaining: 2m 15s
Rendered 2294/4500, time remaining: 2m 15s
Rendered 2295/4500, time remaining: 2m 14s
Rendered 2295/4500, time remaining: 2m 14s
Rendered 2296/4500, time remaining: 2m 14s
Rendered 2297/4500, time remaining: 2m 12s
Rendered 2298/4500, time remaining: 2m 11s
Rendered 2299/4500, time remaining: 2m 10s
Rendered 2300/4500, time remaining: 2m 9s
Rendered 2301/4500, time remaining: 2m 8s
Rendered 2302/4500, time remaining: 2m 11s
Rendered 2303/4500, time remaining: 2m 10s
Rendered 2304/4500, time remaining: 2m 11s
Rendered 2305/4500, time remaining: 2m 11s
Rendered 2306/4500, time remaining: 2m 10s
Rendered 2306/4500, time remaining: 2m 10s
Rendered 2307/4500, time remaining: 2m 10s
Rendered 2308/4500, time remaining: 2m 8s
Rendered 2309/4500, time remaining: 2m 6s
Rendered 2310/4500, time remaining: 2m 10s
Rendered 2311/4500, time remaining: 2m 10s
Rendered 2312/4500, time remaining: 2m 11s
Rendered 2313/4500, time remaining: 2m 9s
Rendered 2314/4500, time remaining: 2m 9s
Rendered 2315/4500, time remaining: 2m 9s
Rendered 2316/4500, time remaining: 2m 7s
Rendered 2317/4500, time remaining: 2m 5s
Rendered 2317/4500, time remaining: 2m 5s
Rendered 2318/4500, time remaining: 2m 10s
Rendered 2319/4500, time remaining: 2m 10s
Rendered 2320/4500, time remaining: 2m 11s
Rendered 2321/4500, time remaining: 2m 10s
Rendered 2322/4500, time remaining: 2m 10s
Rendered 2323/4500, time remaining: 2m 10s
Rendered 2323/4500, time remaining: 2m 10s
Rendered 2324/4500, time remaining: 2m 8s
Rendered 2325/4500, time remaining: 2m 8s
Rendered 2326/4500, time remaining: 2m 11s
Rendered 2327/4500, time remaining: 2m 11s
Rendered 2328/4500, time remaining: 2m 11s
Rendered 2329/4500, time remaining: 2m 11s
Rendered 2330/4500, time remaining: 2m 10s
Rendered 2331/4500, time remaining: 2m 10s
Rendered 2332/4500, time remaining: 2m 6s
Rendered 2333/4500, time remaining: 2m 6s
Rendered 2333/4500, time remaining: 2m 6s
Rendered 2334/4500, time remaining: 2m 11s
Rendered 2335/4500, time remaining: 2m 12s
Rendered 2336/4500, time remaining: 2m 11s
Rendered 2337/4500, time remaining: 2m 12s
Rendered 2338/4500, time remaining: 2m 12s
Rendered 2339/4500, time remaining: 2m 12s
Rendered 2340/4500, time remaining: 2m 7s
Rendered 2341/4500, time remaining: 2m 7s
Rendered 2341/4500, time remaining: 2m 7s
Rendered 2342/4500, time remaining: 2m 11s
Rendered 2343/4500, time remaining: 2m 11s
Rendered 2344/4500, time remaining: 2m 11s
Rendered 2345/4500, time remaining: 2m 11s
Rendered 2346/4500, time remaining: 2m 11s
Rendered 2347/4500, time remaining: 2m 11s
Rendered 2348/4500, time remaining: 2m 8s
Rendered 2349/4500, time remaining: 2m 8s
Rendered 2349/4500, time remaining: 2m 8s
Rendered 2350/4500, time remaining: 2m 12s
Rendered 2351/4500, time remaining: 2m 12s
Rendered 2352/4500, time remaining: 2m 12s
Rendered 2353/4500, time remaining: 2m 11s
Rendered 2354/4500, time remaining: 2m 12s
Rendered 2355/4500, time remaining: 2m 11s
Rendered 2356/4500, time remaining: 2m 8s
Rendered 2357/4500, time remaining: 2m 8s
Rendered 2357/4500, time remaining: 2m 8s
Rendered 2358/4500, time remaining: 2m 12s
Rendered 2359/4500, time remaining: 2m 11s
Rendered 2360/4500, time remaining: 2m 12s
Rendered 2361/4500, time remaining: 2m 11s
Rendered 2362/4500, time remaining: 2m 11s
Rendered 2363/4500, time remaining: 2m 11s
Rendered 2364/4500, time remaining: 2m 8s
Rendered 2365/4500, time remaining: 2m 8s
Rendered 2366/4500, time remaining: 2m 10s
Rendered 2367/4500, time remaining: 2m 10s
Rendered 2367/4500, time remaining: 2m 10s
Rendered 2368/4500, time remaining: 2m 10s
Rendered 2369/4500, time remaining: 2m 10s
Rendered 2370/4500, time remaining: 2m 10s
Rendered 2371/4500, time remaining: 2m 10s
Rendered 2372/4500, time remaining: 2m 8s
Rendered 2373/4500, time remaining: 2m 8s
Rendered 2374/4500, time remaining: 2m 10s
Rendered 2375/4500, time remaining: 2m 9s
Rendered 2376/4500, time remaining: 2m 9s
Rendered 2377/4500, time remaining: 2m 9s
Rendered 2378/4500, time remaining: 2m 7s
Rendered 2379/4500, time remaining: 2m 7s
Rendered 2380/4500, time remaining: 2m 6s
Rendered 2380/4500, time remaining: 2m 6s
Rendered 2381/4500, time remaining: 2m 6s
Rendered 2382/4500, time remaining: 2m 8s
Rendered 2383/4500, time remaining: 2m 8s
Rendered 2384/4500, time remaining: 2m 6s
Rendered 2385/4500, time remaining: 2m 6s
Rendered 2386/4500, time remaining: 2m 7s
Rendered 2387/4500, time remaining: 2m 7s
Rendered 2388/4500, time remaining: 2m 6s
Rendered 2389/4500, time remaining: 2m 6s
Rendered 2389/4500, time remaining: 2m 6s
Rendered 2390/4500, time remaining: 2m 7s
Rendered 2391/4500, time remaining: 2m 6s
Rendered 2392/4500, time remaining: 2m 7s
Rendered 2393/4500, time remaining: 2m 6s
Rendered 2394/4500, time remaining: 2m 7s
Rendered 2395/4500, time remaining: 2m 7s
Rendered 2396/4500, time remaining: 2m 5s
Rendered 2397/4500, time remaining: 2m 5s
Rendered 2397/4500, time remaining: 2m 5s
Rendered 2398/4500, time remaining: 2m 7s
Rendered 2399/4500, time remaining: 2m 6s
Rendered 2400/4500, time remaining: 2m 6s
Rendered 2401/4500, time remaining: 2m 6s
Rendered 2402/4500, time remaining: 2m 7s
Rendered 2403/4500, time remaining: 2m 6s
Rendered 2404/4500, time remaining: 2m 4s
Rendered 2405/4500, time remaining: 2m 5s
Rendered 2406/4500, time remaining: 2m 5s
Rendered 2407/4500, time remaining: 2m 5s
Rendered 2408/4500, time remaining: 2m 5s
Rendered 2408/4500, time remaining: 2m 5s
Rendered 2409/4500, time remaining: 2m 5s
Rendered 2410/4500, time remaining: 2m 5s
Rendered 2411/4500, time remaining: 2m 5s
Rendered 2412/4500, time remaining: 2m 2s
Rendered 2413/4500, time remaining: 2m 0s
Rendered 2414/4500, time remaining: 2m 1s
Rendered 2415/4500, time remaining: 2m 1s
Rendered 2416/4500, time remaining: 1m 56s
Rendered 2417/4500, time remaining: 1m 57s
Rendered 2417/4500, time remaining: 1m 57s
Rendered 2418/4500, time remaining: 1m 59s
Rendered 2419/4500, time remaining: 1m 58s
Rendered 2420/4500, time remaining: 1m 53s
Rendered 2421/4500, time remaining: 1m 54s
Rendered 2422/4500, time remaining: 1m 56s
Rendered 2423/4500, time remaining: 1m 56s
Rendered 2424/4500, time remaining: 1m 56s
Rendered 2425/4500, time remaining: 1m 54s
Rendered 2425/4500, time remaining: 1m 54s
Rendered 2426/4500, time remaining: 1m 57s
Rendered 2427/4500, time remaining: 1m 57s
Rendered 2428/4500, time remaining: 1m 54s
Rendered 2429/4500, time remaining: 1m 55s
Rendered 2430/4500, time remaining: 1m 57s
Rendered 2431/4500, time remaining: 1m 57s
Rendered 2432/4500, time remaining: 1m 57s
Rendered 2433/4500, time remaining: 1m 56s
Rendered 2433/4500, time remaining: 1m 56s
Rendered 2434/4500, time remaining: 1m 58s
Rendered 2435/4500, time remaining: 1m 57s
Rendered 2436/4500, time remaining: 1m 55s
Rendered 2437/4500, time remaining: 1m 55s
Rendered 2438/4500, time remaining: 1m 56s
Rendered 2439/4500, time remaining: 1m 56s
Rendered 2440/4500, time remaining: 1m 56s
Rendered 2441/4500, time remaining: 1m 55s
Rendered 2441/4500, time remaining: 1m 55s
Rendered 2442/4500, time remaining: 1m 55s
Rendered 2443/4500, time remaining: 1m 55s
Rendered 2444/4500, time remaining: 1m 53s
Rendered 2445/4500, time remaining: 1m 53s
Rendered 2446/4500, time remaining: 1m 55s
Rendered 2447/4500, time remaining: 1m 55s
Rendered 2448/4500, time remaining: 1m 55s
Rendered 2449/4500, time remaining: 1m 55s
Rendered 2450/4500, time remaining: 1m 56s
Rendered 2451/4500, time remaining: 1m 55s
Rendered 2452/4500, time remaining: 1m 52s
Rendered 2453/4500, time remaining: 1m 52s
Rendered 2453/4500, time remaining: 1m 52s
Rendered 2454/4500, time remaining: 1m 54s
Rendered 2455/4500, time remaining: 1m 54s
Rendered 2456/4500, time remaining: 1m 54s
Rendered 2457/4500, time remaining: 1m 53s
Rendered 2458/4500, time remaining: 1m 54s
Rendered 2459/4500, time remaining: 1m 54s
Rendered 2460/4500, time remaining: 1m 51s
Rendered 2461/4500, time remaining: 1m 51s
Rendered 2461/4500, time remaining: 1m 51s
Rendered 2462/4500, time remaining: 1m 53s
Rendered 2463/4500, time remaining: 1m 53s
Rendered 2464/4500, time remaining: 1m 53s
Rendered 2465/4500, time remaining: 1m 52s
Rendered 2466/4500, time remaining: 1m 52s
Rendered 2467/4500, time remaining: 1m 52s
Rendered 2468/4500, time remaining: 1m 48s
Rendered 2469/4500, time remaining: 1m 48s
Rendered 2470/4500, time remaining: 1m 49s
Rendered 2471/4500, time remaining: 1m 49s
Rendered 2472/4500, time remaining: 1m 48s
Rendered 2473/4500, time remaining: 1m 48s
Rendered 2474/4500, time remaining: 1m 49s
Rendered 2474/4500, time remaining: 1m 49s
Rendered 2475/4500, time remaining: 1m 49s
Rendered 2476/4500, time remaining: 1m 46s
Rendered 2477/4500, time remaining: 1m 46s
Rendered 2478/4500, time remaining: 1m 49s
Rendered 2479/4500, time remaining: 1m 48s
Rendered 2480/4500, time remaining: 1m 48s
Rendered 2481/4500, time remaining: 1m 48s
Rendered 2482/4500, time remaining: 1m 49s
Rendered 2483/4500, time remaining: 1m 49s
Rendered 2484/4500, time remaining: 1m 44s
Rendered 2485/4500, time remaining: 1m 44s
Rendered 2485/4500, time remaining: 1m 44s
Rendered 2486/4500, time remaining: 1m 48s
Rendered 2487/4500, time remaining: 1m 47s
Rendered 2488/4500, time remaining: 1m 48s
Rendered 2489/4500, time remaining: 1m 48s
Rendered 2490/4500, time remaining: 1m 48s
Rendered 2491/4500, time remaining: 1m 48s
Rendered 2492/4500, time remaining: 1m 44s
Rendered 2493/4500, time remaining: 1m 45s
Rendered 2493/4500, time remaining: 1m 45s
Rendered 2494/4500, time remaining: 1m 48s
Rendered 2495/4500, time remaining: 1m 47s
Rendered 2496/4500, time remaining: 1m 47s
Rendered 2497/4500, time remaining: 1m 47s
Rendered 2498/4500, time remaining: 1m 48s
Rendered 2499/4500, time remaining: 1m 48s
Rendered 2500/4500, time remaining: 1m 44s
Rendered 2501/4500, time remaining: 1m 44s
Rendered 2501/4500, time remaining: 1m 44s
Rendered 2502/4500, time remaining: 1m 47s
Rendered 2503/4500, time remaining: 1m 47s
Rendered 2504/4500, time remaining: 1m 46s
Rendered 2505/4500, time remaining: 1m 46s
Rendered 2506/4500, time remaining: 1m 46s
Rendered 2507/4500, time remaining: 1m 47s
Rendered 2508/4500, time remaining: 1m 44s
Rendered 2509/4500, time remaining: 1m 44s
Rendered 2510/4500, time remaining: 1m 44s
Rendered 2511/4500, time remaining: 1m 44s
Rendered 2512/4500, time remaining: 1m 45s
Rendered 2512/4500, time remaining: 1m 45s
Rendered 2513/4500, time remaining: 1m 45s
Rendered 2514/4500, time remaining: 1m 45s
Rendered 2515/4500, time remaining: 1m 46s
Rendered 2516/4500, time remaining: 1m 43s
Rendered 2517/4500, time remaining: 1m 43s
Rendered 2518/4500, time remaining: 1m 44s
Rendered 2519/4500, time remaining: 1m 43s
Rendered 2520/4500, time remaining: 1m 45s
Rendered 2520/4500, time remaining: 1m 45s
Rendered 2521/4500, time remaining: 1m 49s
Rendered 2522/4500, time remaining: 1m 48s
Rendered 2523/4500, time remaining: 1m 48s
Rendered 2524/4500, time remaining: 1m 46s
Rendered 2525/4500, time remaining: 1m 47s
Rendered 2526/4500, time remaining: 1m 46s
Rendered 2527/4500, time remaining: 1m 46s
Rendered 2528/4500, time remaining: 1m 47s
Rendered 2528/4500, time remaining: 1m 47s
Rendered 2529/4500, time remaining: 1m 48s
Rendered 2530/4500, time remaining: 1m 49s
Rendered 2531/4500, time remaining: 1m 49s
Rendered 2532/4500, time remaining: 1m 47s
Rendered 2533/4500, time remaining: 1m 47s
Rendered 2534/4500, time remaining: 1m 47s
Rendered 2535/4500, time remaining: 1m 46s
Rendered 2536/4500, time remaining: 1m 46s
Rendered 2537/4500, time remaining: 1m 48s
Rendered 2538/4500, time remaining: 1m 48s
Rendered 2538/4500, time remaining: 1m 48s
Rendered 2539/4500, time remaining: 2m 0s
Rendered 2540/4500, time remaining: 2m 0s
Rendered 2540/4500, time remaining: 2m 0s
Rendered 2541/4500, time remaining: 1m 59s
Rendered 2542/4500, time remaining: 1m 58s
Rendered 2542/4500, time remaining: 1m 58s
Rendered 2543/4500, time remaining: 2m 0s
Rendered 2544/4500, time remaining: 2m 0s
Rendered 2545/4500, time remaining: 2m 0s
Rendered 2546/4500, time remaining: 2m 0s
Rendered 2547/4500, time remaining: 2m 1s
Rendered 2548/4500, time remaining: 2m 0s
Rendered 2549/4500, time remaining: 2m 0s
Rendered 2550/4500, time remaining: 2m 1s
Rendered 2550/4500, time remaining: 2m 1s
Rendered 2551/4500, time remaining: 2m 0s
Rendered 2552/4500, time remaining: 1m 59s
Rendered 2553/4500, time remaining: 1m 59s
Rendered 2554/4500, time remaining: 1m 59s
Rendered 2555/4500, time remaining: 2m 2s
Rendered 2556/4500, time remaining: 2m 1s
Rendered 2557/4500, time remaining: 2m 1s
Rendered 2558/4500, time remaining: 2m 2s
Rendered 2558/4500, time remaining: 2m 2s
Rendered 2559/4500, time remaining: 2m 3s
Rendered 2560/4500, time remaining: 2m 2s
Rendered 2561/4500, time remaining: 2m 2s
Rendered 2562/4500, time remaining: 2m 3s
Rendered 2563/4500, time remaining: 2m 2s
Rendered 2564/4500, time remaining: 2m 1s
Rendered 2565/4500, time remaining: 2m 1s
Rendered 2566/4500, time remaining: 2m 2s
Rendered 2566/4500, time remaining: 2m 2s
Rendered 2566/4500, time remaining: 2m 2s
Rendered 2567/4500, time remaining: 2m 16s
Rendered 2568/4500, time remaining: 2m 16s
Rendered 2569/4500, time remaining: 2m 15s
Rendered 2570/4500, time remaining: 2m 16s
Rendered 2571/4500, time remaining: 2m 17s
Rendered 2571/4500, time remaining: 2m 17s
Rendered 2572/4500, time remaining: 2m 17s
Rendered 2573/4500, time remaining: 2m 17s
Rendered 2574/4500, time remaining: 2m 18s
Rendered 2575/4500, time remaining: 2m 20s
Rendered 2575/4500, time remaining: 2m 20s
Rendered 2576/4500, time remaining: 2m 19s
Rendered 2577/4500, time remaining: 2m 22s
Rendered 2578/4500, time remaining: 2m 23s
Rendered 2579/4500, time remaining: 2m 22s
Rendered 2579/4500, time remaining: 2m 22s
Rendered 2580/4500, time remaining: 2m 22s
Rendered 2581/4500, time remaining: 2m 22s
Rendered 2582/4500, time remaining: 2m 21s
Rendered 2582/4500, time remaining: 2m 21s
Rendered 2583/4500, time remaining: 2m 28s
Rendered 2584/4500, time remaining: 2m 27s
Rendered 2585/4500, time remaining: 2m 28s
Rendered 2586/4500, time remaining: 2m 28s
Rendered 2587/4500, time remaining: 2m 27s
Rendered 2588/4500, time remaining: 2m 25s
Rendered 2588/4500, time remaining: 2m 25s
Rendered 2589/4500, time remaining: 2m 25s
Rendered 2590/4500, time remaining: 2m 25s
Rendered 2591/4500, time remaining: 2m 31s
Rendered 2591/4500, time remaining: 2m 31s
Rendered 2592/4500, time remaining: 2m 31s
Rendered 2593/4500, time remaining: 2m 31s
Rendered 2594/4500, time remaining: 2m 33s
Rendered 2595/4500, time remaining: 2m 33s
Rendered 2596/4500, time remaining: 2m 30s
Rendered 2597/4500, time remaining: 2m 30s
Rendered 2598/4500, time remaining: 2m 32s
Rendered 2598/4500, time remaining: 2m 32s
Rendered 2599/4500, time remaining: 2m 34s
Rendered 2600/4500, time remaining: 2m 33s
Rendered 2601/4500, time remaining: 2m 34s
Rendered 2602/4500, time remaining: 2m 34s
Rendered 2603/4500, time remaining: 2m 34s
Rendered 2604/4500, time remaining: 2m 31s
Rendered 2605/4500, time remaining: 2m 31s
Rendered 2606/4500, time remaining: 2m 31s
Rendered 2607/4500, time remaining: 2m 32s
Rendered 2607/4500, time remaining: 2m 32s
Rendered 2608/4500, time remaining: 2m 32s
Rendered 2609/4500, time remaining: 2m 33s
Rendered 2610/4500, time remaining: 2m 33s
Rendered 2611/4500, time remaining: 2m 34s
Rendered 2612/4500, time remaining: 2m 31s
Rendered 2613/4500, time remaining: 2m 31s
Rendered 2614/4500, time remaining: 2m 31s
Rendered 2615/4500, time remaining: 2m 31s
Rendered 2616/4500, time remaining: 2m 31s
Rendered 2617/4500, time remaining: 2m 32s
Rendered 2618/4500, time remaining: 2m 32s
Rendered 2618/4500, time remaining: 2m 32s
Rendered 2619/4500, time remaining: 2m 32s
Rendered 2620/4500, time remaining: 2m 30s
Rendered 2621/4500, time remaining: 2m 31s
Rendered 2622/4500, time remaining: 2m 31s
Rendered 2623/4500, time remaining: 2m 31s
Rendered 2624/4500, time remaining: 2m 30s
Rendered 2625/4500, time remaining: 2m 30s
Rendered 2626/4500, time remaining: 2m 30s
Rendered 2627/4500, time remaining: 2m 30s
Rendered 2628/4500, time remaining: 2m 28s
Rendered 2629/4500, time remaining: 2m 28s
Rendered 2629/4500, time remaining: 2m 28s
Rendered 2630/4500, time remaining: 2m 30s
Rendered 2631/4500, time remaining: 2m 30s
Rendered 2632/4500, time remaining: 2m 30s
Rendered 2633/4500, time remaining: 2m 30s
Rendered 2634/4500, time remaining: 2m 30s
Rendered 2635/4500, time remaining: 2m 31s
Rendered 2636/4500, time remaining: 2m 28s
Rendered 2637/4500, time remaining: 2m 28s
Rendered 2638/4500, time remaining: 2m 28s
Rendered 2638/4500, time remaining: 2m 28s
Rendered 2639/4500, time remaining: 2m 30s
Rendered 2640/4500, time remaining: 2m 29s
Rendered 2641/4500, time remaining: 2m 29s
Rendered 2642/4500, time remaining: 2m 29s
Rendered 2643/4500, time remaining: 2m 28s
Rendered 2644/4500, time remaining: 2m 26s
Rendered 2645/4500, time remaining: 2m 26s
Rendered 2646/4500, time remaining: 2m 27s
Rendered 2647/4500, time remaining: 2m 28s
Rendered 2648/4500, time remaining: 2m 27s
Rendered 2648/4500, time remaining: 2m 27s
Rendered 2649/4500, time remaining: 2m 28s
Rendered 2650/4500, time remaining: 2m 27s
Rendered 2651/4500, time remaining: 2m 27s
Rendered 2652/4500, time remaining: 2m 25s
Rendered 2653/4500, time remaining: 2m 26s
Rendered 2654/4500, time remaining: 2m 26s
Rendered 2655/4500, time remaining: 2m 27s
Rendered 2656/4500, time remaining: 2m 27s
Rendered 2657/4500, time remaining: 2m 28s
Rendered 2658/4500, time remaining: 2m 27s
Rendered 2659/4500, time remaining: 2m 27s
Rendered 2659/4500, time remaining: 2m 27s
Rendered 2660/4500, time remaining: 2m 26s
Rendered 2661/4500, time remaining: 2m 26s
Rendered 2662/4500, time remaining: 2m 25s
Rendered 2663/4500, time remaining: 2m 26s
Rendered 2664/4500, time remaining: 2m 25s
Rendered 2665/4500, time remaining: 2m 25s
Rendered 2666/4500, time remaining: 2m 25s
Rendered 2667/4500, time remaining: 2m 26s
Rendered 2668/4500, time remaining: 2m 25s
Rendered 2669/4500, time remaining: 2m 25s
Rendered 2670/4500, time remaining: 2m 23s
Rendered 2671/4500, time remaining: 2m 20s
Rendered 2672/4500, time remaining: 2m 20s
Rendered 2672/4500, time remaining: 2m 20s
Rendered 2673/4500, time remaining: 2m 21s
Rendered 2674/4500, time remaining: 2m 21s
Rendered 2675/4500, time remaining: 2m 20s
Rendered 2676/4500, time remaining: 2m 22s
Rendered 2677/4500, time remaining: 2m 21s
Rendered 2678/4500, time remaining: 2m 20s
Rendered 2679/4500, time remaining: 2m 19s
Rendered 2680/4500, time remaining: 2m 19s
Rendered 2681/4500, time remaining: 2m 18s
Rendered 2682/4500, time remaining: 2m 18s
Rendered 2682/4500, time remaining: 2m 18s
Rendered 2683/4500, time remaining: 2m 20s
Rendered 2684/4500, time remaining: 2m 20s
Rendered 2685/4500, time remaining: 2m 20s
Rendered 2686/4500, time remaining: 2m 19s
Rendered 2687/4500, time remaining: 2m 17s
Rendered 2688/4500, time remaining: 2m 17s
Rendered 2689/4500, time remaining: 2m 7s
Rendered 2690/4500, time remaining: 2m 6s
Rendered 2691/4500, time remaining: 2m 7s
Rendered 2692/4500, time remaining: 2m 9s
Rendered 2693/4500, time remaining: 2m 6s
Rendered 2694/4500, time remaining: 2m 5s
Rendered 2694/4500, time remaining: 2m 5s
Rendered 2695/4500, time remaining: 2m 5s
Rendered 2696/4500, time remaining: 2m 6s
Rendered 2697/4500, time remaining: 2m 4s
Rendered 2698/4500, time remaining: 2m 4s
Rendered 2699/4500, time remaining: 2m 5s
Rendered 2700/4500, time remaining: 2m 5s
Rendered 2701/4500, time remaining: 2m 4s
Rendered 2702/4500, time remaining: 2m 4s
Rendered 2703/4500, time remaining: 2m 4s
Rendered 2704/4500, time remaining: 2m 4s
Rendered 2705/4500, time remaining: 2m 1s
Rendered 2706/4500, time remaining: 2m 1s
Rendered 2706/4500, time remaining: 2m 1s
Rendered 2707/4500, time remaining: 2m 2s
Rendered 2708/4500, time remaining: 2m 1s
Rendered 2709/4500, time remaining: 2m 0s
Rendered 2710/4500, time remaining: 2m 0s
Rendered 2711/4500, time remaining: 2m 0s
Rendered 2712/4500, time remaining: 1m 59s
Rendered 2713/4500, time remaining: 1m 59s
Rendered 2714/4500, time remaining: 1m 59s
Rendered 2715/4500, time remaining: 1m 59s
Rendered 2716/4500, time remaining: 1m 59s
Rendered 2717/4500, time remaining: 1m 45s
Rendered 2717/4500, time remaining: 1m 45s
Rendered 2718/4500, time remaining: 1m 45s
Rendered 2719/4500, time remaining: 1m 45s
Rendered 2720/4500, time remaining: 1m 44s
Rendered 2721/4500, time remaining: 1m 43s
Rendered 2722/4500, time remaining: 1m 41s
Rendered 2723/4500, time remaining: 1m 41s
Rendered 2724/4500, time remaining: 1m 40s
Rendered 2725/4500, time remaining: 1m 38s
Rendered 2726/4500, time remaining: 1m 39s
Rendered 2727/4500, time remaining: 1m 35s
Rendered 2728/4500, time remaining: 1m 34s
Rendered 2729/4500, time remaining: 1m 34s
Rendered 2730/4500, time remaining: 1m 32s
Rendered 2731/4500, time remaining: 1m 33s
Rendered 2731/4500, time remaining: 1m 33s
Rendered 2732/4500, time remaining: 1m 33s
Rendered 2733/4500, time remaining: 1m 26s
Rendered 2734/4500, time remaining: 1m 28s
Rendered 2735/4500, time remaining: 1m 27s
Rendered 2736/4500, time remaining: 1m 27s
Rendered 2737/4500, time remaining: 1m 27s
Rendered 2738/4500, time remaining: 1m 27s
Rendered 2739/4500, time remaining: 1m 27s
Rendered 2740/4500, time remaining: 1m 28s
Rendered 2740/4500, time remaining: 1m 28s
Rendered 2741/4500, time remaining: 1m 22s
Rendered 2742/4500, time remaining: 1m 26s
Rendered 2743/4500, time remaining: 1m 27s
Rendered 2744/4500, time remaining: 1m 26s
Rendered 2744/4500, time remaining: 1m 26s
Rendered 2745/4500, time remaining: 1m 26s
Rendered 2746/4500, time remaining: 1m 26s
Rendered 2747/4500, time remaining: 1m 25s
Rendered 2748/4500, time remaining: 1m 24s
Rendered 2749/4500, time remaining: 1m 22s
Rendered 2750/4500, time remaining: 1m 26s
Rendered 2751/4500, time remaining: 1m 25s
Rendered 2752/4500, time remaining: 1m 25s
Rendered 2752/4500, time remaining: 1m 25s
Rendered 2753/4500, time remaining: 1m 25s
Rendered 2754/4500, time remaining: 1m 24s
Rendered 2755/4500, time remaining: 1m 24s
Rendered 2756/4500, time remaining: 1m 24s
Rendered 2757/4500, time remaining: 1m 23s
Rendered 2758/4500, time remaining: 1m 25s
Rendered 2759/4500, time remaining: 1m 25s
Rendered 2760/4500, time remaining: 1m 25s
Rendered 2761/4500, time remaining: 1m 23s
Rendered 2762/4500, time remaining: 1m 23s
Rendered 2763/4500, time remaining: 1m 23s
Rendered 2763/4500, time remaining: 1m 23s
Rendered 2764/4500, time remaining: 1m 24s
Rendered 2765/4500, time remaining: 1m 23s
Rendered 2766/4500, time remaining: 1m 24s
Rendered 2767/4500, time remaining: 1m 24s
Rendered 2768/4500, time remaining: 1m 24s
Rendered 2769/4500, time remaining: 1m 23s
Rendered 2770/4500, time remaining: 1m 23s
Rendered 2771/4500, time remaining: 1m 23s
Rendered 2772/4500, time remaining: 1m 23s
Rendered 2773/4500, time remaining: 1m 23s
Rendered 2774/4500, time remaining: 1m 23s
Rendered 2775/4500, time remaining: 1m 23s
Rendered 2776/4500, time remaining: 1m 23s
Rendered 2777/4500, time remaining: 1m 23s
Rendered 2778/4500, time remaining: 1m 22s
Rendered 2778/4500, time remaining: 1m 22s
Rendered 2779/4500, time remaining: 1m 23s
Rendered 2780/4500, time remaining: 1m 23s
Rendered 2781/4500, time remaining: 1m 22s
Rendered 2782/4500, time remaining: 1m 22s
Rendered 2783/4500, time remaining: 1m 22s
Rendered 2784/4500, time remaining: 1m 22s
Rendered 2785/4500, time remaining: 1m 20s
Rendered 2786/4500, time remaining: 1m 20s
Rendered 2787/4500, time remaining: 1m 20s
Rendered 2787/4500, time remaining: 1m 20s
Rendered 2788/4500, time remaining: 1m 21s
Rendered 2789/4500, time remaining: 1m 20s
Rendered 2790/4500, time remaining: 1m 20s
Rendered 2791/4500, time remaining: 1m 20s
Rendered 2792/4500, time remaining: 1m 20s
Rendered 2793/4500, time remaining: 1m 20s
Rendered 2794/4500, time remaining: 1m 19s
Rendered 2795/4500, time remaining: 1m 19s
Rendered 2796/4500, time remaining: 1m 21s
Rendered 2797/4500, time remaining: 1m 20s
Rendered 2798/4500, time remaining: 1m 20s
Rendered 2799/4500, time remaining: 1m 19s
Rendered 2800/4500, time remaining: 1m 19s
Rendered 2801/4500, time remaining: 1m 19s
Rendered 2802/4500, time remaining: 1m 18s
Rendered 2802/4500, time remaining: 1m 18s
Rendered 2803/4500, time remaining: 1m 19s
Rendered 2804/4500, time remaining: 1m 21s
Rendered 2805/4500, time remaining: 1m 19s
Rendered 2806/4500, time remaining: 1m 19s
Rendered 2807/4500, time remaining: 1m 18s
Rendered 2808/4500, time remaining: 1m 18s
Rendered 2809/4500, time remaining: 1m 18s
Rendered 2810/4500, time remaining: 1m 17s
Rendered 2811/4500, time remaining: 1m 17s
Rendered 2811/4500, time remaining: 1m 17s
Rendered 2812/4500, time remaining: 1m 20s
Rendered 2813/4500, time remaining: 1m 20s
Rendered 2814/4500, time remaining: 1m 19s
Rendered 2815/4500, time remaining: 1m 18s
Rendered 2816/4500, time remaining: 1m 18s
Rendered 2817/4500, time remaining: 1m 18s
Rendered 2818/4500, time remaining: 1m 17s
Rendered 2819/4500, time remaining: 1m 17s
Rendered 2819/4500, time remaining: 1m 17s
Rendered 2820/4500, time remaining: 1m 22s
Rendered 2821/4500, time remaining: 1m 21s
Rendered 2822/4500, time remaining: 1m 21s
Rendered 2823/4500, time remaining: 1m 20s
Rendered 2824/4500, time remaining: 1m 20s
Rendered 2825/4500, time remaining: 1m 19s
Rendered 2826/4500, time remaining: 1m 18s
Rendered 2827/4500, time remaining: 1m 18s
Rendered 2828/4500, time remaining: 1m 20s
Rendered 2829/4500, time remaining: 1m 20s
Rendered 2830/4500, time remaining: 1m 20s
Rendered 2831/4500, time remaining: 1m 20s
Rendered 2832/4500, time remaining: 1m 20s
Rendered 2833/4500, time remaining: 1m 18s
Rendered 2834/4500, time remaining: 1m 18s
Rendered 2834/4500, time remaining: 1m 18s
Rendered 2835/4500, time remaining: 1m 18s
Rendered 2836/4500, time remaining: 1m 20s
Rendered 2837/4500, time remaining: 1m 19s
Rendered 2838/4500, time remaining: 1m 19s
Rendered 2839/4500, time remaining: 1m 18s
Rendered 2840/4500, time remaining: 1m 18s
Rendered 2841/4500, time remaining: 1m 17s
Rendered 2842/4500, time remaining: 1m 16s
Rendered 2843/4500, time remaining: 1m 16s
Rendered 2843/4500, time remaining: 1m 16s
Rendered 2844/4500, time remaining: 1m 18s
Rendered 2845/4500, time remaining: 1m 18s
Rendered 2846/4500, time remaining: 1m 17s
Rendered 2847/4500, time remaining: 1m 17s
Rendered 2848/4500, time remaining: 1m 17s
Rendered 2849/4500, time remaining: 1m 15s
Rendered 2850/4500, time remaining: 1m 15s
Rendered 2851/4500, time remaining: 1m 14s
Rendered 2852/4500, time remaining: 1m 16s
Rendered 2853/4500, time remaining: 1m 16s
Rendered 2854/4500, time remaining: 1m 16s
Rendered 2855/4500, time remaining: 1m 15s
Rendered 2856/4500, time remaining: 1m 15s
Rendered 2857/4500, time remaining: 1m 15s
Rendered 2858/4500, time remaining: 1m 15s
Rendered 2859/4500, time remaining: 1m 14s
Rendered 2859/4500, time remaining: 1m 14s
Rendered 2860/4500, time remaining: 1m 15s
Rendered 2861/4500, time remaining: 1m 15s
Rendered 2862/4500, time remaining: 1m 15s
Rendered 2863/4500, time remaining: 1m 15s
Rendered 2864/4500, time remaining: 1m 15s
Rendered 2865/4500, time remaining: 1m 15s
Rendered 2866/4500, time remaining: 1m 15s
Rendered 2867/4500, time remaining: 1m 14s
Rendered 2868/4500, time remaining: 1m 15s
Rendered 2869/4500, time remaining: 1m 15s
Rendered 2870/4500, time remaining: 1m 15s
Rendered 2871/4500, time remaining: 1m 15s
Rendered 2872/4500, time remaining: 1m 15s
Rendered 2873/4500, time remaining: 1m 14s
Rendered 2874/4500, time remaining: 1m 14s
Rendered 2875/4500, time remaining: 1m 14s
Rendered 2875/4500, time remaining: 1m 14s
Rendered 2876/4500, time remaining: 1m 13s
Rendered 2877/4500, time remaining: 1m 14s
Rendered 2878/4500, time remaining: 1m 13s
Rendered 2879/4500, time remaining: 1m 14s
Rendered 2880/4500, time remaining: 1m 14s
Rendered 2881/4500, time remaining: 1m 14s
Rendered 2882/4500, time remaining: 1m 14s
Rendered 2883/4500, time remaining: 1m 14s
Rendered 2884/4500, time remaining: 1m 12s
Rendered 2885/4500, time remaining: 1m 12s
Rendered 2886/4500, time remaining: 1m 12s
Rendered 2886/4500, time remaining: 1m 12s
Rendered 2887/4500, time remaining: 1m 13s
Rendered 2888/4500, time remaining: 1m 13s
Rendered 2889/4500, time remaining: 1m 13s
Rendered 2890/4500, time remaining: 1m 12s
Rendered 2891/4500, time remaining: 1m 12s
Rendered 2892/4500, time remaining: 1m 8s
Rendered 2893/4500, time remaining: 1m 8s
Rendered 2894/4500, time remaining: 1m 7s
Rendered 2895/4500, time remaining: 1m 8s
Rendered 2896/4500, time remaining: 1m 8s
Rendered 2897/4500, time remaining: 1m 8s
Rendered 2898/4500, time remaining: 1m 8s
Rendered 2899/4500, time remaining: 1m 8s
Rendered 2899/4500, time remaining: 1m 8s
Rendered 2900/4500, time remaining: 1m 7s
Rendered 2901/4500, time remaining: 1m 6s
Rendered 2902/4500, time remaining: 1m 6s
Rendered 2903/4500, time remaining: 1m 6s
Rendered 2904/4500, time remaining: 1m 7s
Rendered 2905/4500, time remaining: 1m 7s
Rendered 2906/4500, time remaining: 1m 7s
Rendered 2907/4500, time remaining: 1m 7s
Rendered 2907/4500, time remaining: 1m 7s
Rendered 2908/4500, time remaining: 1m 7s
Rendered 2909/4500, time remaining: 1m 6s
Rendered 2910/4500, time remaining: 1m 6s
Rendered 2911/4500, time remaining: 1m 6s
Rendered 2912/4500, time remaining: 1m 6s
Rendered 2913/4500, time remaining: 1m 6s
Rendered 2914/4500, time remaining: 1m 6s
Rendered 2915/4500, time remaining: 1m 6s
Rendered 2916/4500, time remaining: 1m 7s
Rendered 2917/4500, time remaining: 1m 6s
Rendered 2918/4500, time remaining: 1m 6s
Rendered 2919/4500, time remaining: 1m 6s
Rendered 2920/4500, time remaining: 1m 6s
Rendered 2921/4500, time remaining: 1m 5s
Rendered 2922/4500, time remaining: 1m 5s
Rendered 2923/4500, time remaining: 1m 5s
Rendered 2923/4500, time remaining: 1m 5s
Rendered 2924/4500, time remaining: 1m 7s
Rendered 2925/4500, time remaining: 1m 6s
Rendered 2926/4500, time remaining: 1m 6s
Rendered 2927/4500, time remaining: 1m 5s
Rendered 2928/4500, time remaining: 1m 5s
Rendered 2929/4500, time remaining: 1m 5s
Rendered 2930/4500, time remaining: 1m 4s
Rendered 2931/4500, time remaining: 1m 3s
Rendered 2932/4500, time remaining: 1m 5s
Rendered 2933/4500, time remaining: 1m 5s
Rendered 2934/4500, time remaining: 1m 5s
Rendered 2935/4500, time remaining: 1m 5s
Rendered 2935/4500, time remaining: 1m 5s
Rendered 2936/4500, time remaining: 1m 6s
Rendered 2937/4500, time remaining: 1m 5s
Rendered 2938/4500, time remaining: 1m 3s
Rendered 2939/4500, time remaining: 1m 3s
Rendered 2940/4500, time remaining: 1m 5s
Rendered 2941/4500, time remaining: 1m 6s
Rendered 2942/4500, time remaining: 1m 5s
Rendered 2943/4500, time remaining: 1m 5s
Rendered 2944/4500, time remaining: 1m 6s
Rendered 2945/4500, time remaining: 1m 5s
Rendered 2946/4500, time remaining: 1m 3s
Rendered 2947/4500, time remaining: 1m 3s
Rendered 2947/4500, time remaining: 1m 3s
Rendered 2948/4500, time remaining: 1m 5s
Rendered 2949/4500, time remaining: 1m 5s
Rendered 2950/4500, time remaining: 1m 5s
Rendered 2951/4500, time remaining: 1m 5s
Rendered 2952/4500, time remaining: 1m 6s
Rendered 2953/4500, time remaining: 1m 6s
Rendered 2954/4500, time remaining: 1m 4s
Rendered 2955/4500, time remaining: 1m 4s
Rendered 2956/4500, time remaining: 1m 4s
Rendered 2956/4500, time remaining: 1m 4s
Rendered 2957/4500, time remaining: 1m 5s
Rendered 2958/4500, time remaining: 1m 6s
Rendered 2959/4500, time remaining: 1m 6s
Rendered 2960/4500, time remaining: 1m 6s
Rendered 2961/4500, time remaining: 1m 6s
Rendered 2962/4500, time remaining: 1m 3s
Rendered 2963/4500, time remaining: 1m 3s
Rendered 2964/4500, time remaining: 1m 4s
Rendered 2965/4500, time remaining: 1m 4s
Rendered 2966/4500, time remaining: 1m 5s
Rendered 2967/4500, time remaining: 1m 5s
Rendered 2967/4500, time remaining: 1m 5s
Rendered 2968/4500, time remaining: 1m 5s
Rendered 2969/4500, time remaining: 1m 5s
Rendered 2970/4500, time remaining: 1m 1s
Rendered 2971/4500, time remaining: 1m 1s
Rendered 2972/4500, time remaining: 1m 2s
Rendered 2973/4500, time remaining: 1m 2s
Rendered 2974/4500, time remaining: 1m 2s
Rendered 2975/4500, time remaining: 1m 2s
Rendered 2976/4500, time remaining: 1m 3s
Rendered 2977/4500, time remaining: 1m 2s
Rendered 2978/4500, time remaining: 1m 0s
Rendered 2979/4500, time remaining: 1m 0s
Rendered 2980/4500, time remaining: 1m 2s
Rendered 2980/4500, time remaining: 1m 2s
Rendered 2981/4500, time remaining: 1m 2s
Rendered 2982/4500, time remaining: 1m 2s
Rendered 2983/4500, time remaining: 1m 2s
Rendered 2984/4500, time remaining: 1m 2s
Rendered 2985/4500, time remaining: 1m 3s
Rendered 2986/4500, time remaining: 1m 0s
Rendered 2987/4500, time remaining: 1m 1s
Rendered 2988/4500, time remaining: 1m 2s
Rendered 2989/4500, time remaining: 1m 2s
Rendered 2990/4500, time remaining: 1m 2s
Rendered 2991/4500, time remaining: 1m 2s
Rendered 2992/4500, time remaining: 1m 2s
Rendered 2993/4500, time remaining: 1m 2s
Rendered 2994/4500, time remaining: 1m 0s
Rendered 2995/4500, time remaining: 1m 0s
Rendered 2995/4500, time remaining: 1m 0s
Rendered 2996/4500, time remaining: 1m 2s
Rendered 2997/4500, time remaining: 1m 2s
Rendered 2998/4500, time remaining: 1m 1s
Rendered 2999/4500, time remaining: 1m 2s
Rendered 3000/4500, time remaining: 1m 2s
Rendered 3001/4500, time remaining: 1m 2s
Rendered 3002/4500, time remaining: 1m 0s
Rendered 3003/4500, time remaining: 1m 0s
Rendered 3004/4500, time remaining: 1m 1s
Rendered 3005/4500, time remaining: 1m 2s
Rendered 3006/4500, time remaining: 1m 1s
Rendered 3007/4500, time remaining: 1m 1s
Rendered 3008/4500, time remaining: 1m 1s
Rendered 3009/4500, time remaining: 1m 1s
Rendered 3009/4500, time remaining: 1m 1s
Rendered 3010/4500, time remaining: 1m 0s
Rendered 3011/4500, time remaining: 1m 0s
Rendered 3012/4500, time remaining: 1m 0s
Rendered 3013/4500, time remaining: 1m 1s
Rendered 3014/4500, time remaining: 1m 0s
Rendered 3015/4500, time remaining: 1m 1s
Rendered 3016/4500, time remaining: 1m 1s
Rendered 3017/4500, time remaining: 1m 1s
Rendered 3018/4500, time remaining: 1m 0s
Rendered 3019/4500, time remaining: 1m 0s
Rendered 3020/4500, time remaining: 1m 0s
Rendered 3021/4500, time remaining: 1m 0s
Rendered 3022/4500, time remaining: 1m 0s
Rendered 3022/4500, time remaining: 1m 0s
Rendered 3023/4500, time remaining: 1m 1s
Rendered 3024/4500, time remaining: 1m 1s
Rendered 3025/4500, time remaining: 1m 1s
Rendered 3026/4500, time remaining: 1m 0s
Rendered 3027/4500, time remaining: 1m 0s
Rendered 3028/4500, time remaining: 1m 1s
Rendered 3029/4500, time remaining: 1m 0s
Rendered 3030/4500, time remaining: 1m 0s
Rendered 3031/4500, time remaining: 59s
Rendered 3032/4500, time remaining: 1m 0s
Rendered 3033/4500, time remaining: 1m 0s
Rendered 3034/4500, time remaining: 59s
Rendered 3035/4500, time remaining: 59s
Rendered 3035/4500, time remaining: 59s
Rendered 3036/4500, time remaining: 1m 0s
Rendered 3037/4500, time remaining: 1m 0s
Rendered 3038/4500, time remaining: 59s
Rendered 3039/4500, time remaining: 59s
Rendered 3040/4500, time remaining: 59s
Rendered 3041/4500, time remaining: 59s
Rendered 3042/4500, time remaining: 59s
Rendered 3043/4500, time remaining: 59s
Rendered 3044/4500, time remaining: 1m 0s
Rendered 3045/4500, time remaining: 59s
Rendered 3046/4500, time remaining: 59s
Rendered 3047/4500, time remaining: 58s
Rendered 3048/4500, time remaining: 59s
Rendered 3049/4500, time remaining: 59s
Rendered 3050/4500, time remaining: 57s
Rendered 3050/4500, time remaining: 57s
Rendered 3051/4500, time remaining: 57s
Rendered 3052/4500, time remaining: 59s
Rendered 3053/4500, time remaining: 58s
Rendered 3054/4500, time remaining: 58s
Rendered 3055/4500, time remaining: 58s
Rendered 3056/4500, time remaining: 58s
Rendered 3057/4500, time remaining: 58s
Rendered 3058/4500, time remaining: 56s
Rendered 3059/4500, time remaining: 56s
Rendered 3059/4500, time remaining: 56s
Rendered 3060/4500, time remaining: 58s
Rendered 3061/4500, time remaining: 58s
Rendered 3062/4500, time remaining: 58s
Rendered 3063/4500, time remaining: 58s
Rendered 3064/4500, time remaining: 58s
Rendered 3065/4500, time remaining: 58s
Rendered 3066/4500, time remaining: 57s
Rendered 3067/4500, time remaining: 56s
Rendered 3068/4500, time remaining: 58s
Rendered 3069/4500, time remaining: 58s
Rendered 3070/4500, time remaining: 58s
Rendered 3071/4500, time remaining: 58s
Rendered 3072/4500, time remaining: 58s
Rendered 3073/4500, time remaining: 58s
Rendered 3073/4500, time remaining: 58s
Rendered 3074/4500, time remaining: 57s
Rendered 3075/4500, time remaining: 56s
Rendered 3076/4500, time remaining: 58s
Rendered 3077/4500, time remaining: 58s
Rendered 3078/4500, time remaining: 58s
Rendered 3079/4500, time remaining: 57s
Rendered 3080/4500, time remaining: 58s
Rendered 3081/4500, time remaining: 58s
Rendered 3082/4500, time remaining: 56s
Rendered 3083/4500, time remaining: 56s
Rendered 3084/4500, time remaining: 57s
Rendered 3085/4500, time remaining: 57s
Rendered 3086/4500, time remaining: 56s
Rendered 3087/4500, time remaining: 56s
Rendered 3088/4500, time remaining: 56s
Rendered 3089/4500, time remaining: 56s
Rendered 3089/4500, time remaining: 56s
Rendered 3090/4500, time remaining: 55s
Rendered 3091/4500, time remaining: 55s
Rendered 3092/4500, time remaining: 56s
Rendered 3093/4500, time remaining: 56s
Rendered 3094/4500, time remaining: 56s
Rendered 3095/4500, time remaining: 56s
Rendered 3096/4500, time remaining: 56s
Rendered 3097/4500, time remaining: 56s
Rendered 3098/4500, time remaining: 54s
Rendered 3099/4500, time remaining: 53s
Rendered 3099/4500, time remaining: 53s
Rendered 3100/4500, time remaining: 55s
Rendered 3101/4500, time remaining: 56s
Rendered 3102/4500, time remaining: 54s
Rendered 3103/4500, time remaining: 54s
Rendered 3104/4500, time remaining: 54s
Rendered 3105/4500, time remaining: 54s
Rendered 3106/4500, time remaining: 54s
Rendered 3107/4500, time remaining: 53s
Rendered 3108/4500, time remaining: 53s
Rendered 3109/4500, time remaining: 54s
Rendered 3110/4500, time remaining: 54s
Rendered 3111/4500, time remaining: 53s
Rendered 3111/4500, time remaining: 53s
Rendered 3112/4500, time remaining: 54s
Rendered 3113/4500, time remaining: 54s
Rendered 3114/4500, time remaining: 53s
Rendered 3115/4500, time remaining: 53s
Rendered 3116/4500, time remaining: 53s
Rendered 3117/4500, time remaining: 54s
Rendered 3118/4500, time remaining: 55s
Rendered 3119/4500, time remaining: 54s
Rendered 3120/4500, time remaining: 54s
Rendered 3121/4500, time remaining: 54s
Rendered 3122/4500, time remaining: 54s
Rendered 3123/4500, time remaining: 54s
Rendered 3123/4500, time remaining: 54s
Rendered 3124/4500, time remaining: 54s
Rendered 3125/4500, time remaining: 54s
Rendered 3126/4500, time remaining: 55s
Rendered 3127/4500, time remaining: 55s
Rendered 3128/4500, time remaining: 55s
Rendered 3129/4500, time remaining: 55s
Rendered 3130/4500, time remaining: 53s
Rendered 3131/4500, time remaining: 53s
Rendered 3132/4500, time remaining: 54s
Rendered 3133/4500, time remaining: 53s
Rendered 3134/4500, time remaining: 54s
Rendered 3134/4500, time remaining: 54s
Rendered 3135/4500, time remaining: 54s
Rendered 3136/4500, time remaining: 54s
Rendered 3137/4500, time remaining: 54s
Rendered 3138/4500, time remaining: 52s
Rendered 3139/4500, time remaining: 52s
Rendered 3140/4500, time remaining: 54s
Rendered 3141/4500, time remaining: 54s
Rendered 3142/4500, time remaining: 53s
Rendered 3143/4500, time remaining: 54s
Rendered 3144/4500, time remaining: 54s
Rendered 3145/4500, time remaining: 54s
Rendered 3146/4500, time remaining: 52s
Rendered 3147/4500, time remaining: 53s
Rendered 3147/4500, time remaining: 53s
Rendered 3148/4500, time remaining: 53s
Rendered 3149/4500, time remaining: 53s
Rendered 3150/4500, time remaining: 53s
Rendered 3151/4500, time remaining: 54s
Rendered 3152/4500, time remaining: 54s
Rendered 3153/4500, time remaining: 53s
Rendered 3154/4500, time remaining: 52s
Rendered 3155/4500, time remaining: 52s
Rendered 3156/4500, time remaining: 53s
Rendered 3157/4500, time remaining: 52s
Rendered 3158/4500, time remaining: 53s
Rendered 3159/4500, time remaining: 53s
Rendered 3160/4500, time remaining: 53s
Rendered 3161/4500, time remaining: 53s
Rendered 3162/4500, time remaining: 52s
Rendered 3162/4500, time remaining: 52s
Rendered 3163/4500, time remaining: 52s
Rendered 3164/4500, time remaining: 53s
Rendered 3165/4500, time remaining: 52s
Rendered 3166/4500, time remaining: 52s
Rendered 3167/4500, time remaining: 53s
Rendered 3168/4500, time remaining: 53s
Rendered 3169/4500, time remaining: 53s
Rendered 3170/4500, time remaining: 53s
Rendered 3171/4500, time remaining: 53s
Rendered 3172/4500, time remaining: 53s
Rendered 3173/4500, time remaining: 52s
Rendered 3174/4500, time remaining: 52s
Rendered 3174/4500, time remaining: 52s
Rendered 3175/4500, time remaining: 53s
Rendered 3176/4500, time remaining: 53s
Rendered 3177/4500, time remaining: 53s
Rendered 3178/4500, time remaining: 52s
Rendered 3179/4500, time remaining: 53s
Rendered 3180/4500, time remaining: 53s
Rendered 3181/4500, time remaining: 53s
Rendered 3182/4500, time remaining: 52s
Rendered 3183/4500, time remaining: 53s
Rendered 3184/4500, time remaining: 53s
Rendered 3185/4500, time remaining: 53s
Rendered 3186/4500, time remaining: 52s
Rendered 3186/4500, time remaining: 52s
Rendered 3187/4500, time remaining: 52s
Rendered 3188/4500, time remaining: 52s
Rendered 3189/4500, time remaining: 52s
Rendered 3190/4500, time remaining: 52s
Rendered 3191/4500, time remaining: 53s
Rendered 3192/4500, time remaining: 53s
Rendered 3193/4500, time remaining: 53s
Rendered 3194/4500, time remaining: 52s
Rendered 3195/4500, time remaining: 52s
Rendered 3196/4500, time remaining: 52s
Rendered 3197/4500, time remaining: 52s
Rendered 3198/4500, time remaining: 52s
Rendered 3199/4500, time remaining: 52s
Rendered 3200/4500, time remaining: 52s
Rendered 3201/4500, time remaining: 52s
Rendered 3201/4500, time remaining: 52s
Rendered 3202/4500, time remaining: 51s
Rendered 3203/4500, time remaining: 51s
Rendered 3204/4500, time remaining: 51s
Rendered 3205/4500, time remaining: 52s
Rendered 3206/4500, time remaining: 51s
Rendered 3207/4500, time remaining: 51s
Rendered 3208/4500, time remaining: 51s
Rendered 3209/4500, time remaining: 51s
Rendered 3210/4500, time remaining: 49s
Rendered 3211/4500, time remaining: 49s
Rendered 3212/4500, time remaining: 50s
Rendered 3213/4500, time remaining: 50s
Rendered 3214/4500, time remaining: 49s
Rendered 3215/4500, time remaining: 50s
Rendered 3215/4500, time remaining: 50s
Rendered 3216/4500, time remaining: 50s
Rendered 3217/4500, time remaining: 50s
Rendered 3218/4500, time remaining: 49s
Rendered 3219/4500, time remaining: 49s
Rendered 3220/4500, time remaining: 50s
Rendered 3221/4500, time remaining: 49s
Rendered 3222/4500, time remaining: 49s
Rendered 3223/4500, time remaining: 50s
Rendered 3224/4500, time remaining: 49s
Rendered 3225/4500, time remaining: 50s
Rendered 3226/4500, time remaining: 48s
Rendered 3227/4500, time remaining: 48s
Rendered 3227/4500, time remaining: 48s
Rendered 3228/4500, time remaining: 50s
Rendered 3229/4500, time remaining: 50s
Rendered 3230/4500, time remaining: 50s
Rendered 3231/4500, time remaining: 50s
Rendered 3232/4500, time remaining: 50s
Rendered 3233/4500, time remaining: 50s
Rendered 3234/4500, time remaining: 49s
Rendered 3235/4500, time remaining: 49s
Rendered 3235/4500, time remaining: 49s
Rendered 3236/4500, time remaining: 56s
Rendered 3237/4500, time remaining: 56s
Rendered 3238/4500, time remaining: 56s
Rendered 3239/4500, time remaining: 55s
Rendered 3240/4500, time remaining: 55s
Rendered 3241/4500, time remaining: 55s
Rendered 3242/4500, time remaining: 54s
Rendered 3243/4500, time remaining: 54s
Rendered 3243/4500, time remaining: 54s
Rendered 3244/4500, time remaining: 57s
Rendered 3245/4500, time remaining: 57s
Rendered 3246/4500, time remaining: 57s
Rendered 3247/4500, time remaining: 57s
Rendered 3248/4500, time remaining: 57s
Rendered 3249/4500, time remaining: 57s
Rendered 3250/4500, time remaining: 55s
Rendered 3251/4500, time remaining: 55s
Rendered 3251/4500, time remaining: 55s
Rendered 3252/4500, time remaining: 57s
Rendered 3253/4500, time remaining: 57s
Rendered 3254/4500, time remaining: 57s
Rendered 3255/4500, time remaining: 57s
Rendered 3256/4500, time remaining: 57s
Rendered 3257/4500, time remaining: 57s
Rendered 3258/4500, time remaining: 56s
Rendered 3259/4500, time remaining: 56s
Rendered 3259/4500, time remaining: 56s
Rendered 3260/4500, time remaining: 57s
Rendered 3261/4500, time remaining: 57s
Rendered 3262/4500, time remaining: 57s
Rendered 3263/4500, time remaining: 57s
Rendered 3264/4500, time remaining: 57s
Rendered 3265/4500, time remaining: 58s
Rendered 3266/4500, time remaining: 58s
Rendered 3267/4500, time remaining: 57s
Rendered 3268/4500, time remaining: 56s
Rendered 3268/4500, time remaining: 56s
Rendered 3269/4500, time remaining: 57s
Rendered 3270/4500, time remaining: 57s
Rendered 3271/4500, time remaining: 57s
Rendered 3272/4500, time remaining: 57s
Rendered 3273/4500, time remaining: 59s
Rendered 3274/4500, time remaining: 58s
Rendered 3275/4500, time remaining: 58s
Rendered 3276/4500, time remaining: 57s
Rendered 3277/4500, time remaining: 57s
Rendered 3277/4500, time remaining: 57s
Rendered 3278/4500, time remaining: 57s
Rendered 3279/4500, time remaining: 57s
Rendered 3280/4500, time remaining: 58s
Rendered 3281/4500, time remaining: 58s
Rendered 3282/4500, time remaining: 58s
Rendered 3283/4500, time remaining: 58s
Rendered 3284/4500, time remaining: 57s
Rendered 3285/4500, time remaining: 58s
Rendered 3286/4500, time remaining: 58s
Rendered 3287/4500, time remaining: 58s
Rendered 3288/4500, time remaining: 58s
Rendered 3289/4500, time remaining: 58s
Rendered 3289/4500, time remaining: 58s
Rendered 3290/4500, time remaining: 57s
Rendered 3291/4500, time remaining: 57s
Rendered 3292/4500, time remaining: 57s
Rendered 3293/4500, time remaining: 58s
Rendered 3294/4500, time remaining: 58s
Rendered 3295/4500, time remaining: 57s
Rendered 3296/4500, time remaining: 57s
Rendered 3297/4500, time remaining: 58s
Rendered 3298/4500, time remaining: 57s
Rendered 3299/4500, time remaining: 57s
Rendered 3300/4500, time remaining: 57s
Rendered 3300/4500, time remaining: 57s
Rendered 3301/4500, time remaining: 57s
Rendered 3302/4500, time remaining: 57s
Rendered 3303/4500, time remaining: 57s
Rendered 3304/4500, time remaining: 57s
Rendered 3305/4500, time remaining: 57s
Rendered 3306/4500, time remaining: 56s
Rendered 3307/4500, time remaining: 56s
Rendered 3308/4500, time remaining: 56s
Rendered 3309/4500, time remaining: 56s
Rendered 3310/4500, time remaining: 56s
Rendered 3311/4500, time remaining: 57s
Rendered 3312/4500, time remaining: 56s
Rendered 3313/4500, time remaining: 56s
Rendered 3314/4500, time remaining: 56s
Rendered 3315/4500, time remaining: 56s
Rendered 3316/4500, time remaining: 56s
Rendered 3317/4500, time remaining: 55s
Rendered 3317/4500, time remaining: 55s
Rendered 3318/4500, time remaining: 56s
Rendered 3319/4500, time remaining: 56s
Rendered 3320/4500, time remaining: 56s
Rendered 3321/4500, time remaining: 56s
Rendered 3322/4500, time remaining: 56s
Rendered 3323/4500, time remaining: 56s
Rendered 3324/4500, time remaining: 56s
Rendered 3325/4500, time remaining: 55s
Rendered 3325/4500, time remaining: 55s
Rendered 3326/4500, time remaining: 57s
Rendered 3327/4500, time remaining: 57s
Rendered 3328/4500, time remaining: 57s
Rendered 3329/4500, time remaining: 57s
Rendered 3330/4500, time remaining: 57s
Rendered 3331/4500, time remaining: 57s
Rendered 3332/4500, time remaining: 57s
Rendered 3333/4500, time remaining: 56s
Rendered 3334/4500, time remaining: 57s
Rendered 3335/4500, time remaining: 57s
Rendered 3336/4500, time remaining: 57s
Rendered 3336/4500, time remaining: 57s
Rendered 3337/4500, time remaining: 57s
Rendered 3338/4500, time remaining: 57s
Rendered 3339/4500, time remaining: 57s
Rendered 3340/4500, time remaining: 57s
Rendered 3341/4500, time remaining: 57s
Rendered 3342/4500, time remaining: 56s
Rendered 3343/4500, time remaining: 57s
Rendered 3344/4500, time remaining: 56s
Rendered 3345/4500, time remaining: 57s
Rendered 3346/4500, time remaining: 57s
Rendered 3347/4500, time remaining: 57s
Rendered 3348/4500, time remaining: 57s
Rendered 3348/4500, time remaining: 57s
Rendered 3349/4500, time remaining: 57s
Rendered 3350/4500, time remaining: 56s
Rendered 3351/4500, time remaining: 57s
Rendered 3352/4500, time remaining: 56s
Rendered 3353/4500, time remaining: 57s
Rendered 3354/4500, time remaining: 56s
Rendered 3355/4500, time remaining: 56s
Rendered 3356/4500, time remaining: 56s
Rendered 3357/4500, time remaining: 56s
Rendered 3358/4500, time remaining: 56s
Rendered 3359/4500, time remaining: 57s
Rendered 3360/4500, time remaining: 56s
Rendered 3361/4500, time remaining: 57s
Rendered 3361/4500, time remaining: 57s
Rendered 3362/4500, time remaining: 57s
Rendered 3363/4500, time remaining: 56s
Rendered 3364/4500, time remaining: 56s
Rendered 3365/4500, time remaining: 56s
Rendered 3366/4500, time remaining: 56s
Rendered 3367/4500, time remaining: 56s
Rendered 3368/4500, time remaining: 56s
Rendered 3369/4500, time remaining: 57s
Rendered 3370/4500, time remaining: 56s
Rendered 3371/4500, time remaining: 56s
Rendered 3372/4500, time remaining: 56s
Rendered 3373/4500, time remaining: 55s
Rendered 3374/4500, time remaining: 55s
Rendered 3375/4500, time remaining: 56s
Rendered 3376/4500, time remaining: 55s
Rendered 3376/4500, time remaining: 55s
Rendered 3377/4500, time remaining: 56s
Rendered 3378/4500, time remaining: 55s
Rendered 3379/4500, time remaining: 55s
Rendered 3380/4500, time remaining: 55s
Rendered 3381/4500, time remaining: 54s
Rendered 3382/4500, time remaining: 54s
Rendered 3383/4500, time remaining: 55s
Rendered 3384/4500, time remaining: 54s
Rendered 3385/4500, time remaining: 55s
Rendered 3386/4500, time remaining: 49s
Rendered 3387/4500, time remaining: 49s
Rendered 3388/4500, time remaining: 49s
Rendered 3389/4500, time remaining: 50s
Rendered 3390/4500, time remaining: 50s
Rendered 3390/4500, time remaining: 50s
Rendered 3391/4500, time remaining: 50s
Rendered 3392/4500, time remaining: 50s
Rendered 3393/4500, time remaining: 50s
Rendered 3394/4500, time remaining: 48s
Rendered 3395/4500, time remaining: 47s
Rendered 3396/4500, time remaining: 47s
Rendered 3397/4500, time remaining: 48s
Rendered 3398/4500, time remaining: 47s
Rendered 3399/4500, time remaining: 48s
Rendered 3400/4500, time remaining: 48s
Rendered 3401/4500, time remaining: 48s
Rendered 3401/4500, time remaining: 48s
Rendered 3402/4500, time remaining: 46s
Rendered 3403/4500, time remaining: 46s
Rendered 3404/4500, time remaining: 46s
Rendered 3405/4500, time remaining: 46s
Rendered 3406/4500, time remaining: 46s
Rendered 3407/4500, time remaining: 47s
Rendered 3408/4500, time remaining: 47s
Rendered 3409/4500, time remaining: 48s
Rendered 3410/4500, time remaining: 47s
Rendered 3411/4500, time remaining: 46s
Rendered 3412/4500, time remaining: 46s
Rendered 3413/4500, time remaining: 46s
Rendered 3413/4500, time remaining: 46s
Rendered 3414/4500, time remaining: 46s
Rendered 3415/4500, time remaining: 45s
Rendered 3416/4500, time remaining: 45s
Rendered 3417/4500, time remaining: 46s
Rendered 3418/4500, time remaining: 46s
Rendered 3419/4500, time remaining: 45s
Rendered 3420/4500, time remaining: 45s
Rendered 3421/4500, time remaining: 45s
Rendered 3422/4500, time remaining: 45s
Rendered 3423/4500, time remaining: 44s
Rendered 3424/4500, time remaining: 43s
Rendered 3424/4500, time remaining: 43s
Rendered 3425/4500, time remaining: 44s
Rendered 3426/4500, time remaining: 44s
Rendered 3427/4500, time remaining: 44s
Rendered 3428/4500, time remaining: 44s
Rendered 3429/4500, time remaining: 44s
Rendered 3430/4500, time remaining: 43s
Rendered 3431/4500, time remaining: 43s
Rendered 3432/4500, time remaining: 42s
Rendered 3433/4500, time remaining: 43s
Rendered 3434/4500, time remaining: 43s
Rendered 3435/4500, time remaining: 42s
Rendered 3436/4500, time remaining: 43s
Rendered 3437/4500, time remaining: 43s
Rendered 3438/4500, time remaining: 43s
Rendered 3439/4500, time remaining: 42s
Rendered 3440/4500, time remaining: 42s
Rendered 3440/4500, time remaining: 42s
Rendered 3441/4500, time remaining: 43s
Rendered 3442/4500, time remaining: 43s
Rendered 3443/4500, time remaining: 42s
Rendered 3444/4500, time remaining: 42s
Rendered 3445/4500, time remaining: 42s
Rendered 3446/4500, time remaining: 42s
Rendered 3447/4500, time remaining: 42s
Rendered 3448/4500, time remaining: 42s
Rendered 3449/4500, time remaining: 42s
Rendered 3450/4500, time remaining: 42s
Rendered 3451/4500, time remaining: 41s
Rendered 3452/4500, time remaining: 41s
Rendered 3453/4500, time remaining: 41s
Rendered 3454/4500, time remaining: 41s
Rendered 3455/4500, time remaining: 41s
Rendered 3456/4500, time remaining: 41s
Rendered 3456/4500, time remaining: 41s
Rendered 3457/4500, time remaining: 42s
Rendered 3458/4500, time remaining: 42s
Rendered 3459/4500, time remaining: 42s
Rendered 3460/4500, time remaining: 41s
Rendered 3461/4500, time remaining: 41s
Rendered 3462/4500, time remaining: 41s
Rendered 3463/4500, time remaining: 41s
Rendered 3464/4500, time remaining: 41s
Rendered 3465/4500, time remaining: 41s
Rendered 3466/4500, time remaining: 41s
Rendered 3467/4500, time remaining: 42s
Rendered 3468/4500, time remaining: 41s
Rendered 3468/4500, time remaining: 41s
Rendered 3469/4500, time remaining: 40s
Rendered 3470/4500, time remaining: 40s
Rendered 3471/4500, time remaining: 41s
Rendered 3472/4500, time remaining: 40s
Rendered 3473/4500, time remaining: 40s
Rendered 3474/4500, time remaining: 40s
Rendered 3475/4500, time remaining: 40s
Rendered 3476/4500, time remaining: 39s
Rendered 3477/4500, time remaining: 39s
Rendered 3478/4500, time remaining: 39s
Rendered 3479/4500, time remaining: 38s
Rendered 3480/4500, time remaining: 38s
Rendered 3481/4500, time remaining: 39s
Rendered 3482/4500, time remaining: 38s
Rendered 3483/4500, time remaining: 38s
Rendered 3484/4500, time remaining: 37s
Rendered 3485/4500, time remaining: 37s
Rendered 3486/4500, time remaining: 37s
Rendered 3486/4500, time remaining: 37s
Rendered 3487/4500, time remaining: 37s
Rendered 3488/4500, time remaining: 37s
Rendered 3489/4500, time remaining: 37s
Rendered 3490/4500, time remaining: 37s
Rendered 3491/4500, time remaining: 37s
Rendered 3492/4500, time remaining: 37s
Rendered 3493/4500, time remaining: 37s
Rendered 3494/4500, time remaining: 37s
Rendered 3495/4500, time remaining: 36s
Rendered 3496/4500, time remaining: 36s
Rendered 3497/4500, time remaining: 37s
Rendered 3498/4500, time remaining: 36s
Rendered 3499/4500, time remaining: 36s
Rendered 3499/4500, time remaining: 36s
Rendered 3500/4500, time remaining: 37s
Rendered 3501/4500, time remaining: 36s
Rendered 3502/4500, time remaining: 36s
Rendered 3503/4500, time remaining: 36s
Rendered 3504/4500, time remaining: 36s
Rendered 3505/4500, time remaining: 37s
Rendered 3506/4500, time remaining: 37s
Rendered 3507/4500, time remaining: 36s
Rendered 3508/4500, time remaining: 36s
Rendered 3509/4500, time remaining: 36s
Rendered 3510/4500, time remaining: 36s
Rendered 3511/4500, time remaining: 36s
Rendered 3512/4500, time remaining: 35s
Rendered 3512/4500, time remaining: 35s
Rendered 3513/4500, time remaining: 36s
Rendered 3514/4500, time remaining: 36s
Rendered 3515/4500, time remaining: 36s
Rendered 3516/4500, time remaining: 36s
Rendered 3517/4500, time remaining: 36s
Rendered 3518/4500, time remaining: 36s
Rendered 3519/4500, time remaining: 36s
Rendered 3520/4500, time remaining: 36s
Rendered 3521/4500, time remaining: 36s
Rendered 3522/4500, time remaining: 36s
Rendered 3523/4500, time remaining: 36s
Rendered 3523/4500, time remaining: 36s
Rendered 3524/4500, time remaining: 37s
Rendered 3525/4500, time remaining: 36s
Rendered 3526/4500, time remaining: 36s
Rendered 3527/4500, time remaining: 36s
Rendered 3528/4500, time remaining: 36s
Rendered 3529/4500, time remaining: 36s
Rendered 3530/4500, time remaining: 36s
Rendered 3531/4500, time remaining: 36s
Rendered 3532/4500, time remaining: 36s
Rendered 3533/4500, time remaining: 36s
Rendered 3534/4500, time remaining: 36s
Rendered 3535/4500, time remaining: 36s
Rendered 3536/4500, time remaining: 35s
Rendered 3536/4500, time remaining: 35s
Rendered 3537/4500, time remaining: 36s
Rendered 3538/4500, time remaining: 36s
Rendered 3539/4500, time remaining: 36s
Rendered 3540/4500, time remaining: 36s
Rendered 3541/4500, time remaining: 35s
Rendered 3542/4500, time remaining: 35s
Rendered 3543/4500, time remaining: 35s
Rendered 3544/4500, time remaining: 35s
Rendered 3545/4500, time remaining: 36s
Rendered 3546/4500, time remaining: 36s
Rendered 3547/4500, time remaining: 35s
Rendered 3548/4500, time remaining: 36s
Rendered 3549/4500, time remaining: 35s
Rendered 3550/4500, time remaining: 35s
Rendered 3551/4500, time remaining: 35s
Rendered 3552/4500, time remaining: 34s
Rendered 3552/4500, time remaining: 34s
Rendered 3553/4500, time remaining: 36s
Rendered 3554/4500, time remaining: 36s
Rendered 3555/4500, time remaining: 35s
Rendered 3556/4500, time remaining: 35s
Rendered 3557/4500, time remaining: 35s
Rendered 3558/4500, time remaining: 35s
Rendered 3559/4500, time remaining: 34s
Rendered 3560/4500, time remaining: 34s
Rendered 3561/4500, time remaining: 34s
Rendered 3562/4500, time remaining: 34s
Rendered 3563/4500, time remaining: 34s
Rendered 3564/4500, time remaining: 34s
Rendered 3564/4500, time remaining: 34s
Rendered 3565/4500, time remaining: 34s
Rendered 3566/4500, time remaining: 34s
Rendered 3567/4500, time remaining: 34s
Rendered 3568/4500, time remaining: 33s
Rendered 3569/4500, time remaining: 34s
Rendered 3570/4500, time remaining: 34s
Rendered 3571/4500, time remaining: 34s
Rendered 3572/4500, time remaining: 33s
Rendered 3573/4500, time remaining: 33s
Rendered 3574/4500, time remaining: 34s
Rendered 3575/4500, time remaining: 33s
Rendered 3576/4500, time remaining: 33s
Rendered 3577/4500, time remaining: 33s
Rendered 3578/4500, time remaining: 33s
Rendered 3578/4500, time remaining: 33s
Rendered 3579/4500, time remaining: 33s
Rendered 3580/4500, time remaining: 33s
Rendered 3581/4500, time remaining: 33s
Rendered 3582/4500, time remaining: 33s
Rendered 3583/4500, time remaining: 33s
Rendered 3584/4500, time remaining: 33s
Rendered 3585/4500, time remaining: 33s
Rendered 3586/4500, time remaining: 33s
Rendered 3587/4500, time remaining: 33s
Rendered 3588/4500, time remaining: 33s
Rendered 3589/4500, time remaining: 33s
Rendered 3590/4500, time remaining: 33s
Rendered 3591/4500, time remaining: 32s
Rendered 3592/4500, time remaining: 32s
Rendered 3592/4500, time remaining: 32s
Rendered 3593/4500, time remaining: 32s
Rendered 3594/4500, time remaining: 32s
Rendered 3595/4500, time remaining: 32s
Rendered 3596/4500, time remaining: 34s
Rendered 3597/4500, time remaining: 34s
Rendered 3598/4500, time remaining: 34s
Rendered 3599/4500, time remaining: 34s
Rendered 3600/4500, time remaining: 33s
Rendered 3600/4500, time remaining: 33s
Rendered 3601/4500, time remaining: 34s
Rendered 3602/4500, time remaining: 34s
Rendered 3603/4500, time remaining: 34s
Rendered 3604/4500, time remaining: 34s
Rendered 3605/4500, time remaining: 34s
Rendered 3606/4500, time remaining: 34s
Rendered 3607/4500, time remaining: 34s
Rendered 3608/4500, time remaining: 34s
Rendered 3609/4500, time remaining: 34s
Rendered 3610/4500, time remaining: 33s
Rendered 3611/4500, time remaining: 33s
Rendered 3611/4500, time remaining: 33s
Rendered 3612/4500, time remaining: 34s
Rendered 3613/4500, time remaining: 34s
Rendered 3614/4500, time remaining: 34s
Rendered 3615/4500, time remaining: 33s
Rendered 3616/4500, time remaining: 33s
Rendered 3617/4500, time remaining: 33s
Rendered 3618/4500, time remaining: 33s
Rendered 3619/4500, time remaining: 33s
Rendered 3620/4500, time remaining: 33s
Rendered 3621/4500, time remaining: 33s
Rendered 3622/4500, time remaining: 33s
Rendered 3623/4500, time remaining: 33s
Rendered 3624/4500, time remaining: 33s
Rendered 3625/4500, time remaining: 33s
Rendered 3626/4500, time remaining: 33s
Rendered 3627/4500, time remaining: 33s
Rendered 3628/4500, time remaining: 33s
Rendered 3628/4500, time remaining: 33s
Rendered 3629/4500, time remaining: 33s
Rendered 3630/4500, time remaining: 33s
Rendered 3631/4500, time remaining: 33s
Rendered 3632/4500, time remaining: 33s
Rendered 3633/4500, time remaining: 33s
Rendered 3634/4500, time remaining: 33s
Rendered 3635/4500, time remaining: 33s
Rendered 3636/4500, time remaining: 33s
Rendered 3637/4500, time remaining: 32s
Rendered 3638/4500, time remaining: 33s
Rendered 3639/4500, time remaining: 32s
Rendered 3640/4500, time remaining: 32s
Rendered 3641/4500, time remaining: 32s
Rendered 3642/4500, time remaining: 32s
Rendered 3643/4500, time remaining: 32s
Rendered 3644/4500, time remaining: 33s
Rendered 3644/4500, time remaining: 33s
Rendered 3645/4500, time remaining: 32s
Rendered 3646/4500, time remaining: 33s
Rendered 3647/4500, time remaining: 32s
Rendered 3648/4500, time remaining: 32s
Rendered 3649/4500, time remaining: 32s
Rendered 3650/4500, time remaining: 32s
Rendered 3651/4500, time remaining: 32s
Rendered 3652/4500, time remaining: 32s
Rendered 3653/4500, time remaining: 31s
Rendered 3654/4500, time remaining: 32s
Rendered 3655/4500, time remaining: 32s
Rendered 3656/4500, time remaining: 31s
Rendered 3657/4500, time remaining: 32s
Rendered 3658/4500, time remaining: 32s
Rendered 3659/4500, time remaining: 32s
Rendered 3659/4500, time remaining: 32s
Rendered 3660/4500, time remaining: 32s
Rendered 3661/4500, time remaining: 32s
Rendered 3662/4500, time remaining: 32s
Rendered 3663/4500, time remaining: 31s
Rendered 3664/4500, time remaining: 32s
Rendered 3665/4500, time remaining: 31s
Rendered 3666/4500, time remaining: 31s
Rendered 3667/4500, time remaining: 31s
Rendered 3668/4500, time remaining: 31s
Rendered 3669/4500, time remaining: 31s
Rendered 3670/4500, time remaining: 31s
Rendered 3671/4500, time remaining: 31s
Rendered 3671/4500, time remaining: 31s
Rendered 3672/4500, time remaining: 31s
Rendered 3673/4500, time remaining: 31s
Rendered 3674/4500, time remaining: 30s
Rendered 3675/4500, time remaining: 30s
Rendered 3676/4500, time remaining: 31s
Rendered 3677/4500, time remaining: 30s
Rendered 3678/4500, time remaining: 31s
Rendered 3679/4500, time remaining: 31s
Rendered 3680/4500, time remaining: 31s
Rendered 3681/4500, time remaining: 31s
Rendered 3682/4500, time remaining: 30s
Rendered 3683/4500, time remaining: 30s
Rendered 3684/4500, time remaining: 30s
Rendered 3685/4500, time remaining: 30s
Rendered 3686/4500, time remaining: 30s
Rendered 3686/4500, time remaining: 30s
Rendered 3687/4500, time remaining: 30s
Rendered 3688/4500, time remaining: 30s
Rendered 3689/4500, time remaining: 30s
Rendered 3690/4500, time remaining: 30s
Rendered 3691/4500, time remaining: 30s
Rendered 3692/4500, time remaining: 30s
Rendered 3693/4500, time remaining: 30s
Rendered 3694/4500, time remaining: 30s
Rendered 3695/4500, time remaining: 30s
Rendered 3696/4500, time remaining: 30s
Rendered 3697/4500, time remaining: 30s
Rendered 3697/4500, time remaining: 30s
Rendered 3698/4500, time remaining: 30s
Rendered 3699/4500, time remaining: 30s
Rendered 3700/4500, time remaining: 30s
Rendered 3701/4500, time remaining: 30s
Rendered 3702/4500, time remaining: 30s
Rendered 3703/4500, time remaining: 29s
Rendered 3704/4500, time remaining: 29s
Rendered 3705/4500, time remaining: 29s
Rendered 3706/4500, time remaining: 30s
Rendered 3707/4500, time remaining: 29s
Rendered 3708/4500, time remaining: 29s
Rendered 3709/4500, time remaining: 29s
Rendered 3710/4500, time remaining: 29s
Rendered 3711/4500, time remaining: 29s
Rendered 3712/4500, time remaining: 29s
Rendered 3712/4500, time remaining: 29s
Rendered 3713/4500, time remaining: 29s
Rendered 3714/4500, time remaining: 29s
Rendered 3715/4500, time remaining: 29s
Rendered 3716/4500, time remaining: 29s
Rendered 3717/4500, time remaining: 29s
Rendered 3718/4500, time remaining: 28s
Rendered 3719/4500, time remaining: 28s
Rendered 3720/4500, time remaining: 28s
Rendered 3721/4500, time remaining: 28s
Rendered 3722/4500, time remaining: 29s
Rendered 3723/4500, time remaining: 28s
Rendered 3724/4500, time remaining: 28s
Rendered 3725/4500, time remaining: 28s
Rendered 3726/4500, time remaining: 28s
Rendered 3727/4500, time remaining: 28s
Rendered 3728/4500, time remaining: 28s
Rendered 3729/4500, time remaining: 28s
Rendered 3729/4500, time remaining: 28s
Rendered 3730/4500, time remaining: 28s
Rendered 3731/4500, time remaining: 28s
Rendered 3732/4500, time remaining: 28s
Rendered 3733/4500, time remaining: 28s
Rendered 3734/4500, time remaining: 28s
Rendered 3735/4500, time remaining: 27s
Rendered 3736/4500, time remaining: 27s
Rendered 3737/4500, time remaining: 27s
Rendered 3738/4500, time remaining: 28s
Rendered 3739/4500, time remaining: 28s
Rendered 3740/4500, time remaining: 28s
Rendered 3741/4500, time remaining: 28s
Rendered 3742/4500, time remaining: 28s
Rendered 3743/4500, time remaining: 27s
Rendered 3744/4500, time remaining: 27s
Rendered 3744/4500, time remaining: 27s
Rendered 3745/4500, time remaining: 27s
Rendered 3746/4500, time remaining: 26s
Rendered 3747/4500, time remaining: 26s
Rendered 3748/4500, time remaining: 26s
Rendered 3749/4500, time remaining: 26s
Rendered 3750/4500, time remaining: 26s
Rendered 3751/4500, time remaining: 26s
Rendered 3752/4500, time remaining: 26s
Rendered 3753/4500, time remaining: 26s
Rendered 3754/4500, time remaining: 25s
Rendered 3755/4500, time remaining: 26s
Rendered 3756/4500, time remaining: 25s
Rendered 3757/4500, time remaining: 26s
Rendered 3758/4500, time remaining: 26s
Rendered 3759/4500, time remaining: 25s
Rendered 3759/4500, time remaining: 25s
Rendered 3760/4500, time remaining: 25s
Rendered 3761/4500, time remaining: 25s
Rendered 3762/4500, time remaining: 25s
Rendered 3763/4500, time remaining: 25s
Rendered 3764/4500, time remaining: 25s
Rendered 3765/4500, time remaining: 25s
Rendered 3766/4500, time remaining: 25s
Rendered 3767/4500, time remaining: 25s
Rendered 3768/4500, time remaining: 25s
Rendered 3769/4500, time remaining: 25s
Rendered 3770/4500, time remaining: 25s
Rendered 3771/4500, time remaining: 25s
Rendered 3771/4500, time remaining: 25s
Rendered 3772/4500, time remaining: 25s
Rendered 3773/4500, time remaining: 26s
Rendered 3774/4500, time remaining: 26s
Rendered 3775/4500, time remaining: 25s
Rendered 3776/4500, time remaining: 25s
Rendered 3777/4500, time remaining: 25s
Rendered 3778/4500, time remaining: 25s
Rendered 3779/4500, time remaining: 25s
Rendered 3780/4500, time remaining: 25s
Rendered 3781/4500, time remaining: 26s
Rendered 3782/4500, time remaining: 25s
Rendered 3783/4500, time remaining: 25s
Rendered 3784/4500, time remaining: 25s
Rendered 3785/4500, time remaining: 25s
Rendered 3786/4500, time remaining: 25s
Rendered 3786/4500, time remaining: 25s
Rendered 3787/4500, time remaining: 25s
Rendered 3788/4500, time remaining: 25s
Rendered 3789/4500, time remaining: 25s
Rendered 3790/4500, time remaining: 25s
Rendered 3791/4500, time remaining: 25s
Rendered 3792/4500, time remaining: 25s
Rendered 3793/4500, time remaining: 25s
Rendered 3794/4500, time remaining: 25s
Rendered 3795/4500, time remaining: 25s
Rendered 3796/4500, time remaining: 24s
Rendered 3796/4500, time remaining: 24s
Rendered 3797/4500, time remaining: 25s
Rendered 3798/4500, time remaining: 25s
Rendered 3799/4500, time remaining: 25s
Rendered 3800/4500, time remaining: 25s
Rendered 3801/4500, time remaining: 25s
Rendered 3802/4500, time remaining: 25s
Rendered 3803/4500, time remaining: 25s
Rendered 3804/4500, time remaining: 24s
Rendered 3805/4500, time remaining: 25s
Rendered 3806/4500, time remaining: 25s
Rendered 3807/4500, time remaining: 25s
Rendered 3808/4500, time remaining: 25s
Rendered 3809/4500, time remaining: 25s
Rendered 3810/4500, time remaining: 25s
Rendered 3811/4500, time remaining: 25s
Rendered 3812/4500, time remaining: 24s
Rendered 3812/4500, time remaining: 24s
Rendered 3813/4500, time remaining: 25s
Rendered 3814/4500, time remaining: 24s
Rendered 3815/4500, time remaining: 24s
Rendered 3816/4500, time remaining: 24s
Rendered 3817/4500, time remaining: 25s
Rendered 3818/4500, time remaining: 24s
Rendered 3819/4500, time remaining: 25s
Rendered 3820/4500, time remaining: 24s
Rendered 3821/4500, time remaining: 24s
Rendered 3822/4500, time remaining: 24s
Rendered 3823/4500, time remaining: 24s
Rendered 3824/4500, time remaining: 24s
Rendered 3824/4500, time remaining: 24s
Rendered 3825/4500, time remaining: 24s
Rendered 3826/4500, time remaining: 24s
Rendered 3827/4500, time remaining: 24s
Rendered 3828/4500, time remaining: 24s
Rendered 3829/4500, time remaining: 24s
Rendered 3830/4500, time remaining: 24s
Rendered 3831/4500, time remaining: 24s
Rendered 3832/4500, time remaining: 24s
Rendered 3833/4500, time remaining: 24s
Rendered 3834/4500, time remaining: 24s
Rendered 3835/4500, time remaining: 24s
Rendered 3836/4500, time remaining: 24s
Rendered 3836/4500, time remaining: 24s
Rendered 3837/4500, time remaining: 24s
Rendered 3838/4500, time remaining: 24s
Rendered 3839/4500, time remaining: 24s
Rendered 3840/4500, time remaining: 23s
Rendered 3841/4500, time remaining: 24s
Rendered 3842/4500, time remaining: 24s
Rendered 3843/4500, time remaining: 23s
Rendered 3844/4500, time remaining: 23s
Rendered 3845/4500, time remaining: 23s
Rendered 3846/4500, time remaining: 23s
Rendered 3847/4500, time remaining: 23s
Rendered 3848/4500, time remaining: 23s
Rendered 3849/4500, time remaining: 23s
Rendered 3850/4500, time remaining: 23s
Rendered 3851/4500, time remaining: 23s
Rendered 3851/4500, time remaining: 23s
Rendered 3852/4500, time remaining: 23s
Rendered 3853/4500, time remaining: 23s
Rendered 3854/4500, time remaining: 23s
Rendered 3855/4500, time remaining: 23s
Rendered 3856/4500, time remaining: 23s
Rendered 3857/4500, time remaining: 23s
Rendered 3858/4500, time remaining: 23s
Rendered 3859/4500, time remaining: 23s
Rendered 3860/4500, time remaining: 23s
Rendered 3861/4500, time remaining: 23s
Rendered 3862/4500, time remaining: 23s
Rendered 3863/4500, time remaining: 23s
Rendered 3864/4500, time remaining: 23s
Rendered 3865/4500, time remaining: 23s
Rendered 3865/4500, time remaining: 23s
Rendered 3866/4500, time remaining: 23s
Rendered 3867/4500, time remaining: 23s
Rendered 3868/4500, time remaining: 23s
Rendered 3869/4500, time remaining: 23s
Rendered 3870/4500, time remaining: 23s
Rendered 3871/4500, time remaining: 22s
Rendered 3872/4500, time remaining: 22s
Rendered 3873/4500, time remaining: 22s
Rendered 3874/4500, time remaining: 22s
Rendered 3875/4500, time remaining: 22s
Rendered 3876/4500, time remaining: 23s
Rendered 3877/4500, time remaining: 23s
Rendered 3878/4500, time remaining: 23s
Rendered 3879/4500, time remaining: 23s
Rendered 3880/4500, time remaining: 22s
Rendered 3880/4500, time remaining: 22s
Rendered 3881/4500, time remaining: 22s
Rendered 3882/4500, time remaining: 22s
Rendered 3883/4500, time remaining: 22s
Rendered 3884/4500, time remaining: 22s
Rendered 3885/4500, time remaining: 22s
Rendered 3886/4500, time remaining: 22s
Rendered 3887/4500, time remaining: 22s
Rendered 3888/4500, time remaining: 22s
Rendered 3889/4500, time remaining: 22s
Rendered 3890/4500, time remaining: 22s
Rendered 3891/4500, time remaining: 22s
Rendered 3892/4500, time remaining: 22s
Rendered 3893/4500, time remaining: 22s
Rendered 3894/4500, time remaining: 22s
Rendered 3894/4500, time remaining: 22s
Rendered 3895/4500, time remaining: 22s
Rendered 3896/4500, time remaining: 21s
Rendered 3897/4500, time remaining: 21s
Rendered 3898/4500, time remaining: 21s
Rendered 3899/4500, time remaining: 21s
Rendered 3900/4500, time remaining: 22s
Rendered 3901/4500, time remaining: 22s
Rendered 3902/4500, time remaining: 22s
Rendered 3903/4500, time remaining: 22s
Rendered 3904/4500, time remaining: 21s
Rendered 3905/4500, time remaining: 21s
Rendered 3906/4500, time remaining: 21s
Rendered 3907/4500, time remaining: 21s
Rendered 3908/4500, time remaining: 21s
Rendered 3909/4500, time remaining: 21s
Rendered 3909/4500, time remaining: 21s
Rendered 3910/4500, time remaining: 21s
Rendered 3911/4500, time remaining: 22s
Rendered 3912/4500, time remaining: 21s
Rendered 3913/4500, time remaining: 21s
Rendered 3914/4500, time remaining: 21s
Rendered 3915/4500, time remaining: 21s
Rendered 3916/4500, time remaining: 21s
Rendered 3917/4500, time remaining: 21s
Rendered 3918/4500, time remaining: 21s
Rendered 3919/4500, time remaining: 21s
Rendered 3920/4500, time remaining: 21s
Rendered 3921/4500, time remaining: 21s
Rendered 3922/4500, time remaining: 20s
Rendered 3923/4500, time remaining: 20s
Rendered 3924/4500, time remaining: 20s
Rendered 3925/4500, time remaining: 20s
Rendered 3925/4500, time remaining: 20s
Rendered 3926/4500, time remaining: 20s
Rendered 3927/4500, time remaining: 21s
Rendered 3928/4500, time remaining: 20s
Rendered 3929/4500, time remaining: 20s
Rendered 3930/4500, time remaining: 20s
Rendered 3931/4500, time remaining: 20s
Rendered 3932/4500, time remaining: 20s
Rendered 3933/4500, time remaining: 20s
Rendered 3934/4500, time remaining: 20s
Rendered 3935/4500, time remaining: 20s
Rendered 3936/4500, time remaining: 20s
Rendered 3937/4500, time remaining: 20s
Rendered 3937/4500, time remaining: 20s
Rendered 3938/4500, time remaining: 20s
Rendered 3939/4500, time remaining: 20s
Rendered 3940/4500, time remaining: 20s
Rendered 3941/4500, time remaining: 20s
Rendered 3942/4500, time remaining: 20s
Rendered 3943/4500, time remaining: 20s
Rendered 3944/4500, time remaining: 20s
Rendered 3945/4500, time remaining: 20s
Rendered 3946/4500, time remaining: 20s
Rendered 3947/4500, time remaining: 19s
Rendered 3948/4500, time remaining: 19s
Rendered 3949/4500, time remaining: 19s
Rendered 3950/4500, time remaining: 19s
Rendered 3951/4500, time remaining: 19s
Rendered 3951/4500, time remaining: 19s
Rendered 3952/4500, time remaining: 20s
Rendered 3953/4500, time remaining: 20s
Rendered 3954/4500, time remaining: 20s
Rendered 3955/4500, time remaining: 19s
Rendered 3956/4500, time remaining: 19s
Rendered 3957/4500, time remaining: 19s
Rendered 3958/4500, time remaining: 19s
Rendered 3959/4500, time remaining: 19s
Rendered 3960/4500, time remaining: 19s
Rendered 3961/4500, time remaining: 19s
Rendered 3962/4500, time remaining: 19s
Rendered 3963/4500, time remaining: 19s
Rendered 3963/4500, time remaining: 19s
Rendered 3964/4500, time remaining: 19s
Rendered 3965/4500, time remaining: 19s
Rendered 3966/4500, time remaining: 19s
Rendered 3967/4500, time remaining: 19s
Rendered 3968/4500, time remaining: 19s
Rendered 3969/4500, time remaining: 19s
Rendered 3970/4500, time remaining: 19s
Rendered 3971/4500, time remaining: 18s
Rendered 3972/4500, time remaining: 19s
Rendered 3973/4500, time remaining: 19s
Rendered 3974/4500, time remaining: 19s
Rendered 3975/4500, time remaining: 18s
Rendered 3976/4500, time remaining: 18s
Rendered 3977/4500, time remaining: 18s
Rendered 3978/4500, time remaining: 18s
Rendered 3979/4500, time remaining: 18s
Rendered 3979/4500, time remaining: 18s
Rendered 3980/4500, time remaining: 18s
Rendered 3981/4500, time remaining: 18s
Rendered 3982/4500, time remaining: 18s
Rendered 3983/4500, time remaining: 18s
Rendered 3984/4500, time remaining: 18s
Rendered 3985/4500, time remaining: 18s
Rendered 3986/4500, time remaining: 18s
Rendered 3987/4500, time remaining: 18s
Rendered 3988/4500, time remaining: 18s
Rendered 3989/4500, time remaining: 18s
Rendered 3990/4500, time remaining: 18s
Rendered 3991/4500, time remaining: 18s
Rendered 3992/4500, time remaining: 18s
Rendered 3993/4500, time remaining: 18s
Rendered 3993/4500, time remaining: 18s
Rendered 3994/4500, time remaining: 17s
Rendered 3995/4500, time remaining: 17s
Rendered 3996/4500, time remaining: 17s
Rendered 3997/4500, time remaining: 17s
Rendered 3998/4500, time remaining: 18s
Rendered 3999/4500, time remaining: 18s
Rendered 4000/4500, time remaining: 18s
Rendered 4001/4500, time remaining: 18s
Rendered 4002/4500, time remaining: 17s
Rendered 4002/4500, time remaining: 17s
Rendered 4003/4500, time remaining: 18s
Rendered 4004/4500, time remaining: 18s
Rendered 4005/4500, time remaining: 18s
Rendered 4006/4500, time remaining: 18s
Rendered 4007/4500, time remaining: 18s
Rendered 4008/4500, time remaining: 18s
Rendered 4008/4500, time remaining: 18s
Rendered 4009/4500, time remaining: 19s
Rendered 4010/4500, time remaining: 18s
Rendered 4011/4500, time remaining: 18s
Rendered 4012/4500, time remaining: 18s
Rendered 4013/4500, time remaining: 18s
Rendered 4014/4500, time remaining: 18s
Rendered 4015/4500, time remaining: 18s
Rendered 4016/4500, time remaining: 18s
Rendered 4017/4500, time remaining: 19s
Rendered 4018/4500, time remaining: 18s
Rendered 4019/4500, time remaining: 18s
Rendered 4020/4500, time remaining: 18s
Rendered 4021/4500, time remaining: 18s
Rendered 4022/4500, time remaining: 18s
Rendered 4022/4500, time remaining: 18s
Rendered 4023/4500, time remaining: 18s
Rendered 4024/4500, time remaining: 18s
Rendered 4025/4500, time remaining: 18s
Rendered 4026/4500, time remaining: 18s
Rendered 4027/4500, time remaining: 18s
Rendered 4028/4500, time remaining: 18s
Rendered 4029/4500, time remaining: 18s
Rendered 4030/4500, time remaining: 18s
Rendered 4031/4500, time remaining: 18s
Rendered 4032/4500, time remaining: 18s
Rendered 4032/4500, time remaining: 18s
Rendered 4033/4500, time remaining: 18s
Rendered 4034/4500, time remaining: 18s
Rendered 4035/4500, time remaining: 18s
Rendered 4036/4500, time remaining: 18s
Rendered 4037/4500, time remaining: 18s
Rendered 4038/4500, time remaining: 18s
Rendered 4039/4500, time remaining: 18s
Rendered 4040/4500, time remaining: 18s
Rendered 4041/4500, time remaining: 18s
Rendered 4042/4500, time remaining: 18s
Rendered 4043/4500, time remaining: 17s
Rendered 4044/4500, time remaining: 17s
Rendered 4045/4500, time remaining: 17s
Rendered 4046/4500, time remaining: 17s
Rendered 4047/4500, time remaining: 17s
Rendered 4048/4500, time remaining: 17s
Rendered 4049/4500, time remaining: 17s
Rendered 4050/4500, time remaining: 17s
Rendered 4051/4500, time remaining: 17s
Rendered 4052/4500, time remaining: 17s
Rendered 4052/4500, time remaining: 17s
Rendered 4053/4500, time remaining: 17s
Rendered 4054/4500, time remaining: 17s
Rendered 4055/4500, time remaining: 17s
Rendered 4056/4500, time remaining: 17s
Rendered 4057/4500, time remaining: 17s
Rendered 4058/4500, time remaining: 17s
Rendered 4059/4500, time remaining: 17s
Rendered 4060/4500, time remaining: 16s
Rendered 4061/4500, time remaining: 16s
Rendered 4062/4500, time remaining: 16s
Rendered 4063/4500, time remaining: 16s
Rendered 4064/4500, time remaining: 17s
Rendered 4065/4500, time remaining: 16s
Rendered 4066/4500, time remaining: 16s
Rendered 4066/4500, time remaining: 16s
Rendered 4067/4500, time remaining: 16s
Rendered 4068/4500, time remaining: 16s
Rendered 4069/4500, time remaining: 16s
Rendered 4070/4500, time remaining: 16s
Rendered 4071/4500, time remaining: 16s
Rendered 4072/4500, time remaining: 17s
Rendered 4073/4500, time remaining: 16s
Rendered 4074/4500, time remaining: 16s
Rendered 4075/4500, time remaining: 17s
Rendered 4076/4500, time remaining: 16s
Rendered 4076/4500, time remaining: 16s
Rendered 4077/4500, time remaining: 16s
Rendered 4078/4500, time remaining: 16s
Rendered 4079/4500, time remaining: 16s
Rendered 4080/4500, time remaining: 17s
Rendered 4081/4500, time remaining: 16s
Rendered 4082/4500, time remaining: 16s
Rendered 4083/4500, time remaining: 17s
Rendered 4084/4500, time remaining: 17s
Rendered 4084/4500, time remaining: 17s
Rendered 4085/4500, time remaining: 17s
Rendered 4086/4500, time remaining: 17s
Rendered 4087/4500, time remaining: 17s
Rendered 4088/4500, time remaining: 17s
Rendered 4089/4500, time remaining: 17s
Rendered 4090/4500, time remaining: 17s
Rendered 4091/4500, time remaining: 17s
Rendered 4092/4500, time remaining: 17s
Rendered 4093/4500, time remaining: 16s
Rendered 4094/4500, time remaining: 16s
Rendered 4095/4500, time remaining: 16s
Rendered 4095/4500, time remaining: 16s
Rendered 4096/4500, time remaining: 17s
Rendered 4097/4500, time remaining: 17s
Rendered 4098/4500, time remaining: 16s
Rendered 4099/4500, time remaining: 16s
Rendered 4100/4500, time remaining: 16s
Rendered 4101/4500, time remaining: 16s
Rendered 4102/4500, time remaining: 16s
Rendered 4103/4500, time remaining: 16s
Rendered 4104/4500, time remaining: 16s
Rendered 4105/4500, time remaining: 16s
Rendered 4106/4500, time remaining: 16s
Rendered 4107/4500, time remaining: 16s
Rendered 4108/4500, time remaining: 16s
Rendered 4109/4500, time remaining: 16s
Rendered 4109/4500, time remaining: 16s
Rendered 4110/4500, time remaining: 16s
Rendered 4111/4500, time remaining: 16s
Rendered 4112/4500, time remaining: 16s
Rendered 4113/4500, time remaining: 16s
Rendered 4114/4500, time remaining: 15s
Rendered 4115/4500, time remaining: 15s
Rendered 4116/4500, time remaining: 15s
Rendered 4117/4500, time remaining: 15s
Rendered 4118/4500, time remaining: 15s
Rendered 4119/4500, time remaining: 15s
Rendered 4120/4500, time remaining: 15s
Rendered 4121/4500, time remaining: 15s
Rendered 4122/4500, time remaining: 15s
Rendered 4123/4500, time remaining: 15s
Rendered 4124/4500, time remaining: 15s
Rendered 4125/4500, time remaining: 15s
Rendered 4125/4500, time remaining: 15s
Rendered 4126/4500, time remaining: 15s
Rendered 4127/4500, time remaining: 15s
Rendered 4128/4500, time remaining: 15s
Rendered 4129/4500, time remaining: 15s
Rendered 4130/4500, time remaining: 15s
Rendered 4131/4500, time remaining: 15s
Rendered 4132/4500, time remaining: 15s
Rendered 4133/4500, time remaining: 14s
Rendered 4134/4500, time remaining: 15s
Rendered 4135/4500, time remaining: 15s
Rendered 4136/4500, time remaining: 15s
Rendered 4137/4500, time remaining: 15s
Rendered 4138/4500, time remaining: 15s
Rendered 4139/4500, time remaining: 14s
Rendered 4140/4500, time remaining: 14s
Rendered 4141/4500, time remaining: 14s
Rendered 4141/4500, time remaining: 14s
Rendered 4142/4500, time remaining: 14s
Rendered 4143/4500, time remaining: 14s
Rendered 4144/4500, time remaining: 15s
Rendered 4145/4500, time remaining: 14s
Rendered 4146/4500, time remaining: 14s
Rendered 4147/4500, time remaining: 14s
Rendered 4148/4500, time remaining: 14s
Rendered 4149/4500, time remaining: 14s
Rendered 4150/4500, time remaining: 14s
Rendered 4150/4500, time remaining: 14s
Rendered 4151/4500, time remaining: 14s
Rendered 4152/4500, time remaining: 14s
Rendered 4153/4500, time remaining: 14s
Rendered 4154/4500, time remaining: 14s
Rendered 4155/4500, time remaining: 14s
Rendered 4156/4500, time remaining: 14s
Rendered 4157/4500, time remaining: 13s
Rendered 4158/4500, time remaining: 13s
Rendered 4159/4500, time remaining: 13s
Rendered 4159/4500, time remaining: 13s
Rendered 4160/4500, time remaining: 13s
Rendered 4161/4500, time remaining: 13s
Rendered 4162/4500, time remaining: 13s
Rendered 4163/4500, time remaining: 13s
Rendered 4164/4500, time remaining: 13s
Rendered 4165/4500, time remaining: 13s
Rendered 4166/4500, time remaining: 13s
Rendered 4167/4500, time remaining: 13s
Rendered 4168/4500, time remaining: 13s
Rendered 4169/4500, time remaining: 13s
Rendered 4170/4500, time remaining: 13s
Rendered 4171/4500, time remaining: 13s
Rendered 4172/4500, time remaining: 13s
Rendered 4173/4500, time remaining: 13s
Rendered 4173/4500, time remaining: 13s
Rendered 4174/4500, time remaining: 13s
Rendered 4175/4500, time remaining: 12s
Rendered 4176/4500, time remaining: 12s
Rendered 4177/4500, time remaining: 12s
Rendered 4178/4500, time remaining: 12s
Rendered 4179/4500, time remaining: 12s
Rendered 4180/4500, time remaining: 12s
Rendered 4181/4500, time remaining: 12s
Rendered 4182/4500, time remaining: 12s
Rendered 4183/4500, time remaining: 12s
Rendered 4184/4500, time remaining: 12s
Rendered 4185/4500, time remaining: 12s
Rendered 4186/4500, time remaining: 12s
Rendered 4186/4500, time remaining: 12s
Rendered 4187/4500, time remaining: 12s
Rendered 4188/4500, time remaining: 12s
Rendered 4189/4500, time remaining: 12s
Rendered 4190/4500, time remaining: 12s
Rendered 4191/4500, time remaining: 12s
Rendered 4192/4500, time remaining: 12s
Rendered 4193/4500, time remaining: 12s
Rendered 4194/4500, time remaining: 12s
Rendered 4195/4500, time remaining: 12s
Rendered 4196/4500, time remaining: 12s
Rendered 4197/4500, time remaining: 12s
Rendered 4198/4500, time remaining: 12s
Rendered 4199/4500, time remaining: 12s
Rendered 4200/4500, time remaining: 12s
Rendered 4201/4500, time remaining: 12s
Rendered 4202/4500, time remaining: 12s
Rendered 4202/4500, time remaining: 12s
Rendered 4203/4500, time remaining: 12s
Rendered 4204/4500, time remaining: 12s
Rendered 4205/4500, time remaining: 12s
Rendered 4206/4500, time remaining: 12s
Rendered 4207/4500, time remaining: 11s
Rendered 4208/4500, time remaining: 11s
Rendered 4209/4500, time remaining: 11s
Rendered 4210/4500, time remaining: 11s
Rendered 4211/4500, time remaining: 11s
Rendered 4212/4500, time remaining: 11s
Rendered 4213/4500, time remaining: 11s
Rendered 4214/4500, time remaining: 11s
Rendered 4215/4500, time remaining: 11s
Rendered 4216/4500, time remaining: 11s
Rendered 4217/4500, time remaining: 11s
Rendered 4217/4500, time remaining: 11s
Rendered 4218/4500, time remaining: 11s
Rendered 4219/4500, time remaining: 11s
Rendered 4220/4500, time remaining: 11s
Rendered 4221/4500, time remaining: 11s
Rendered 4222/4500, time remaining: 11s
Rendered 4223/4500, time remaining: 11s
Rendered 4224/4500, time remaining: 11s
Rendered 4225/4500, time remaining: 10s
Rendered 4226/4500, time remaining: 10s
Rendered 4227/4500, time remaining: 10s
Rendered 4228/4500, time remaining: 10s
Rendered 4229/4500, time remaining: 10s
Rendered 4230/4500, time remaining: 10s
Rendered 4231/4500, time remaining: 10s
Rendered 4231/4500, time remaining: 10s
Rendered 4232/4500, time remaining: 10s
Rendered 4233/4500, time remaining: 10s
Rendered 4234/4500, time remaining: 10s
Rendered 4235/4500, time remaining: 10s
Rendered 4236/4500, time remaining: 10s
Rendered 4237/4500, time remaining: 10s
Rendered 4238/4500, time remaining: 9s
Rendered 4239/4500, time remaining: 9s
Rendered 4240/4500, time remaining: 9s
Rendered 4241/4500, time remaining: 9s
Rendered 4242/4500, time remaining: 9s
Rendered 4242/4500, time remaining: 9s
Rendered 4243/4500, time remaining: 9s
Rendered 4244/4500, time remaining: 9s
Rendered 4245/4500, time remaining: 9s
Rendered 4246/4500, time remaining: 9s
Rendered 4247/4500, time remaining: 9s
Rendered 4248/4500, time remaining: 9s
Rendered 4249/4500, time remaining: 9s
Rendered 4250/4500, time remaining: 9s
Rendered 4251/4500, time remaining: 9s
Rendered 4252/4500, time remaining: 9s
Rendered 4253/4500, time remaining: 9s
Rendered 4254/4500, time remaining: 9s
Rendered 4255/4500, time remaining: 9s
Rendered 4256/4500, time remaining: 9s
Rendered 4257/4500, time remaining: 8s
Rendered 4258/4500, time remaining: 8s
Rendered 4258/4500, time remaining: 8s
Rendered 4259/4500, time remaining: 9s
Rendered 4260/4500, time remaining: 8s
Rendered 4261/4500, time remaining: 8s
Rendered 4262/4500, time remaining: 8s
Rendered 4263/4500, time remaining: 8s
Rendered 4264/4500, time remaining: 8s
Rendered 4265/4500, time remaining: 8s
Rendered 4266/4500, time remaining: 8s
Rendered 4267/4500, time remaining: 8s
Rendered 4268/4500, time remaining: 8s
Rendered 4268/4500, time remaining: 8s
Rendered 4269/4500, time remaining: 8s
Rendered 4270/4500, time remaining: 8s
Rendered 4271/4500, time remaining: 8s
Rendered 4272/4500, time remaining: 8s
Rendered 4273/4500, time remaining: 8s
Rendered 4274/4500, time remaining: 8s
Rendered 4275/4500, time remaining: 8s
Rendered 4276/4500, time remaining: 8s
Rendered 4277/4500, time remaining: 8s
Rendered 4278/4500, time remaining: 8s
Rendered 4279/4500, time remaining: 8s
Rendered 4280/4500, time remaining: 8s
Rendered 4281/4500, time remaining: 8s
Rendered 4281/4500, time remaining: 8s
Rendered 4282/4500, time remaining: 8s
Rendered 4283/4500, time remaining: 8s
Rendered 4284/4500, time remaining: 8s
Rendered 4285/4500, time remaining: 8s
Rendered 4286/4500, time remaining: 8s
Rendered 4287/4500, time remaining: 8s
Rendered 4288/4500, time remaining: 8s
Rendered 4289/4500, time remaining: 8s
Rendered 4290/4500, time remaining: 8s
Rendered 4291/4500, time remaining: 8s
Rendered 4292/4500, time remaining: 8s
Rendered 4292/4500, time remaining: 8s
Rendered 4293/4500, time remaining: 8s
Rendered 4294/4500, time remaining: 8s
Rendered 4295/4500, time remaining: 8s
Rendered 4296/4500, time remaining: 8s
Rendered 4297/4500, time remaining: 8s
Rendered 4298/4500, time remaining: 8s
Rendered 4299/4500, time remaining: 8s
Rendered 4300/4500, time remaining: 7s
Rendered 4300/4500, time remaining: 7s
Rendered 4301/4500, time remaining: 8s
Rendered 4302/4500, time remaining: 7s
Rendered 4303/4500, time remaining: 7s
Rendered 4304/4500, time remaining: 7s
Rendered 4305/4500, time remaining: 7s
Rendered 4306/4500, time remaining: 7s
Rendered 4307/4500, time remaining: 7s
Rendered 4308/4500, time remaining: 7s
Rendered 4309/4500, time remaining: 7s
Rendered 4310/4500, time remaining: 7s
Rendered 4311/4500, time remaining: 7s
Rendered 4312/4500, time remaining: 7s
Rendered 4313/4500, time remaining: 7s
Rendered 4314/4500, time remaining: 7s
Rendered 4315/4500, time remaining: 7s
Rendered 4315/4500, time remaining: 7s
Rendered 4316/4500, time remaining: 7s
Rendered 4317/4500, time remaining: 7s
Rendered 4318/4500, time remaining: 7s
Rendered 4319/4500, time remaining: 7s
Rendered 4320/4500, time remaining: 6s
Rendered 4321/4500, time remaining: 7s
Rendered 4322/4500, time remaining: 6s
Rendered 4323/4500, time remaining: 6s
Rendered 4324/4500, time remaining: 6s
Rendered 4325/4500, time remaining: 6s
Rendered 4326/4500, time remaining: 6s
Rendered 4327/4500, time remaining: 6s
Rendered 4328/4500, time remaining: 6s
Rendered 4328/4500, time remaining: 6s
Rendered 4329/4500, time remaining: 6s
Rendered 4330/4500, time remaining: 6s
Rendered 4331/4500, time remaining: 6s
Rendered 4332/4500, time remaining: 6s
Rendered 4333/4500, time remaining: 6s
Rendered 4334/4500, time remaining: 6s
Rendered 4335/4500, time remaining: 6s
Rendered 4336/4500, time remaining: 6s
Rendered 4337/4500, time remaining: 6s
Rendered 4338/4500, time remaining: 6s
Rendered 4339/4500, time remaining: 6s
Rendered 4340/4500, time remaining: 6s
Rendered 4341/4500, time remaining: 6s
Rendered 4342/4500, time remaining: 6s
Rendered 4343/4500, time remaining: 6s
Rendered 4344/4500, time remaining: 5s
Rendered 4345/4500, time remaining: 5s
Rendered 4346/4500, time remaining: 5s
Rendered 4346/4500, time remaining: 5s
Rendered 4347/4500, time remaining: 5s
Rendered 4348/4500, time remaining: 5s
Rendered 4349/4500, time remaining: 5s
Rendered 4350/4500, time remaining: 5s
Rendered 4351/4500, time remaining: 5s
Rendered 4352/4500, time remaining: 5s
Rendered 4353/4500, time remaining: 5s
Rendered 4354/4500, time remaining: 5s
Rendered 4355/4500, time remaining: 5s
Rendered 4356/4500, time remaining: 5s
Rendered 4357/4500, time remaining: 5s
Rendered 4358/4500, time remaining: 5s
Rendered 4359/4500, time remaining: 5s
Rendered 4360/4500, time remaining: 5s
Rendered 4360/4500, time remaining: 5s
Rendered 4361/4500, time remaining: 5s
Rendered 4362/4500, time remaining: 5s
Rendered 4363/4500, time remaining: 5s
Rendered 4364/4500, time remaining: 5s
Rendered 4365/4500, time remaining: 5s
Rendered 4366/4500, time remaining: 5s
Rendered 4367/4500, time remaining: 5s
Rendered 4368/4500, time remaining: 5s
Rendered 4369/4500, time remaining: 4s
Rendered 4370/4500, time remaining: 4s
Rendered 4371/4500, time remaining: 4s
Rendered 4372/4500, time remaining: 4s
Rendered 4373/4500, time remaining: 4s
Rendered 4374/4500, time remaining: 4s
Rendered 4375/4500, time remaining: 4s
Rendered 4376/4500, time remaining: 4s
Rendered 4376/4500, time remaining: 4s
Rendered 4377/4500, time remaining: 4s
Rendered 4378/4500, time remaining: 4s
Rendered 4379/4500, time remaining: 4s
Rendered 4380/4500, time remaining: 4s
Rendered 4381/4500, time remaining: 4s
Rendered 4382/4500, time remaining: 4s
Rendered 4383/4500, time remaining: 4s
Rendered 4384/4500, time remaining: 4s
Rendered 4385/4500, time remaining: 4s
Rendered 4386/4500, time remaining: 4s
Rendered 4387/4500, time remaining: 4s
Rendered 4388/4500, time remaining: 4s
Rendered 4389/4500, time remaining: 4s
Rendered 4389/4500, time remaining: 4s
Rendered 4390/4500, time remaining: 4s
Rendered 4391/4500, time remaining: 4s
Rendered 4392/4500, time remaining: 4s
Rendered 4393/4500, time remaining: 4s
Rendered 4394/4500, time remaining: 4s
Rendered 4395/4500, time remaining: 3s
Rendered 4396/4500, time remaining: 3s
Rendered 4397/4500, time remaining: 3s
Rendered 4398/4500, time remaining: 3s
Rendered 4399/4500, time remaining: 3s
Rendered 4400/4500, time remaining: 3s
Rendered 4401/4500, time remaining: 3s
Rendered 4402/4500, time remaining: 3s
Rendered 4403/4500, time remaining: 3s
Rendered 4404/4500, time remaining: 3s
Rendered 4405/4500, time remaining: 3s
Rendered 4405/4500, time remaining: 3s
Rendered 4406/4500, time remaining: 3s
Rendered 4407/4500, time remaining: 3s
Rendered 4408/4500, time remaining: 3s
Rendered 4409/4500, time remaining: 3s
Rendered 4410/4500, time remaining: 3s
Rendered 4411/4500, time remaining: 3s
Rendered 4412/4500, time remaining: 3s
Rendered 4413/4500, time remaining: 3s
Rendered 4414/4500, time remaining: 3s
Rendered 4415/4500, time remaining: 3s
Rendered 4416/4500, time remaining: 3s
Rendered 4417/4500, time remaining: 3s
Rendered 4418/4500, time remaining: 3s
Rendered 4419/4500, time remaining: 2s
Rendered 4420/4500, time remaining: 2s
Rendered 4421/4500, time remaining: 2s
Rendered 4421/4500, time remaining: 2s
Rendered 4422/4500, time remaining: 2s
Rendered 4423/4500, time remaining: 2s
Rendered 4424/4500, time remaining: 2s
Rendered 4425/4500, time remaining: 2s
Rendered 4426/4500, time remaining: 2s
Rendered 4427/4500, time remaining: 2s
Rendered 4428/4500, time remaining: 2s
Rendered 4429/4500, time remaining: 2s
Rendered 4430/4500, time remaining: 2s
Rendered 4431/4500, time remaining: 2s
Rendered 4432/4500, time remaining: 2s
Rendered 4433/4500, time remaining: 2s
Rendered 4434/4500, time remaining: 2s
Rendered 4435/4500, time remaining: 2s
Rendered 4436/4500, time remaining: 2s
Rendered 4437/4500, time remaining: 2s
Rendered 4437/4500, time remaining: 2s
Rendered 4438/4500, time remaining: 2s
Rendered 4439/4500, time remaining: 2s
Rendered 4440/4500, time remaining: 2s
Rendered 4441/4500, time remaining: 2s
Rendered 4442/4500, time remaining: 2s
Rendered 4443/4500, time remaining: 1s
Rendered 4444/4500, time remaining: 1s
Rendered 4445/4500, time remaining: 1s
Rendered 4446/4500, time remaining: 1s
Rendered 4447/4500, time remaining: 1s
Rendered 4448/4500, time remaining: 1s
Rendered 4449/4500, time remaining: 1s
Rendered 4449/4500, time remaining: 1s
Rendered 4450/4500, time remaining: 1s
Rendered 4451/4500, time remaining: 1s
Rendered 4452/4500, time remaining: 1s
Rendered 4453/4500, time remaining: 1s
Rendered 4454/4500, time remaining: 1s
Rendered 4455/4500, time remaining: 1s
Rendered 4456/4500, time remaining: 1s
Rendered 4457/4500, time remaining: 1s
Rendered 4458/4500, time remaining: 1s
Rendered 4459/4500, time remaining: 1s
Rendered 4460/4500, time remaining: 1s
Rendered 4461/4500, time remaining: 1s
Rendered 4462/4500, time remaining: 1s
Rendered 4463/4500, time remaining: 1s
Rendered 4464/4500, time remaining: 1s
Rendered 4464/4500, time remaining: 1s
Rendered 4465/4500, time remaining: 1s
Rendered 4466/4500, time remaining: 1s
Rendered 4467/4500, time remaining: 1s
Rendered 4468/4500, time remaining: 1s
Rendered 4469/4500, time remaining: 1s
Rendered 4470/4500, time remaining: 1s
Rendered 4471/4500, time remaining: 0s
Rendered 4472/4500, time remaining: 0s
Rendered 4473/4500, time remaining: 0s
Rendered 4474/4500, time remaining: 0s
Rendered 4475/4500, time remaining: 0s
Rendered 4476/4500, time remaining: 0s
Rendered 4477/4500, time remaining: 0s
Rendered 4478/4500, time remaining: 0s
Rendered 4479/4500, time remaining: 0s
Rendered 4479/4500, time remaining: 0s
Rendered 4480/4500, time remaining: 0s
Rendered 4481/4500, time remaining: 0s
Rendered 4482/4500, time remaining: 0s
Rendered 4483/4500, time remaining: 0s
Rendered 4484/4500, time remaining: 0s
Rendered 4485/4500, time remaining: 0s
Rendered 4486/4500, time remaining: 0s
Rendered 4487/4500, time remaining: 0s
Rendered 4488/4500, time remaining: 0s
Rendered 4489/4500, time remaining: 0s
Rendered 4490/4500, time remaining: 0s
Rendered 4490/4500, time remaining: 0s
Rendered 4491/4500, time remaining: 0s
Rendered 4492/4500, time remaining: 0s
Rendered 4493/4500, time remaining: 0s
Rendered 4494/4500, time remaining: 0s
Rendered 4495/4500, time remaining: 0s
Rendered 4496/4500, time remaining: 0s
Rendered 4497/4500, time remaining: 0s
Rendered 4498/4500, time remaining: 0s
Rendered 4499/4500, time remaining: 0s
Rendered 4499/4500, time remaining: 0s
Encoded 3554/4500
Encoded 3600/4500
Encoded 4500/4500
+                    ../output/chap02.mp4 17.2 MB

>>> Rendering [Chapter03-SelfOrganizingHypothesis] -> ../output/chap03.mp4 ...
Getting composition
Composition          Chapter03-SelfOrganizingHypothesis
Codec                h264
Output               ../output/chap03.mp4
Concurrency          8x
Rendered 0/4500
Rendered 1/4500, time remaining: 1h 44m 27s
Rendered 2/4500, time remaining: 52m 17s
Rendered 3/4500, time remaining: 34m 51s
Rendered 4/4500, time remaining: 26m 7s
Rendered 5/4500, time remaining: 20m 54s
Rendered 6/4500, time remaining: 17m 25s
Rendered 7/4500, time remaining: 14m 57s
Rendered 8/4500, time remaining: 13m 5s
Rendered 9/4500, time remaining: 12m 24s
Rendered 10/4500, time remaining: 11m 11s
Rendered 11/4500, time remaining: 10m 10s
Rendered 12/4500, time remaining: 9m 21s
Rendered 13/4500, time remaining: 8m 37s
Rendered 14/4500, time remaining: 8m 2s
Rendered 15/4500, time remaining: 7m 30s
Rendered 16/4500, time remaining: 7m 2s
Rendered 17/4500, time remaining: 6m 47s
Rendered 18/4500, time remaining: 6m 32s
Rendered 19/4500, time remaining: 6m 12s
Rendered 20/4500, time remaining: 5m 54s
Rendered 21/4500, time remaining: 5m 37s
Rendered 22/4500, time remaining: 5m 24s
Rendered 23/4500, time remaining: 5m 10s
Rendered 24/4500, time remaining: 4m 59s
Rendered 25/4500, time remaining: 4m 48s
Rendered 26/4500, time remaining: 4m 42s
Rendered 27/4500, time remaining: 4m 32s
Rendered 28/4500, time remaining: 4m 23s
Rendered 29/4500, time remaining: 4m 14s
Rendered 30/4500, time remaining: 4m 8s
Rendered 31/4500, time remaining: 4m 0s
Rendered 32/4500, time remaining: 3m 54s
Rendered 33/4500, time remaining: 3m 46s
Rendered 34/4500, time remaining: 3m 43s
Rendered 35/4500, time remaining: 3m 37s
Rendered 36/4500, time remaining: 3m 32s
Rendered 37/4500, time remaining: 3m 28s
Rendered 38/4500, time remaining: 3m 23s
Rendered 39/4500, time remaining: 3m 18s
Rendered 40/4500, time remaining: 3m 14s
Rendered 41/4500, time remaining: 3m 10s
Rendered 42/4500, time remaining: 3m 6s
Rendered 43/4500, time remaining: 3m 4s
Rendered 44/4500, time remaining: 3m 0s
Rendered 45/4500, time remaining: 2m 56s
Rendered 46/4500, time remaining: 2m 53s
Rendered 47/4500, time remaining: 2m 49s
Rendered 48/4500, time remaining: 2m 46s
Rendered 49/4500, time remaining: 2m 43s
Rendered 50/4500, time remaining: 2m 42s
Rendered 50/4500, time remaining: 2m 42s
Rendered 51/4500, time remaining: 2m 40s
Rendered 52/4500, time remaining: 2m 37s
Rendered 53/4500, time remaining: 2m 35s
Rendered 54/4500, time remaining: 2m 32s
Rendered 55/4500, time remaining: 2m 30s
Rendered 56/4500, time remaining: 2m 29s
Rendered 57/4500, time remaining: 2m 26s
Rendered 58/4500, time remaining: 2m 24s
Rendered 59/4500, time remaining: 2m 23s
Rendered 60/4500, time remaining: 2m 22s
Rendered 61/4500, time remaining: 2m 20s
Rendered 62/4500, time remaining: 2m 18s
Rendered 63/4500, time remaining: 2m 16s
Rendered 64/4500, time remaining: 2m 14s
Rendered 65/4500, time remaining: 2m 13s
Rendered 66/4500, time remaining: 2m 11s
Rendered 67/4500, time remaining: 2m 11s
Rendered 68/4500, time remaining: 2m 10s
Rendered 69/4500, time remaining: 2m 8s
Rendered 70/4500, time remaining: 2m 7s
Rendered 71/4500, time remaining: 2m 6s
Rendered 72/4500, time remaining: 2m 4s
Rendered 73/4500, time remaining: 2m 3s
Rendered 74/4500, time remaining: 2m 2s
Rendered 75/4500, time remaining: 2m 0s
Rendered 76/4500, time remaining: 1m 59s
Rendered 77/4500, time remaining: 1m 57s
Rendered 78/4500, time remaining: 1m 58s
Rendered 79/4500, time remaining: 1m 56s
Rendered 80/4500, time remaining: 1m 55s
Rendered 81/4500, time remaining: 1m 54s
Rendered 82/4500, time remaining: 1m 54s
Rendered 83/4500, time remaining: 1m 52s
Rendered 84/4500, time remaining: 1m 51s
Rendered 85/4500, time remaining: 1m 50s
Rendered 86/4500, time remaining: 1m 50s
Rendered 87/4500, time remaining: 1m 49s
Rendered 88/4500, time remaining: 1m 49s
Rendered 89/4500, time remaining: 1m 49s
Rendered 90/4500, time remaining: 1m 48s
Rendered 91/4500, time remaining: 1m 47s
Rendered 92/4500, time remaining: 1m 45s
Rendered 93/4500, time remaining: 1m 45s
Rendered 94/4500, time remaining: 1m 44s
Rendered 95/4500, time remaining: 1m 43s
Rendered 96/4500, time remaining: 1m 43s
Rendered 97/4500, time remaining: 1m 43s
Rendered 98/4500, time remaining: 1m 42s
Rendered 99/4500, time remaining: 1m 41s
Rendered 100/4500, time remaining: 1m 40s
Rendered 101/4500, time remaining: 1m 40s
Rendered 102/4500, time remaining: 1m 39s
Rendered 103/4500, time remaining: 1m 38s
Rendered 104/4500, time remaining: 1m 38s
Rendered 105/4500, time remaining: 1m 37s
Rendered 105/4500, time remaining: 1m 37s
Rendered 106/4500, time remaining: 1m 37s
Rendered 107/4500, time remaining: 1m 36s
Rendered 108/4500, time remaining: 1m 36s
Rendered 109/4500, time remaining: 1m 35s
Rendered 110/4500, time remaining: 1m 34s
Rendered 111/4500, time remaining: 1m 34s
Rendered 112/4500, time remaining: 1m 33s
Rendered 113/4500, time remaining: 1m 32s
Rendered 114/4500, time remaining: 1m 32s
Rendered 115/4500, time remaining: 1m 32s
Rendered 116/4500, time remaining: 1m 31s
Rendered 117/4500, time remaining: 1m 30s
Rendered 118/4500, time remaining: 1m 30s
Rendered 119/4500, time remaining: 1m 29s
Rendered 120/4500, time remaining: 1m 29s
Rendered 121/4500, time remaining: 1m 29s
Rendered 122/4500, time remaining: 1m 28s
Rendered 123/4500, time remaining: 1m 28s
Rendered 124/4500, time remaining: 1m 27s
Rendered 125/4500, time remaining: 1m 27s
Rendered 126/4500, time remaining: 1m 26s
Rendered 127/4500, time remaining: 1m 26s
Rendered 128/4500, time remaining: 1m 26s
Rendered 129/4500, time remaining: 1m 26s
Rendered 130/4500, time remaining: 1m 26s
Rendered 131/4500, time remaining: 1m 25s
Rendered 132/4500, time remaining: 1m 25s
Rendered 133/4500, time remaining: 1m 25s
Rendered 134/4500, time remaining: 1m 24s
Rendered 135/4500, time remaining: 1m 23s
Rendered 136/4500, time remaining: 1m 23s
Rendered 137/4500, time remaining: 1m 23s
Rendered 138/4500, time remaining: 1m 23s
Rendered 139/4500, time remaining: 1m 22s
Rendered 140/4500, time remaining: 1m 22s
Rendered 141/4500, time remaining: 1m 22s
Rendered 142/4500, time remaining: 1m 21s
Rendered 143/4500, time remaining: 1m 21s
Rendered 144/4500, time remaining: 1m 20s
Rendered 145/4500, time remaining: 1m 20s
Rendered 146/4500, time remaining: 1m 20s
Rendered 147/4500, time remaining: 1m 20s
Rendered 148/4500, time remaining: 1m 19s
Rendered 149/4500, time remaining: 1m 19s
Rendered 150/4500, time remaining: 1m 19s
Rendered 151/4500, time remaining: 38s
Rendered 152/4500, time remaining: 39s
Rendered 153/4500, time remaining: 39s
Rendered 154/4500, time remaining: 39s
Rendered 155/4500, time remaining: 39s
Rendered 156/4500, time remaining: 39s
Rendered 157/4500, time remaining: 39s
Rendered 158/4500, time remaining: 40s
Rendered 159/4500, time remaining: 37s
Rendered 160/4500, time remaining: 37s
Rendered 161/4500, time remaining: 37s
Rendered 162/4500, time remaining: 38s
Rendered 163/4500, time remaining: 38s
Rendered 164/4500, time remaining: 39s
Rendered 164/4500, time remaining: 39s
Rendered 165/4500, time remaining: 39s
Rendered 166/4500, time remaining: 39s
Rendered 167/4500, time remaining: 38s
Rendered 168/4500, time remaining: 37s
Rendered 169/4500, time remaining: 38s
Rendered 170/4500, time remaining: 38s
Rendered 171/4500, time remaining: 38s
Rendered 172/4500, time remaining: 38s
Rendered 173/4500, time remaining: 38s
Rendered 174/4500, time remaining: 38s
Rendered 175/4500, time remaining: 38s
Rendered 176/4500, time remaining: 37s
Rendered 177/4500, time remaining: 37s
Rendered 178/4500, time remaining: 38s
Rendered 179/4500, time remaining: 38s
Rendered 180/4500, time remaining: 37s
Rendered 181/4500, time remaining: 37s
Rendered 182/4500, time remaining: 37s
Rendered 183/4500, time remaining: 38s
Rendered 184/4500, time remaining: 37s
Rendered 185/4500, time remaining: 37s
Rendered 186/4500, time remaining: 37s
Rendered 187/4500, time remaining: 37s
Rendered 188/4500, time remaining: 37s
Rendered 189/4500, time remaining: 38s
Rendered 190/4500, time remaining: 37s
Rendered 191/4500, time remaining: 37s
Rendered 192/4500, time remaining: 38s
Rendered 193/4500, time remaining: 37s
Rendered 194/4500, time remaining: 37s
Rendered 195/4500, time remaining: 38s
Rendered 196/4500, time remaining: 38s
Rendered 197/4500, time remaining: 38s
Rendered 198/4500, time remaining: 38s
Rendered 199/4500, time remaining: 38s
Rendered 200/4500, time remaining: 37s
Rendered 201/4500, time remaining: 37s
Rendered 202/4500, time remaining: 37s
Rendered 203/4500, time remaining: 38s
Rendered 204/4500, time remaining: 38s
Rendered 205/4500, time remaining: 38s
Rendered 206/4500, time remaining: 38s
Rendered 207/4500, time remaining: 38s
Rendered 208/4500, time remaining: 38s
Rendered 209/4500, time remaining: 37s
Rendered 210/4500, time remaining: 37s
Rendered 211/4500, time remaining: 38s
Rendered 212/4500, time remaining: 38s
Rendered 213/4500, time remaining: 38s
Rendered 214/4500, time remaining: 38s
Rendered 215/4500, time remaining: 38s
Rendered 216/4500, time remaining: 38s
Rendered 217/4500, time remaining: 38s
Rendered 218/4500, time remaining: 38s
Rendered 219/4500, time remaining: 38s
Rendered 220/4500, time remaining: 38s
Rendered 220/4500, time remaining: 38s
Rendered 221/4500, time remaining: 38s
Rendered 222/4500, time remaining: 38s
Rendered 223/4500, time remaining: 38s
Rendered 224/4500, time remaining: 38s
Rendered 225/4500, time remaining: 38s
Rendered 226/4500, time remaining: 38s
Rendered 227/4500, time remaining: 38s
Rendered 228/4500, time remaining: 38s
Rendered 229/4500, time remaining: 38s
Rendered 230/4500, time remaining: 38s
Rendered 231/4500, time remaining: 38s
Rendered 232/4500, time remaining: 37s
Rendered 233/4500, time remaining: 38s
Rendered 234/4500, time remaining: 38s
Rendered 235/4500, time remaining: 38s
Rendered 236/4500, time remaining: 38s
Rendered 237/4500, time remaining: 37s
Rendered 238/4500, time remaining: 37s
Rendered 239/4500, time remaining: 37s
Rendered 240/4500, time remaining: 37s
Rendered 241/4500, time remaining: 37s
Rendered 242/4500, time remaining: 37s
Rendered 243/4500, time remaining: 37s
Rendered 244/4500, time remaining: 37s
Rendered 245/4500, time remaining: 37s
Rendered 246/4500, time remaining: 36s
Rendered 247/4500, time remaining: 36s
Rendered 248/4500, time remaining: 37s
Rendered 249/4500, time remaining: 37s
Rendered 250/4500, time remaining: 36s
Rendered 251/4500, time remaining: 37s
Rendered 252/4500, time remaining: 37s
Rendered 253/4500, time remaining: 37s
Rendered 254/4500, time remaining: 36s
Rendered 255/4500, time remaining: 36s
Rendered 256/4500, time remaining: 37s
Rendered 257/4500, time remaining: 37s
Rendered 258/4500, time remaining: 36s
Rendered 259/4500, time remaining: 37s
Rendered 260/4500, time remaining: 37s
Rendered 261/4500, time remaining: 37s
Rendered 262/4500, time remaining: 37s
Rendered 263/4500, time remaining: 37s
Rendered 264/4500, time remaining: 37s
Rendered 265/4500, time remaining: 37s
Rendered 266/4500, time remaining: 37s
Rendered 267/4500, time remaining: 38s
Rendered 268/4500, time remaining: 37s
Rendered 269/4500, time remaining: 37s
Rendered 270/4500, time remaining: 37s
Rendered 271/4500, time remaining: 37s
Rendered 272/4500, time remaining: 38s
Rendered 273/4500, time remaining: 38s
Rendered 274/4500, time remaining: 38s
Rendered 275/4500, time remaining: 38s
Rendered 276/4500, time remaining: 38s
Rendered 277/4500, time remaining: 38s
Rendered 277/4500, time remaining: 38s
Rendered 278/4500, time remaining: 38s
Rendered 279/4500, time remaining: 38s
Rendered 280/4500, time remaining: 37s
Rendered 281/4500, time remaining: 37s
Rendered 282/4500, time remaining: 38s
Rendered 283/4500, time remaining: 38s
Rendered 284/4500, time remaining: 38s
Rendered 285/4500, time remaining: 38s
Rendered 286/4500, time remaining: 39s
Rendered 287/4500, time remaining: 39s
Rendered 288/4500, time remaining: 39s
Rendered 289/4500, time remaining: 39s
Rendered 290/4500, time remaining: 39s
Rendered 291/4500, time remaining: 39s
Rendered 292/4500, time remaining: 39s
Rendered 293/4500, time remaining: 40s
Rendered 294/4500, time remaining: 40s
Rendered 295/4500, time remaining: 40s
Rendered 296/4500, time remaining: 39s
Rendered 297/4500, time remaining: 39s
Rendered 298/4500, time remaining: 39s
Rendered 299/4500, time remaining: 40s
Rendered 300/4500, time remaining: 40s
Rendered 301/4500, time remaining: 40s
Rendered 302/4500, time remaining: 41s
Rendered 303/4500, time remaining: 41s
Rendered 304/4500, time remaining: 40s
Rendered 305/4500, time remaining: 40s
Rendered 306/4500, time remaining: 41s
Rendered 307/4500, time remaining: 41s
Rendered 308/4500, time remaining: 40s
Rendered 309/4500, time remaining: 41s
Rendered 310/4500, time remaining: 41s
Rendered 311/4500, time remaining: 41s
Rendered 312/4500, time remaining: 40s
Rendered 313/4500, time remaining: 40s
Rendered 314/4500, time remaining: 40s
Rendered 315/4500, time remaining: 40s
Rendered 316/4500, time remaining: 40s
Rendered 317/4500, time remaining: 40s
Rendered 318/4500, time remaining: 40s
Rendered 319/4500, time remaining: 40s
Rendered 320/4500, time remaining: 40s
Rendered 321/4500, time remaining: 40s
Rendered 322/4500, time remaining: 40s
Rendered 322/4500, time remaining: 40s
Rendered 323/4500, time remaining: 40s
Rendered 324/4500, time remaining: 40s
Rendered 325/4500, time remaining: 40s
Rendered 326/4500, time remaining: 40s
Rendered 327/4500, time remaining: 40s
Rendered 328/4500, time remaining: 40s
Rendered 329/4500, time remaining: 40s
Rendered 330/4500, time remaining: 40s
Rendered 331/4500, time remaining: 40s
Rendered 332/4500, time remaining: 40s
Rendered 333/4500, time remaining: 40s
Rendered 334/4500, time remaining: 40s
Rendered 335/4500, time remaining: 40s
Rendered 336/4500, time remaining: 40s
Rendered 337/4500, time remaining: 40s
Rendered 338/4500, time remaining: 40s
Rendered 339/4500, time remaining: 40s
Rendered 340/4500, time remaining: 40s
Rendered 341/4500, time remaining: 40s
Rendered 342/4500, time remaining: 40s
Rendered 343/4500, time remaining: 40s
Rendered 344/4500, time remaining: 40s
Rendered 345/4500, time remaining: 40s
Rendered 346/4500, time remaining: 40s
Rendered 347/4500, time remaining: 40s
Rendered 348/4500, time remaining: 41s
Rendered 349/4500, time remaining: 41s
Rendered 350/4500, time remaining: 41s
Rendered 351/4500, time remaining: 42s
Rendered 352/4500, time remaining: 42s
Rendered 353/4500, time remaining: 42s
Rendered 354/4500, time remaining: 42s
Rendered 355/4500, time remaining: 42s
Rendered 356/4500, time remaining: 42s
Rendered 357/4500, time remaining: 42s
Rendered 358/4500, time remaining: 42s
Rendered 359/4500, time remaining: 42s
Rendered 360/4500, time remaining: 42s
Rendered 361/4500, time remaining: 42s
Rendered 362/4500, time remaining: 42s
Rendered 363/4500, time remaining: 41s
Rendered 364/4500, time remaining: 41s
Rendered 365/4500, time remaining: 42s
Rendered 366/4500, time remaining: 42s
Rendered 367/4500, time remaining: 41s
Rendered 368/4500, time remaining: 41s
Rendered 369/4500, time remaining: 41s
Rendered 370/4500, time remaining: 41s
Rendered 371/4500, time remaining: 41s
Rendered 372/4500, time remaining: 41s
Rendered 372/4500, time remaining: 41s
Rendered 373/4500, time remaining: 41s
Rendered 374/4500, time remaining: 41s
Rendered 375/4500, time remaining: 41s
Rendered 376/4500, time remaining: 41s
Rendered 377/4500, time remaining: 41s
Rendered 378/4500, time remaining: 42s
Rendered 379/4500, time remaining: 41s
Rendered 380/4500, time remaining: 41s
Rendered 381/4500, time remaining: 42s
Rendered 382/4500, time remaining: 42s
Rendered 383/4500, time remaining: 42s
Rendered 384/4500, time remaining: 42s
Rendered 385/4500, time remaining: 42s
Rendered 386/4500, time remaining: 42s
Rendered 387/4500, time remaining: 42s
Rendered 388/4500, time remaining: 41s
Rendered 389/4500, time remaining: 42s
Rendered 390/4500, time remaining: 42s
Rendered 391/4500, time remaining: 42s
Rendered 392/4500, time remaining: 42s
Rendered 393/4500, time remaining: 42s
Rendered 394/4500, time remaining: 42s
Rendered 395/4500, time remaining: 42s
Rendered 396/4500, time remaining: 42s
Rendered 397/4500, time remaining: 43s
Rendered 398/4500, time remaining: 42s
Rendered 399/4500, time remaining: 42s
Rendered 400/4500, time remaining: 42s
Rendered 401/4500, time remaining: 41s
Rendered 402/4500, time remaining: 42s
Rendered 403/4500, time remaining: 42s
Rendered 404/4500, time remaining: 42s
Rendered 405/4500, time remaining: 42s
Rendered 406/4500, time remaining: 42s
Rendered 407/4500, time remaining: 42s
Rendered 408/4500, time remaining: 42s
Rendered 409/4500, time remaining: 42s
Rendered 410/4500, time remaining: 42s
Rendered 411/4500, time remaining: 42s
Rendered 412/4500, time remaining: 41s
Rendered 413/4500, time remaining: 42s
Rendered 414/4500, time remaining: 42s
Rendered 415/4500, time remaining: 43s
Rendered 416/4500, time remaining: 43s
Rendered 417/4500, time remaining: 42s
Rendered 418/4500, time remaining: 42s
Rendered 419/4500, time remaining: 42s
Rendered 419/4500, time remaining: 42s
Rendered 420/4500, time remaining: 45s
Rendered 421/4500, time remaining: 45s
Rendered 422/4500, time remaining: 44s
Rendered 423/4500, time remaining: 44s
Rendered 424/4500, time remaining: 45s
Rendered 425/4500, time remaining: 44s
Rendered 426/4500, time remaining: 44s
Rendered 427/4500, time remaining: 44s
Rendered 428/4500, time remaining: 44s
Rendered 429/4500, time remaining: 44s
Rendered 430/4500, time remaining: 44s
Rendered 431/4500, time remaining: 45s
Rendered 432/4500, time remaining: 45s
Rendered 433/4500, time remaining: 44s
Rendered 434/4500, time remaining: 44s
Rendered 435/4500, time remaining: 44s
Rendered 436/4500, time remaining: 44s
Rendered 437/4500, time remaining: 44s
Rendered 438/4500, time remaining: 44s
Rendered 439/4500, time remaining: 44s
Rendered 440/4500, time remaining: 44s
Rendered 441/4500, time remaining: 44s
Rendered 442/4500, time remaining: 44s
Rendered 443/4500, time remaining: 43s
Rendered 444/4500, time remaining: 44s
Rendered 445/4500, time remaining: 44s
Rendered 446/4500, time remaining: 45s
Rendered 447/4500, time remaining: 45s
Rendered 448/4500, time remaining: 45s
Rendered 449/4500, time remaining: 44s
Rendered 450/4500, time remaining: 45s
Rendered 451/4500, time remaining: 45s
Rendered 452/4500, time remaining: 45s
Rendered 453/4500, time remaining: 45s
Rendered 453/4500, time remaining: 45s
Rendered 454/4500, time remaining: 46s
Rendered 455/4500, time remaining: 46s
Rendered 456/4500, time remaining: 46s
Rendered 457/4500, time remaining: 46s
Rendered 458/4500, time remaining: 46s
Rendered 459/4500, time remaining: 45s
Rendered 460/4500, time remaining: 45s
Rendered 461/4500, time remaining: 45s
Rendered 462/4500, time remaining: 47s
Rendered 463/4500, time remaining: 48s
Rendered 464/4500, time remaining: 48s
Rendered 465/4500, time remaining: 48s
Rendered 466/4500, time remaining: 48s
Rendered 467/4500, time remaining: 47s
Rendered 468/4500, time remaining: 47s
Rendered 469/4500, time remaining: 50s
Rendered 470/4500, time remaining: 50s
Rendered 471/4500, time remaining: 50s
Rendered 472/4500, time remaining: 51s
Rendered 473/4500, time remaining: 51s
Rendered 474/4500, time remaining: 50s
Rendered 475/4500, time remaining: 52s
Rendered 476/4500, time remaining: 52s
Rendered 477/4500, time remaining: 52s
Rendered 478/4500, time remaining: 52s
Rendered 479/4500, time remaining: 53s
Rendered 480/4500, time remaining: 53s
Rendered 480/4500, time remaining: 53s
Rendered 481/4500, time remaining: 53s
Rendered 482/4500, time remaining: 54s
Rendered 483/4500, time remaining: 53s
Rendered 484/4500, time remaining: 53s
Rendered 485/4500, time remaining: 53s
Rendered 486/4500, time remaining: 54s
Rendered 487/4500, time remaining: 55s
Rendered 488/4500, time remaining: 54s
Rendered 489/4500, time remaining: 54s
Rendered 490/4500, time remaining: 55s
Rendered 491/4500, time remaining: 55s
Rendered 492/4500, time remaining: 55s
Rendered 493/4500, time remaining: 55s
Rendered 494/4500, time remaining: 55s
Rendered 495/4500, time remaining: 56s
Rendered 496/4500, time remaining: 56s
Rendered 497/4500, time remaining: 56s
Rendered 498/4500, time remaining: 55s
Rendered 499/4500, time remaining: 55s
Rendered 500/4500, time remaining: 55s
Rendered 501/4500, time remaining: 54s
Rendered 502/4500, time remaining: 54s
Rendered 503/4500, time remaining: 55s
Rendered 504/4500, time remaining: 55s
Rendered 505/4500, time remaining: 55s
Rendered 506/4500, time remaining: 55s
Rendered 507/4500, time remaining: 55s
Rendered 508/4500, time remaining: 55s
Rendered 509/4500, time remaining: 55s
Rendered 510/4500, time remaining: 55s
Rendered 511/4500, time remaining: 56s
Rendered 511/4500, time remaining: 56s
Rendered 512/4500, time remaining: 57s
Rendered 513/4500, time remaining: 57s
Rendered 514/4500, time remaining: 57s
Rendered 515/4500, time remaining: 56s
Rendered 516/4500, time remaining: 56s
Rendered 517/4500, time remaining: 57s
Rendered 518/4500, time remaining: 57s
Rendered 519/4500, time remaining: 57s
Rendered 520/4500, time remaining: 57s
Rendered 521/4500, time remaining: 57s
Rendered 522/4500, time remaining: 58s
Rendered 523/4500, time remaining: 58s
Rendered 524/4500, time remaining: 58s
Rendered 525/4500, time remaining: 57s
Rendered 526/4500, time remaining: 58s
Rendered 527/4500, time remaining: 58s
Rendered 528/4500, time remaining: 58s
Rendered 529/4500, time remaining: 57s
Rendered 530/4500, time remaining: 1m 1s
Rendered 531/4500, time remaining: 1m 0s
Rendered 532/4500, time remaining: 59s
Rendered 533/4500, time remaining: 59s
Rendered 534/4500, time remaining: 59s
Rendered 535/4500, time remaining: 59s
Rendered 536/4500, time remaining: 59s
Rendered 537/4500, time remaining: 59s
Rendered 538/4500, time remaining: 1m 0s
Rendered 539/4500, time remaining: 1m 0s
Rendered 540/4500, time remaining: 59s
Rendered 541/4500, time remaining: 59s
Rendered 542/4500, time remaining: 1m 0s
Rendered 543/4500, time remaining: 1m 0s
Rendered 544/4500, time remaining: 1m 0s
Rendered 545/4500, time remaining: 1m 0s
Rendered 546/4500, time remaining: 1m 0s
Rendered 547/4500, time remaining: 59s
Rendered 547/4500, time remaining: 59s
Rendered 548/4500, time remaining: 1m 0s
Rendered 549/4500, time remaining: 1m 2s
Rendered 550/4500, time remaining: 1m 2s
Rendered 551/4500, time remaining: 1m 2s
Rendered 552/4500, time remaining: 1m 2s
Rendered 553/4500, time remaining: 1m 2s
Rendered 554/4500, time remaining: 1m 2s
Rendered 555/4500, time remaining: 1m 2s
Rendered 556/4500, time remaining: 1m 2s
Rendered 557/4500, time remaining: 1m 3s
Rendered 558/4500, time remaining: 1m 2s
Rendered 559/4500, time remaining: 1m 2s
Rendered 560/4500, time remaining: 1m 2s
Rendered 561/4500, time remaining: 1m 3s
Rendered 562/4500, time remaining: 1m 3s
Rendered 563/4500, time remaining: 1m 2s
Rendered 564/4500, time remaining: 1m 2s
Rendered 565/4500, time remaining: 1m 1s
Rendered 566/4500, time remaining: 1m 1s
Rendered 567/4500, time remaining: 1m 2s
Rendered 568/4500, time remaining: 1m 2s
Rendered 569/4500, time remaining: 1m 2s
Rendered 570/4500, time remaining: 59s
Rendered 571/4500, time remaining: 59s
Rendered 572/4500, time remaining: 59s
Rendered 573/4500, time remaining: 59s
Rendered 574/4500, time remaining: 59s
Rendered 575/4500, time remaining: 59s
Rendered 576/4500, time remaining: 59s
Rendered 577/4500, time remaining: 1m 0s
Rendered 578/4500, time remaining: 1m 0s
Rendered 579/4500, time remaining: 1m 0s
Rendered 580/4500, time remaining: 1m 0s
Rendered 581/4500, time remaining: 58s
Rendered 582/4500, time remaining: 58s
Rendered 583/4500, time remaining: 59s
Rendered 584/4500, time remaining: 59s
Rendered 585/4500, time remaining: 59s
Rendered 586/4500, time remaining: 59s
Rendered 587/4500, time remaining: 59s
Rendered 587/4500, time remaining: 59s
Rendered 588/4500, time remaining: 59s
Rendered 589/4500, time remaining: 59s
Rendered 590/4500, time remaining: 59s
Rendered 591/4500, time remaining: 58s
Rendered 592/4500, time remaining: 58s
Rendered 593/4500, time remaining: 59s
Rendered 594/4500, time remaining: 59s
Rendered 595/4500, time remaining: 58s
Rendered 596/4500, time remaining: 58s
Rendered 597/4500, time remaining: 58s
Rendered 598/4500, time remaining: 58s
Rendered 599/4500, time remaining: 59s
Rendered 600/4500, time remaining: 57s
Rendered 601/4500, time remaining: 57s
Rendered 602/4500, time remaining: 57s
Rendered 603/4500, time remaining: 57s
Rendered 604/4500, time remaining: 56s
Rendered 605/4500, time remaining: 56s
Rendered 606/4500, time remaining: 58s
Rendered 607/4500, time remaining: 58s
Rendered 608/4500, time remaining: 58s
Rendered 609/4500, time remaining: 58s
Rendered 610/4500, time remaining: 58s
Rendered 611/4500, time remaining: 57s
Rendered 612/4500, time remaining: 57s
Rendered 613/4500, time remaining: 56s
Rendered 614/4500, time remaining: 57s
Rendered 615/4500, time remaining: 57s
Rendered 616/4500, time remaining: 57s
Rendered 617/4500, time remaining: 57s
Rendered 618/4500, time remaining: 58s
Rendered 619/4500, time remaining: 55s
Rendered 620/4500, time remaining: 54s
Rendered 621/4500, time remaining: 54s
Rendered 622/4500, time remaining: 54s
Rendered 622/4500, time remaining: 54s
Rendered 623/4500, time remaining: 55s
Rendered 624/4500, time remaining: 55s
Rendered 625/4500, time remaining: 53s
Rendered 626/4500, time remaining: 53s
Rendered 627/4500, time remaining: 55s
Rendered 628/4500, time remaining: 54s
Rendered 629/4500, time remaining: 54s
Rendered 630/4500, time remaining: 54s
Rendered 631/4500, time remaining: 55s
Rendered 632/4500, time remaining: 54s
Rendered 633/4500, time remaining: 54s
Rendered 634/4500, time remaining: 54s
Rendered 635/4500, time remaining: 54s
Rendered 636/4500, time remaining: 53s
Rendered 637/4500, time remaining: 52s
Rendered 638/4500, time remaining: 53s
Rendered 639/4500, time remaining: 54s
Rendered 640/4500, time remaining: 53s
Rendered 641/4500, time remaining: 53s
Rendered 642/4500, time remaining: 53s
Rendered 643/4500, time remaining: 53s
Rendered 644/4500, time remaining: 53s
Rendered 645/4500, time remaining: 52s
Rendered 646/4500, time remaining: 52s
Rendered 647/4500, time remaining: 53s
Rendered 648/4500, time remaining: 53s
Rendered 649/4500, time remaining: 53s
Rendered 650/4500, time remaining: 53s
Rendered 651/4500, time remaining: 53s
Rendered 652/4500, time remaining: 53s
Rendered 653/4500, time remaining: 52s
Rendered 654/4500, time remaining: 52s
Rendered 655/4500, time remaining: 51s
Rendered 656/4500, time remaining: 51s
Rendered 657/4500, time remaining: 52s
Rendered 658/4500, time remaining: 52s
Rendered 659/4500, time remaining: 52s
Rendered 660/4500, time remaining: 52s
Rendered 661/4500, time remaining: 51s
Rendered 661/4500, time remaining: 51s
Rendered 662/4500, time remaining: 51s
Rendered 663/4500, time remaining: 51s
Rendered 664/4500, time remaining: 51s
Rendered 665/4500, time remaining: 51s
Rendered 666/4500, time remaining: 51s
Rendered 667/4500, time remaining: 50s
Rendered 668/4500, time remaining: 51s
Rendered 669/4500, time remaining: 50s
Rendered 670/4500, time remaining: 51s
Rendered 671/4500, time remaining: 51s
Rendered 672/4500, time remaining: 50s
Rendered 673/4500, time remaining: 50s
Rendered 674/4500, time remaining: 51s
Rendered 675/4500, time remaining: 51s
Rendered 676/4500, time remaining: 51s
Rendered 677/4500, time remaining: 51s
Rendered 678/4500, time remaining: 51s
Rendered 679/4500, time remaining: 53s
Rendered 680/4500, time remaining: 51s
Rendered 681/4500, time remaining: 51s
Rendered 682/4500, time remaining: 51s
Rendered 683/4500, time remaining: 51s
Rendered 684/4500, time remaining: 51s
Rendered 685/4500, time remaining: 52s
Rendered 686/4500, time remaining: 51s
Rendered 687/4500, time remaining: 51s
Rendered 688/4500, time remaining: 51s
Rendered 689/4500, time remaining: 51s
Rendered 690/4500, time remaining: 51s
Rendered 691/4500, time remaining: 51s
Rendered 692/4500, time remaining: 51s
Rendered 693/4500, time remaining: 51s
Rendered 694/4500, time remaining: 51s
Rendered 695/4500, time remaining: 53s
Rendered 695/4500, time remaining: 53s
Rendered 696/4500, time remaining: 53s
Rendered 697/4500, time remaining: 53s
Rendered 698/4500, time remaining: 53s
Rendered 699/4500, time remaining: 51s
Rendered 700/4500, time remaining: 53s
Rendered 701/4500, time remaining: 53s
Rendered 702/4500, time remaining: 53s
Rendered 703/4500, time remaining: 53s
Rendered 704/4500, time remaining: 53s
Rendered 705/4500, time remaining: 53s
Rendered 706/4500, time remaining: 53s
Rendered 707/4500, time remaining: 53s
Rendered 708/4500, time remaining: 52s
Rendered 709/4500, time remaining: 53s
Rendered 710/4500, time remaining: 53s
Rendered 711/4500, time remaining: 52s
Rendered 712/4500, time remaining: 52s
Rendered 713/4500, time remaining: 53s
Rendered 714/4500, time remaining: 55s
Rendered 715/4500, time remaining: 55s
Rendered 716/4500, time remaining: 55s
Rendered 717/4500, time remaining: 55s
Rendered 718/4500, time remaining: 55s
Rendered 719/4500, time remaining: 55s
Rendered 720/4500, time remaining: 56s
Rendered 721/4500, time remaining: 56s
Rendered 721/4500, time remaining: 56s
Rendered 722/4500, time remaining: 56s
Rendered 723/4500, time remaining: 56s
Rendered 724/4500, time remaining: 56s
Rendered 725/4500, time remaining: 56s
Rendered 726/4500, time remaining: 56s
Rendered 727/4500, time remaining: 55s
Rendered 728/4500, time remaining: 55s
Rendered 729/4500, time remaining: 55s
Rendered 730/4500, time remaining: 55s
Rendered 731/4500, time remaining: 55s
Rendered 732/4500, time remaining: 55s
Rendered 733/4500, time remaining: 55s
Rendered 734/4500, time remaining: 55s
Rendered 735/4500, time remaining: 55s
Rendered 736/4500, time remaining: 55s
Rendered 737/4500, time remaining: 55s
Rendered 738/4500, time remaining: 54s
Rendered 739/4500, time remaining: 55s
Rendered 740/4500, time remaining: 56s
Rendered 741/4500, time remaining: 56s
Rendered 742/4500, time remaining: 56s
Rendered 743/4500, time remaining: 55s
Rendered 744/4500, time remaining: 56s
Rendered 745/4500, time remaining: 56s
Rendered 746/4500, time remaining: 56s
Rendered 747/4500, time remaining: 56s
Rendered 748/4500, time remaining: 55s
Rendered 749/4500, time remaining: 55s
Rendered 750/4500, time remaining: 55s
Rendered 751/4500, time remaining: 55s
Rendered 752/4500, time remaining: 55s
Rendered 753/4500, time remaining: 55s
Rendered 754/4500, time remaining: 55s
Rendered 755/4500, time remaining: 55s
Rendered 756/4500, time remaining: 53s
Rendered 757/4500, time remaining: 54s
Rendered 758/4500, time remaining: 54s
Rendered 759/4500, time remaining: 54s
Rendered 760/4500, time remaining: 54s
Rendered 761/4500, time remaining: 54s
Rendered 762/4500, time remaining: 54s
Rendered 763/4500, time remaining: 53s
Rendered 764/4500, time remaining: 53s
Rendered 765/4500, time remaining: 53s
Rendered 765/4500, time remaining: 53s
Rendered 766/4500, time remaining: 53s
Rendered 767/4500, time remaining: 53s
Rendered 768/4500, time remaining: 52s
Rendered 769/4500, time remaining: 53s
Rendered 770/4500, time remaining: 53s
Rendered 771/4500, time remaining: 53s
Rendered 772/4500, time remaining: 53s
Rendered 773/4500, time remaining: 53s
Rendered 774/4500, time remaining: 53s
Rendered 775/4500, time remaining: 53s
Rendered 776/4500, time remaining: 53s
Rendered 777/4500, time remaining: 52s
Rendered 778/4500, time remaining: 52s
Rendered 779/4500, time remaining: 52s
Rendered 780/4500, time remaining: 51s
Rendered 781/4500, time remaining: 51s
Rendered 782/4500, time remaining: 51s
Rendered 783/4500, time remaining: 51s
Rendered 784/4500, time remaining: 51s
Rendered 785/4500, time remaining: 51s
Rendered 786/4500, time remaining: 51s
Rendered 787/4500, time remaining: 51s
Rendered 788/4500, time remaining: 51s
Rendered 789/4500, time remaining: 51s
Rendered 790/4500, time remaining: 51s
Rendered 791/4500, time remaining: 51s
Rendered 792/4500, time remaining: 51s
Rendered 793/4500, time remaining: 50s
Rendered 794/4500, time remaining: 51s
Rendered 795/4500, time remaining: 51s
Rendered 796/4500, time remaining: 50s
Rendered 797/4500, time remaining: 49s
Rendered 798/4500, time remaining: 49s
Rendered 799/4500, time remaining: 49s
Rendered 800/4500, time remaining: 50s
Rendered 801/4500, time remaining: 49s
Rendered 802/4500, time remaining: 50s
Rendered 803/4500, time remaining: 49s
Rendered 804/4500, time remaining: 49s
Rendered 805/4500, time remaining: 50s
Rendered 806/4500, time remaining: 51s
Rendered 807/4500, time remaining: 51s
Rendered 808/4500, time remaining: 51s
Rendered 808/4500, time remaining: 51s
Rendered 809/4500, time remaining: 51s
Rendered 810/4500, time remaining: 51s
Rendered 811/4500, time remaining: 51s
Rendered 812/4500, time remaining: 51s
Rendered 813/4500, time remaining: 51s
Rendered 814/4500, time remaining: 54s
Rendered 815/4500, time remaining: 54s
Rendered 816/4500, time remaining: 54s
Rendered 817/4500, time remaining: 54s
Rendered 818/4500, time remaining: 54s
Rendered 819/4500, time remaining: 55s
Rendered 820/4500, time remaining: 57s
Rendered 821/4500, time remaining: 57s
Rendered 822/4500, time remaining: 56s
Rendered 823/4500, time remaining: 56s
Rendered 824/4500, time remaining: 57s
Rendered 825/4500, time remaining: 57s
Rendered 826/4500, time remaining: 57s
Rendered 826/4500, time remaining: 57s
Rendered 827/4500, time remaining: 58s
Rendered 828/4500, time remaining: 57s
Rendered 829/4500, time remaining: 55s
Rendered 830/4500, time remaining: 55s
Rendered 831/4500, time remaining: 55s
Rendered 832/4500, time remaining: 55s
Rendered 833/4500, time remaining: 56s
Rendered 834/4500, time remaining: 55s
Rendered 835/4500, time remaining: 55s
Rendered 836/4500, time remaining: 55s
Rendered 837/4500, time remaining: 55s
Rendered 838/4500, time remaining: 55s
Rendered 839/4500, time remaining: 55s
Rendered 840/4500, time remaining: 55s
Rendered 841/4500, time remaining: 55s
Rendered 842/4500, time remaining: 54s
Rendered 843/4500, time remaining: 54s
Rendered 844/4500, time remaining: 54s
Rendered 845/4500, time remaining: 53s
Rendered 846/4500, time remaining: 53s
Rendered 847/4500, time remaining: 53s
Rendered 848/4500, time remaining: 53s
Rendered 849/4500, time remaining: 53s
Rendered 850/4500, time remaining: 51s
Rendered 851/4500, time remaining: 51s
Rendered 852/4500, time remaining: 51s
Rendered 853/4500, time remaining: 50s
Rendered 854/4500, time remaining: 51s
Rendered 855/4500, time remaining: 51s
Rendered 856/4500, time remaining: 50s
Rendered 857/4500, time remaining: 50s
Rendered 858/4500, time remaining: 50s
Rendered 859/4500, time remaining: 50s
Rendered 860/4500, time remaining: 50s
Rendered 861/4500, time remaining: 50s
Rendered 862/4500, time remaining: 50s
Rendered 863/4500, time remaining: 50s
Rendered 864/4500, time remaining: 48s
Rendered 865/4500, time remaining: 47s
Rendered 866/4500, time remaining: 47s
Rendered 867/4500, time remaining: 47s
Rendered 868/4500, time remaining: 47s
Rendered 869/4500, time remaining: 47s
Rendered 870/4500, time remaining: 48s
Rendered 871/4500, time remaining: 48s
Rendered 872/4500, time remaining: 47s
Rendered 873/4500, time remaining: 47s
Rendered 874/4500, time remaining: 47s
Rendered 875/4500, time remaining: 47s
Rendered 875/4500, time remaining: 47s
Rendered 876/4500, time remaining: 47s
Rendered 877/4500, time remaining: 47s
Rendered 878/4500, time remaining: 47s
Rendered 879/4500, time remaining: 48s
Rendered 880/4500, time remaining: 48s
Rendered 881/4500, time remaining: 48s
Rendered 882/4500, time remaining: 48s
Rendered 883/4500, time remaining: 48s
Rendered 884/4500, time remaining: 48s
Rendered 885/4500, time remaining: 48s
Rendered 886/4500, time remaining: 48s
Rendered 887/4500, time remaining: 48s
Rendered 888/4500, time remaining: 48s
Rendered 889/4500, time remaining: 48s
Rendered 890/4500, time remaining: 47s
Rendered 891/4500, time remaining: 49s
Rendered 892/4500, time remaining: 49s
Rendered 893/4500, time remaining: 49s
Rendered 894/4500, time remaining: 51s
Rendered 895/4500, time remaining: 51s
Rendered 896/4500, time remaining: 51s
Rendered 897/4500, time remaining: 51s
Rendered 898/4500, time remaining: 52s
Rendered 899/4500, time remaining: 52s
Rendered 900/4500, time remaining: 52s
Rendered 901/4500, time remaining: 51s
Rendered 901/4500, time remaining: 51s
Rendered 902/4500, time remaining: 52s
Rendered 903/4500, time remaining: 52s
Rendered 904/4500, time remaining: 52s
Rendered 905/4500, time remaining: 52s
Rendered 906/4500, time remaining: 52s
Rendered 907/4500, time remaining: 52s
Rendered 908/4500, time remaining: 52s
Rendered 909/4500, time remaining: 52s
Rendered 910/4500, time remaining: 52s
Rendered 911/4500, time remaining: 52s
Rendered 912/4500, time remaining: 52s
Rendered 913/4500, time remaining: 52s
Rendered 914/4500, time remaining: 51s
Rendered 915/4500, time remaining: 51s
Rendered 916/4500, time remaining: 51s
Rendered 917/4500, time remaining: 52s
Rendered 918/4500, time remaining: 52s
Rendered 919/4500, time remaining: 51s
Rendered 920/4500, time remaining: 51s
Rendered 921/4500, time remaining: 51s
Rendered 922/4500, time remaining: 51s
Rendered 923/4500, time remaining: 50s
Rendered 924/4500, time remaining: 50s
Rendered 925/4500, time remaining: 51s
Rendered 926/4500, time remaining: 51s
Rendered 927/4500, time remaining: 51s
Rendered 928/4500, time remaining: 51s
Rendered 929/4500, time remaining: 51s
Rendered 930/4500, time remaining: 51s
Rendered 931/4500, time remaining: 50s
Rendered 932/4500, time remaining: 51s
Rendered 933/4500, time remaining: 51s
Rendered 934/4500, time remaining: 51s
Rendered 935/4500, time remaining: 51s
Rendered 936/4500, time remaining: 51s
Rendered 937/4500, time remaining: 51s
Rendered 938/4500, time remaining: 51s
Rendered 939/4500, time remaining: 51s
Rendered 940/4500, time remaining: 51s
Rendered 941/4500, time remaining: 51s
Rendered 942/4500, time remaining: 51s
Rendered 943/4500, time remaining: 51s
Rendered 944/4500, time remaining: 50s
Rendered 945/4500, time remaining: 51s
Rendered 946/4500, time remaining: 51s
Rendered 947/4500, time remaining: 51s
Rendered 948/4500, time remaining: 51s
Rendered 949/4500, time remaining: 50s
Rendered 950/4500, time remaining: 51s
Rendered 951/4500, time remaining: 51s
Rendered 951/4500, time remaining: 51s
Rendered 952/4500, time remaining: 51s
Rendered 953/4500, time remaining: 52s
Rendered 954/4500, time remaining: 52s
Rendered 955/4500, time remaining: 51s
Rendered 956/4500, time remaining: 50s
Rendered 957/4500, time remaining: 50s
Rendered 958/4500, time remaining: 50s
Rendered 959/4500, time remaining: 50s
Rendered 960/4500, time remaining: 50s
Rendered 961/4500, time remaining: 50s
Rendered 962/4500, time remaining: 51s
Rendered 963/4500, time remaining: 50s
Rendered 964/4500, time remaining: 47s
Rendered 965/4500, time remaining: 47s
Rendered 966/4500, time remaining: 49s
Rendered 967/4500, time remaining: 49s
Rendered 968/4500, time remaining: 49s
Rendered 969/4500, time remaining: 48s
Rendered 970/4500, time remaining: 45s
Rendered 971/4500, time remaining: 45s
Rendered 972/4500, time remaining: 45s
Rendered 973/4500, time remaining: 45s
Rendered 974/4500, time remaining: 45s
Rendered 975/4500, time remaining: 45s
Rendered 976/4500, time remaining: 45s
Rendered 977/4500, time remaining: 44s
Rendered 978/4500, time remaining: 44s
Rendered 979/4500, time remaining: 45s
Rendered 980/4500, time remaining: 44s
Rendered 981/4500, time remaining: 44s
Rendered 982/4500, time remaining: 45s
Rendered 983/4500, time remaining: 44s
Rendered 983/4500, time remaining: 44s
Rendered 984/4500, time remaining: 45s
Rendered 985/4500, time remaining: 45s
Rendered 986/4500, time remaining: 45s
Rendered 987/4500, time remaining: 45s
Rendered 988/4500, time remaining: 45s
Rendered 989/4500, time remaining: 45s
Rendered 990/4500, time remaining: 45s
Rendered 991/4500, time remaining: 45s
Rendered 992/4500, time remaining: 45s
Rendered 993/4500, time remaining: 45s
Rendered 994/4500, time remaining: 45s
Rendered 995/4500, time remaining: 45s
Rendered 996/4500, time remaining: 45s
Rendered 997/4500, time remaining: 45s
Rendered 998/4500, time remaining: 45s
Rendered 999/4500, time remaining: 45s
Rendered 1000/4500, time remaining: 45s
Rendered 1001/4500, time remaining: 45s
Rendered 1002/4500, time remaining: 45s
Rendered 1003/4500, time remaining: 45s
Rendered 1004/4500, time remaining: 45s
Rendered 1005/4500, time remaining: 46s
Rendered 1006/4500, time remaining: 46s
Rendered 1007/4500, time remaining: 46s
Rendered 1008/4500, time remaining: 46s
Rendered 1009/4500, time remaining: 46s
Rendered 1010/4500, time remaining: 46s
Rendered 1011/4500, time remaining: 46s
Rendered 1012/4500, time remaining: 45s
Rendered 1013/4500, time remaining: 46s
Rendered 1014/4500, time remaining: 46s
Rendered 1015/4500, time remaining: 46s
Rendered 1016/4500, time remaining: 46s
Rendered 1017/4500, time remaining: 46s
Rendered 1018/4500, time remaining: 46s
Rendered 1019/4500, time remaining: 46s
Rendered 1020/4500, time remaining: 45s
Rendered 1021/4500, time remaining: 45s
Rendered 1022/4500, time remaining: 45s
Rendered 1023/4500, time remaining: 46s
Rendered 1024/4500, time remaining: 46s
Rendered 1025/4500, time remaining: 46s
Rendered 1025/4500, time remaining: 46s
Rendered 1026/4500, time remaining: 46s
Rendered 1027/4500, time remaining: 47s
Rendered 1028/4500, time remaining: 46s
Rendered 1029/4500, time remaining: 47s
Rendered 1030/4500, time remaining: 47s
Rendered 1031/4500, time remaining: 46s
Rendered 1032/4500, time remaining: 46s
Rendered 1033/4500, time remaining: 46s
Rendered 1034/4500, time remaining: 46s
Rendered 1035/4500, time remaining: 49s
Rendered 1036/4500, time remaining: 50s
Rendered 1037/4500, time remaining: 49s
Rendered 1038/4500, time remaining: 49s
Rendered 1039/4500, time remaining: 49s
Rendered 1040/4500, time remaining: 50s
Rendered 1041/4500, time remaining: 47s
Rendered 1042/4500, time remaining: 47s
Rendered 1043/4500, time remaining: 48s
Rendered 1044/4500, time remaining: 46s
Rendered 1045/4500, time remaining: 46s
Rendered 1046/4500, time remaining: 46s
Rendered 1047/4500, time remaining: 45s
Rendered 1048/4500, time remaining: 45s
Rendered 1049/4500, time remaining: 45s
Rendered 1050/4500, time remaining: 45s
Rendered 1051/4500, time remaining: 45s
Rendered 1052/4500, time remaining: 44s
Rendered 1053/4500, time remaining: 44s
Rendered 1054/4500, time remaining: 44s
Rendered 1055/4500, time remaining: 44s
Rendered 1056/4500, time remaining: 44s
Rendered 1057/4500, time remaining: 44s
Rendered 1058/4500, time remaining: 44s
Rendered 1059/4500, time remaining: 43s
Rendered 1059/4500, time remaining: 43s
Rendered 1060/4500, time remaining: 44s
Rendered 1061/4500, time remaining: 44s
Rendered 1062/4500, time remaining: 44s
Rendered 1063/4500, time remaining: 44s
Rendered 1064/4500, time remaining: 43s
Rendered 1065/4500, time remaining: 43s
Rendered 1066/4500, time remaining: 44s
Rendered 1067/4500, time remaining: 43s
Rendered 1068/4500, time remaining: 43s
Rendered 1069/4500, time remaining: 44s
Rendered 1070/4500, time remaining: 44s
Rendered 1071/4500, time remaining: 44s
Rendered 1072/4500, time remaining: 43s
Rendered 1073/4500, time remaining: 44s
Rendered 1074/4500, time remaining: 44s
Rendered 1075/4500, time remaining: 43s
Rendered 1076/4500, time remaining: 43s
Rendered 1077/4500, time remaining: 43s
Rendered 1078/4500, time remaining: 44s
Rendered 1079/4500, time remaining: 43s
Rendered 1080/4500, time remaining: 44s
Rendered 1081/4500, time remaining: 44s
Rendered 1082/4500, time remaining: 43s
Rendered 1083/4500, time remaining: 43s
Rendered 1084/4500, time remaining: 43s
Rendered 1085/4500, time remaining: 43s
Rendered 1086/4500, time remaining: 43s
Rendered 1087/4500, time remaining: 43s
Rendered 1088/4500, time remaining: 43s
Rendered 1089/4500, time remaining: 43s
Rendered 1090/4500, time remaining: 43s
Rendered 1091/4500, time remaining: 43s
Rendered 1092/4500, time remaining: 43s
Rendered 1093/4500, time remaining: 43s
Rendered 1094/4500, time remaining: 43s
Rendered 1095/4500, time remaining: 42s
Rendered 1096/4500, time remaining: 43s
Rendered 1097/4500, time remaining: 43s
Rendered 1098/4500, time remaining: 43s
Rendered 1099/4500, time remaining: 43s
Rendered 1100/4500, time remaining: 42s
Rendered 1101/4500, time remaining: 42s
Rendered 1102/4500, time remaining: 42s
Rendered 1103/4500, time remaining: 41s
Rendered 1104/4500, time remaining: 41s
Rendered 1105/4500, time remaining: 41s
Rendered 1106/4500, time remaining: 42s
Rendered 1107/4500, time remaining: 42s
Rendered 1107/4500, time remaining: 42s
Rendered 1108/4500, time remaining: 42s
Rendered 1109/4500, time remaining: 43s
Rendered 1110/4500, time remaining: 43s
Rendered 1111/4500, time remaining: 42s
Rendered 1112/4500, time remaining: 42s
Rendered 1113/4500, time remaining: 42s
Rendered 1114/4500, time remaining: 42s
Rendered 1115/4500, time remaining: 42s
Rendered 1116/4500, time remaining: 41s
Rendered 1117/4500, time remaining: 42s
Rendered 1118/4500, time remaining: 42s
Rendered 1119/4500, time remaining: 42s
Rendered 1120/4500, time remaining: 42s
Rendered 1121/4500, time remaining: 42s
Rendered 1122/4500, time remaining: 42s
Rendered 1123/4500, time remaining: 42s
Rendered 1124/4500, time remaining: 42s
Rendered 1125/4500, time remaining: 43s
Rendered 1126/4500, time remaining: 43s
Rendered 1127/4500, time remaining: 43s
Rendered 1128/4500, time remaining: 43s
Rendered 1129/4500, time remaining: 42s
Rendered 1130/4500, time remaining: 42s
Rendered 1131/4500, time remaining: 43s
Rendered 1132/4500, time remaining: 43s
Rendered 1133/4500, time remaining: 43s
Rendered 1134/4500, time remaining: 43s
Rendered 1135/4500, time remaining: 43s
Rendered 1136/4500, time remaining: 43s
Rendered 1137/4500, time remaining: 42s
Rendered 1138/4500, time remaining: 42s
Rendered 1139/4500, time remaining: 42s
Rendered 1140/4500, time remaining: 42s
Rendered 1141/4500, time remaining: 42s
Rendered 1141/4500, time remaining: 42s
Rendered 1142/4500, time remaining: 42s
Rendered 1143/4500, time remaining: 42s
Rendered 1144/4500, time remaining: 42s
Rendered 1145/4500, time remaining: 42s
Rendered 1146/4500, time remaining: 42s
Rendered 1147/4500, time remaining: 42s
Rendered 1148/4500, time remaining: 41s
Rendered 1149/4500, time remaining: 41s
Rendered 1150/4500, time remaining: 42s
Rendered 1151/4500, time remaining: 42s
Rendered 1152/4500, time remaining: 42s
Rendered 1153/4500, time remaining: 42s
Rendered 1154/4500, time remaining: 42s
Rendered 1155/4500, time remaining: 41s
Rendered 1156/4500, time remaining: 42s
Rendered 1157/4500, time remaining: 42s
Rendered 1158/4500, time remaining: 41s
Rendered 1159/4500, time remaining: 42s
Rendered 1160/4500, time remaining: 41s
Rendered 1161/4500, time remaining: 41s
Rendered 1162/4500, time remaining: 41s
Rendered 1163/4500, time remaining: 41s
Rendered 1164/4500, time remaining: 41s
Rendered 1165/4500, time remaining: 41s
Rendered 1166/4500, time remaining: 41s
Rendered 1167/4500, time remaining: 41s
Rendered 1168/4500, time remaining: 41s
Rendered 1169/4500, time remaining: 41s
Rendered 1170/4500, time remaining: 41s
Rendered 1171/4500, time remaining: 41s
Rendered 1172/4500, time remaining: 41s
Rendered 1173/4500, time remaining: 41s
Rendered 1174/4500, time remaining: 40s
Rendered 1175/4500, time remaining: 40s
Rendered 1176/4500, time remaining: 40s
Rendered 1177/4500, time remaining: 40s
Rendered 1178/4500, time remaining: 40s
Rendered 1179/4500, time remaining: 39s
Rendered 1180/4500, time remaining: 39s
Rendered 1181/4500, time remaining: 39s
Rendered 1182/4500, time remaining: 39s
Rendered 1183/4500, time remaining: 40s
Rendered 1184/4500, time remaining: 40s
Rendered 1185/4500, time remaining: 37s
Rendered 1186/4500, time remaining: 36s
Rendered 1187/4500, time remaining: 37s
Rendered 1188/4500, time remaining: 37s
Rendered 1189/4500, time remaining: 37s
Rendered 1190/4500, time remaining: 36s
Rendered 1190/4500, time remaining: 36s
Rendered 1191/4500, time remaining: 36s
Rendered 1192/4500, time remaining: 36s
Rendered 1193/4500, time remaining: 37s
Rendered 1194/4500, time remaining: 37s
Rendered 1195/4500, time remaining: 36s
Rendered 1196/4500, time remaining: 36s
Rendered 1197/4500, time remaining: 36s
Rendered 1198/4500, time remaining: 36s
Rendered 1199/4500, time remaining: 36s
Rendered 1200/4500, time remaining: 36s
Rendered 1201/4500, time remaining: 37s
Rendered 1202/4500, time remaining: 36s
Rendered 1203/4500, time remaining: 36s
Rendered 1204/4500, time remaining: 36s
Rendered 1205/4500, time remaining: 36s
Rendered 1206/4500, time remaining: 36s
Rendered 1207/4500, time remaining: 37s
Rendered 1208/4500, time remaining: 37s
Rendered 1209/4500, time remaining: 37s
Rendered 1210/4500, time remaining: 37s
Rendered 1211/4500, time remaining: 37s
Rendered 1212/4500, time remaining: 37s
Rendered 1213/4500, time remaining: 37s
Rendered 1214/4500, time remaining: 37s
Rendered 1215/4500, time remaining: 38s
Rendered 1216/4500, time remaining: 37s
Rendered 1217/4500, time remaining: 37s
Rendered 1218/4500, time remaining: 37s
Rendered 1219/4500, time remaining: 37s
Rendered 1220/4500, time remaining: 36s
Rendered 1221/4500, time remaining: 36s
Rendered 1222/4500, time remaining: 36s
Rendered 1223/4500, time remaining: 36s
Rendered 1224/4500, time remaining: 37s
Rendered 1225/4500, time remaining: 36s
Rendered 1226/4500, time remaining: 36s
Rendered 1227/4500, time remaining: 36s
Rendered 1228/4500, time remaining: 36s
Rendered 1229/4500, time remaining: 36s
Rendered 1230/4500, time remaining: 36s
Rendered 1231/4500, time remaining: 36s
Rendered 1232/4500, time remaining: 36s
Rendered 1233/4500, time remaining: 36s
Rendered 1234/4500, time remaining: 36s
Rendered 1235/4500, time remaining: 36s
Rendered 1236/4500, time remaining: 36s
Rendered 1237/4500, time remaining: 36s
Rendered 1238/4500, time remaining: 36s
Rendered 1239/4500, time remaining: 36s
Rendered 1240/4500, time remaining: 36s
Rendered 1241/4500, time remaining: 36s
Rendered 1242/4500, time remaining: 36s
Rendered 1243/4500, time remaining: 36s
Rendered 1243/4500, time remaining: 36s
Rendered 1244/4500, time remaining: 36s
Rendered 1245/4500, time remaining: 36s
Rendered 1246/4500, time remaining: 36s
Rendered 1247/4500, time remaining: 36s
Rendered 1248/4500, time remaining: 36s
Rendered 1249/4500, time remaining: 36s
Rendered 1250/4500, time remaining: 36s
Rendered 1251/4500, time remaining: 36s
Rendered 1252/4500, time remaining: 36s
Rendered 1253/4500, time remaining: 36s
Rendered 1254/4500, time remaining: 36s
Rendered 1255/4500, time remaining: 35s
Rendered 1256/4500, time remaining: 35s
Rendered 1257/4500, time remaining: 35s
Rendered 1258/4500, time remaining: 34s
Rendered 1259/4500, time remaining: 33s
Rendered 1260/4500, time remaining: 33s
Rendered 1261/4500, time remaining: 33s
Rendered 1262/4500, time remaining: 33s
Rendered 1263/4500, time remaining: 33s
Rendered 1264/4500, time remaining: 34s
Rendered 1265/4500, time remaining: 33s
Rendered 1266/4500, time remaining: 33s
Rendered 1267/4500, time remaining: 31s
Rendered 1268/4500, time remaining: 31s
Rendered 1269/4500, time remaining: 31s
Rendered 1270/4500, time remaining: 32s
Rendered 1271/4500, time remaining: 32s
Rendered 1272/4500, time remaining: 32s
Rendered 1273/4500, time remaining: 32s
Rendered 1274/4500, time remaining: 31s
Rendered 1275/4500, time remaining: 30s
Rendered 1276/4500, time remaining: 30s
Rendered 1277/4500, time remaining: 30s
Rendered 1278/4500, time remaining: 30s
Rendered 1279/4500, time remaining: 30s
Rendered 1280/4500, time remaining: 30s
Rendered 1281/4500, time remaining: 30s
Rendered 1282/4500, time remaining: 29s
Rendered 1283/4500, time remaining: 29s
Rendered 1284/4500, time remaining: 29s
Rendered 1285/4500, time remaining: 29s
Rendered 1286/4500, time remaining: 29s
Rendered 1287/4500, time remaining: 29s
Rendered 1288/4500, time remaining: 29s
Rendered 1289/4500, time remaining: 30s
Rendered 1290/4500, time remaining: 29s
Rendered 1291/4500, time remaining: 29s
Rendered 1292/4500, time remaining: 29s
Rendered 1293/4500, time remaining: 29s
Rendered 1294/4500, time remaining: 29s
Rendered 1295/4500, time remaining: 29s
Rendered 1296/4500, time remaining: 29s
Rendered 1297/4500, time remaining: 29s
Rendered 1298/4500, time remaining: 29s
Rendered 1299/4500, time remaining: 29s
Rendered 1300/4500, time remaining: 29s
Rendered 1301/4500, time remaining: 29s
Rendered 1302/4500, time remaining: 30s
Rendered 1303/4500, time remaining: 29s
Rendered 1304/4500, time remaining: 29s
Rendered 1304/4500, time remaining: 29s
Rendered 1305/4500, time remaining: 29s
Rendered 1306/4500, time remaining: 29s
Rendered 1307/4500, time remaining: 29s
Rendered 1308/4500, time remaining: 29s
Rendered 1309/4500, time remaining: 29s
Rendered 1310/4500, time remaining: 29s
Rendered 1311/4500, time remaining: 29s
Rendered 1312/4500, time remaining: 29s
Rendered 1313/4500, time remaining: 29s
Rendered 1314/4500, time remaining: 29s
Rendered 1315/4500, time remaining: 29s
Rendered 1316/4500, time remaining: 29s
Rendered 1317/4500, time remaining: 29s
Rendered 1318/4500, time remaining: 29s
Rendered 1319/4500, time remaining: 31s
Rendered 1320/4500, time remaining: 31s
Rendered 1321/4500, time remaining: 31s
Rendered 1322/4500, time remaining: 31s
Rendered 1323/4500, time remaining: 30s
Rendered 1324/4500, time remaining: 30s
Rendered 1325/4500, time remaining: 31s
Rendered 1326/4500, time remaining: 31s
Rendered 1327/4500, time remaining: 31s
Rendered 1328/4500, time remaining: 31s
Rendered 1329/4500, time remaining: 31s
Rendered 1330/4500, time remaining: 31s
Rendered 1331/4500, time remaining: 30s
Rendered 1332/4500, time remaining: 31s
Rendered 1333/4500, time remaining: 30s
Rendered 1334/4500, time remaining: 30s
Rendered 1335/4500, time remaining: 30s
Rendered 1336/4500, time remaining: 30s
Rendered 1337/4500, time remaining: 30s
Rendered 1338/4500, time remaining: 30s
Rendered 1339/4500, time remaining: 30s
Rendered 1340/4500, time remaining: 30s
Rendered 1341/4500, time remaining: 30s
Rendered 1342/4500, time remaining: 30s
Rendered 1343/4500, time remaining: 30s
Rendered 1344/4500, time remaining: 30s
Rendered 1345/4500, time remaining: 30s
Rendered 1346/4500, time remaining: 30s
Rendered 1347/4500, time remaining: 30s
Rendered 1347/4500, time remaining: 30s
Rendered 1348/4500, time remaining: 30s
Rendered 1349/4500, time remaining: 30s
Rendered 1350/4500, time remaining: 30s
Rendered 1351/4500, time remaining: 30s
Rendered 1352/4500, time remaining: 30s
Rendered 1353/4500, time remaining: 30s
Rendered 1354/4500, time remaining: 30s
Rendered 1355/4500, time remaining: 30s
Rendered 1356/4500, time remaining: 30s
Rendered 1357/4500, time remaining: 30s
Rendered 1358/4500, time remaining: 29s
Rendered 1359/4500, time remaining: 29s
Rendered 1360/4500, time remaining: 29s
Rendered 1361/4500, time remaining: 29s
Rendered 1362/4500, time remaining: 29s
Rendered 1363/4500, time remaining: 30s
Rendered 1364/4500, time remaining: 29s
Rendered 1365/4500, time remaining: 29s
Rendered 1366/4500, time remaining: 29s
Rendered 1367/4500, time remaining: 30s
Rendered 1368/4500, time remaining: 30s
Rendered 1369/4500, time remaining: 30s
Rendered 1370/4500, time remaining: 30s
Rendered 1371/4500, time remaining: 30s
Rendered 1372/4500, time remaining: 30s
Rendered 1373/4500, time remaining: 30s
Rendered 1374/4500, time remaining: 29s
Rendered 1375/4500, time remaining: 30s
Rendered 1376/4500, time remaining: 30s
Rendered 1377/4500, time remaining: 30s
Rendered 1378/4500, time remaining: 30s
Rendered 1379/4500, time remaining: 30s
Rendered 1380/4500, time remaining: 30s
Rendered 1381/4500, time remaining: 30s
Rendered 1382/4500, time remaining: 29s
Rendered 1383/4500, time remaining: 30s
Rendered 1384/4500, time remaining: 30s
Rendered 1385/4500, time remaining: 30s
Rendered 1386/4500, time remaining: 30s
Rendered 1387/4500, time remaining: 30s
Rendered 1388/4500, time remaining: 30s
Rendered 1389/4500, time remaining: 30s
Rendered 1390/4500, time remaining: 30s
Rendered 1391/4500, time remaining: 30s
Rendered 1392/4500, time remaining: 30s
Rendered 1393/4500, time remaining: 30s
Rendered 1394/4500, time remaining: 29s
Rendered 1395/4500, time remaining: 29s
Rendered 1396/4500, time remaining: 29s
Rendered 1397/4500, time remaining: 29s
Rendered 1398/4500, time remaining: 30s
Rendered 1399/4500, time remaining: 30s
Rendered 1400/4500, time remaining: 30s
Rendered 1401/4500, time remaining: 30s
Rendered 1402/4500, time remaining: 30s
Rendered 1402/4500, time remaining: 30s
Rendered 1403/4500, time remaining: 30s
Rendered 1404/4500, time remaining: 30s
Rendered 1405/4500, time remaining: 30s
Rendered 1406/4500, time remaining: 30s
Rendered 1407/4500, time remaining: 30s
Rendered 1408/4500, time remaining: 30s
Rendered 1409/4500, time remaining: 30s
Rendered 1410/4500, time remaining: 29s
Rendered 1411/4500, time remaining: 30s
Rendered 1412/4500, time remaining: 30s
Rendered 1413/4500, time remaining: 32s
Rendered 1414/4500, time remaining: 31s
Rendered 1415/4500, time remaining: 31s
Rendered 1416/4500, time remaining: 31s
Rendered 1417/4500, time remaining: 31s
Rendered 1418/4500, time remaining: 32s
Rendered 1419/4500, time remaining: 31s
Rendered 1420/4500, time remaining: 31s
Rendered 1421/4500, time remaining: 31s
Rendered 1422/4500, time remaining: 31s
Rendered 1423/4500, time remaining: 31s
Rendered 1424/4500, time remaining: 31s
Rendered 1425/4500, time remaining: 32s
Rendered 1426/4500, time remaining: 32s
Rendered 1427/4500, time remaining: 31s
Rendered 1428/4500, time remaining: 32s
Rendered 1429/4500, time remaining: 32s
Rendered 1430/4500, time remaining: 32s
Rendered 1431/4500, time remaining: 32s
Rendered 1432/4500, time remaining: 32s
Rendered 1433/4500, time remaining: 32s
Rendered 1434/4500, time remaining: 32s
Rendered 1435/4500, time remaining: 32s
Rendered 1436/4500, time remaining: 32s
Rendered 1437/4500, time remaining: 32s
Rendered 1438/4500, time remaining: 32s
Rendered 1439/4500, time remaining: 32s
Rendered 1440/4500, time remaining: 32s
Rendered 1441/4500, time remaining: 32s
Rendered 1442/4500, time remaining: 32s
Rendered 1443/4500, time remaining: 32s
Rendered 1444/4500, time remaining: 32s
Rendered 1445/4500, time remaining: 32s
Rendered 1446/4500, time remaining: 32s
Rendered 1447/4500, time remaining: 32s
Rendered 1448/4500, time remaining: 32s
Rendered 1449/4500, time remaining: 32s
Rendered 1449/4500, time remaining: 32s
Rendered 1450/4500, time remaining: 32s
Rendered 1451/4500, time remaining: 32s
Rendered 1452/4500, time remaining: 31s
Rendered 1453/4500, time remaining: 31s
Rendered 1454/4500, time remaining: 31s
Rendered 1455/4500, time remaining: 31s
Rendered 1456/4500, time remaining: 31s
Rendered 1457/4500, time remaining: 31s
Rendered 1458/4500, time remaining: 31s
Rendered 1459/4500, time remaining: 31s
Rendered 1460/4500, time remaining: 31s
Rendered 1461/4500, time remaining: 31s
Rendered 1462/4500, time remaining: 31s
Rendered 1463/4500, time remaining: 31s
Rendered 1464/4500, time remaining: 31s
Rendered 1465/4500, time remaining: 31s
Rendered 1466/4500, time remaining: 31s
Rendered 1467/4500, time remaining: 31s
Rendered 1468/4500, time remaining: 31s
Rendered 1469/4500, time remaining: 29s
Rendered 1470/4500, time remaining: 29s
Rendered 1471/4500, time remaining: 29s
Rendered 1472/4500, time remaining: 29s
Rendered 1473/4500, time remaining: 29s
Rendered 1474/4500, time remaining: 30s
Rendered 1475/4500, time remaining: 29s
Rendered 1476/4500, time remaining: 29s
Rendered 1477/4500, time remaining: 29s
Rendered 1478/4500, time remaining: 29s
Rendered 1479/4500, time remaining: 29s
Rendered 1480/4500, time remaining: 29s
Rendered 1481/4500, time remaining: 29s
Rendered 1482/4500, time remaining: 29s
Rendered 1483/4500, time remaining: 29s
Rendered 1484/4500, time remaining: 28s
Rendered 1485/4500, time remaining: 28s
Rendered 1486/4500, time remaining: 28s
Rendered 1487/4500, time remaining: 28s
Rendered 1488/4500, time remaining: 28s
Rendered 1489/4500, time remaining: 28s
Rendered 1490/4500, time remaining: 29s
Rendered 1491/4500, time remaining: 29s
Rendered 1492/4500, time remaining: 28s
Rendered 1493/4500, time remaining: 28s
Rendered 1494/4500, time remaining: 28s
Rendered 1495/4500, time remaining: 28s
Rendered 1496/4500, time remaining: 28s
Rendered 1497/4500, time remaining: 28s
Rendered 1498/4500, time remaining: 28s
Rendered 1499/4500, time remaining: 28s
Rendered 1500/4500, time remaining: 28s
Rendered 1501/4500, time remaining: 28s
Rendered 1502/4500, time remaining: 28s
Rendered 1503/4500, time remaining: 28s
Rendered 1504/4500, time remaining: 28s
Rendered 1505/4500, time remaining: 28s
Rendered 1506/4500, time remaining: 28s
Rendered 1507/4500, time remaining: 28s
Rendered 1507/4500, time remaining: 28s
Rendered 1508/4500, time remaining: 28s
Rendered 1509/4500, time remaining: 27s
Rendered 1510/4500, time remaining: 28s
Rendered 1511/4500, time remaining: 27s
Rendered 1512/4500, time remaining: 27s
Rendered 1513/4500, time remaining: 27s
Rendered 1514/4500, time remaining: 27s
Rendered 1515/4500, time remaining: 28s
Rendered 1516/4500, time remaining: 27s
Rendered 1517/4500, time remaining: 27s
Rendered 1518/4500, time remaining: 27s
Rendered 1519/4500, time remaining: 27s
Rendered 1520/4500, time remaining: 27s
Rendered 1521/4500, time remaining: 27s
Rendered 1522/4500, time remaining: 27s
Rendered 1523/4500, time remaining: 27s
Rendered 1524/4500, time remaining: 27s
Rendered 1525/4500, time remaining: 27s
Rendered 1526/4500, time remaining: 27s
Rendered 1527/4500, time remaining: 27s
Rendered 1528/4500, time remaining: 27s
Rendered 1529/4500, time remaining: 27s
Rendered 1530/4500, time remaining: 27s
Rendered 1531/4500, time remaining: 27s
Rendered 1532/4500, time remaining: 27s
Rendered 1533/4500, time remaining: 27s
Rendered 1534/4500, time remaining: 27s
Rendered 1535/4500, time remaining: 27s
Rendered 1536/4500, time remaining: 27s
Rendered 1537/4500, time remaining: 27s
Rendered 1538/4500, time remaining: 27s
Rendered 1539/4500, time remaining: 27s
Rendered 1540/4500, time remaining: 27s
Rendered 1541/4500, time remaining: 27s
Rendered 1542/4500, time remaining: 27s
Rendered 1543/4500, time remaining: 27s
Rendered 1544/4500, time remaining: 27s
Rendered 1545/4500, time remaining: 27s
Rendered 1546/4500, time remaining: 27s
Rendered 1547/4500, time remaining: 27s
Rendered 1548/4500, time remaining: 27s
Rendered 1549/4500, time remaining: 27s
Rendered 1550/4500, time remaining: 27s
Rendered 1551/4500, time remaining: 28s
Rendered 1552/4500, time remaining: 27s
Rendered 1553/4500, time remaining: 27s
Rendered 1554/4500, time remaining: 28s
Rendered 1555/4500, time remaining: 28s
Rendered 1556/4500, time remaining: 29s
Rendered 1557/4500, time remaining: 28s
Rendered 1557/4500, time remaining: 28s
Rendered 1558/4500, time remaining: 32s
Rendered 1559/4500, time remaining: 31s
Rendered 1560/4500, time remaining: 31s
Rendered 1561/4500, time remaining: 31s
Rendered 1562/4500, time remaining: 31s
Rendered 1563/4500, time remaining: 30s
Rendered 1564/4500, time remaining: 30s
Rendered 1565/4500, time remaining: 30s
Rendered 1566/4500, time remaining: 30s
Rendered 1567/4500, time remaining: 30s
Rendered 1568/4500, time remaining: 30s
Rendered 1569/4500, time remaining: 30s
Rendered 1570/4500, time remaining: 30s
Rendered 1571/4500, time remaining: 30s
Rendered 1572/4500, time remaining: 30s
Rendered 1573/4500, time remaining: 30s
Rendered 1574/4500, time remaining: 30s
Rendered 1575/4500, time remaining: 30s
Rendered 1576/4500, time remaining: 30s
Rendered 1577/4500, time remaining: 30s
Rendered 1578/4500, time remaining: 30s
Rendered 1579/4500, time remaining: 30s
Rendered 1580/4500, time remaining: 30s
Rendered 1581/4500, time remaining: 31s
Rendered 1582/4500, time remaining: 31s
Rendered 1583/4500, time remaining: 31s
Rendered 1584/4500, time remaining: 31s
Rendered 1585/4500, time remaining: 30s
Rendered 1586/4500, time remaining: 30s
Rendered 1587/4500, time remaining: 31s
Rendered 1588/4500, time remaining: 31s
Rendered 1589/4500, time remaining: 31s
Rendered 1590/4500, time remaining: 31s
Rendered 1591/4500, time remaining: 31s
Rendered 1591/4500, time remaining: 31s
Rendered 1592/4500, time remaining: 30s
Rendered 1593/4500, time remaining: 30s
Rendered 1594/4500, time remaining: 30s
Rendered 1595/4500, time remaining: 30s
Rendered 1596/4500, time remaining: 30s
Rendered 1597/4500, time remaining: 31s
Rendered 1598/4500, time remaining: 31s
Rendered 1599/4500, time remaining: 31s
Rendered 1600/4500, time remaining: 30s
Rendered 1601/4500, time remaining: 30s
Rendered 1602/4500, time remaining: 30s
Rendered 1603/4500, time remaining: 31s
Rendered 1604/4500, time remaining: 30s
Rendered 1605/4500, time remaining: 30s
Rendered 1606/4500, time remaining: 30s
Rendered 1607/4500, time remaining: 30s
Rendered 1608/4500, time remaining: 31s
Rendered 1609/4500, time remaining: 31s
Rendered 1610/4500, time remaining: 31s
Rendered 1611/4500, time remaining: 30s
Rendered 1612/4500, time remaining: 30s
Rendered 1613/4500, time remaining: 30s
Rendered 1614/4500, time remaining: 30s
Rendered 1615/4500, time remaining: 30s
Rendered 1616/4500, time remaining: 30s
Rendered 1617/4500, time remaining: 30s
Rendered 1618/4500, time remaining: 30s
Rendered 1619/4500, time remaining: 31s
Rendered 1620/4500, time remaining: 31s
Rendered 1621/4500, time remaining: 31s
Rendered 1622/4500, time remaining: 30s
Rendered 1623/4500, time remaining: 30s
Rendered 1624/4500, time remaining: 29s
Rendered 1625/4500, time remaining: 30s
Rendered 1626/4500, time remaining: 30s
Rendered 1627/4500, time remaining: 30s
Rendered 1628/4500, time remaining: 30s
Rendered 1629/4500, time remaining: 31s
Rendered 1630/4500, time remaining: 31s
Rendered 1631/4500, time remaining: 31s
Rendered 1632/4500, time remaining: 31s
Rendered 1633/4500, time remaining: 31s
Rendered 1634/4500, time remaining: 31s
Rendered 1635/4500, time remaining: 31s
Rendered 1636/4500, time remaining: 31s
Rendered 1637/4500, time remaining: 31s
Rendered 1638/4500, time remaining: 31s
Rendered 1639/4500, time remaining: 31s
Rendered 1640/4500, time remaining: 31s
Rendered 1640/4500, time remaining: 31s
Rendered 1641/4500, time remaining: 31s
Rendered 1642/4500, time remaining: 31s
Rendered 1643/4500, time remaining: 31s
Rendered 1644/4500, time remaining: 31s
Rendered 1645/4500, time remaining: 32s
Rendered 1646/4500, time remaining: 31s
Rendered 1647/4500, time remaining: 32s
Rendered 1648/4500, time remaining: 32s
Rendered 1649/4500, time remaining: 32s
Rendered 1650/4500, time remaining: 32s
Rendered 1651/4500, time remaining: 32s
Rendered 1652/4500, time remaining: 32s
Rendered 1653/4500, time remaining: 32s
Rendered 1654/4500, time remaining: 32s
Rendered 1655/4500, time remaining: 32s
Rendered 1656/4500, time remaining: 31s
Rendered 1657/4500, time remaining: 32s
Rendered 1658/4500, time remaining: 32s
Rendered 1659/4500, time remaining: 31s
Rendered 1660/4500, time remaining: 31s
Rendered 1661/4500, time remaining: 31s
Rendered 1662/4500, time remaining: 31s
Rendered 1663/4500, time remaining: 31s
Rendered 1664/4500, time remaining: 31s
Rendered 1665/4500, time remaining: 32s
Rendered 1666/4500, time remaining: 32s
Rendered 1667/4500, time remaining: 32s
Rendered 1668/4500, time remaining: 32s
Rendered 1669/4500, time remaining: 32s
Rendered 1670/4500, time remaining: 32s
Rendered 1671/4500, time remaining: 31s
Rendered 1672/4500, time remaining: 32s
Rendered 1673/4500, time remaining: 32s
Rendered 1674/4500, time remaining: 32s
Rendered 1675/4500, time remaining: 32s
Rendered 1676/4500, time remaining: 32s
Rendered 1677/4500, time remaining: 32s
Rendered 1678/4500, time remaining: 32s
Rendered 1679/4500, time remaining: 32s
Rendered 1680/4500, time remaining: 32s
Rendered 1681/4500, time remaining: 32s
Rendered 1682/4500, time remaining: 33s
Rendered 1683/4500, time remaining: 32s
Rendered 1684/4500, time remaining: 33s
Rendered 1685/4500, time remaining: 33s
Rendered 1686/4500, time remaining: 32s
Rendered 1687/4500, time remaining: 32s
Rendered 1688/4500, time remaining: 32s
Rendered 1689/4500, time remaining: 32s
Rendered 1689/4500, time remaining: 32s
Rendered 1690/4500, time remaining: 32s
Rendered 1691/4500, time remaining: 32s
Rendered 1692/4500, time remaining: 32s
Rendered 1693/4500, time remaining: 32s
Rendered 1694/4500, time remaining: 32s
Rendered 1695/4500, time remaining: 32s
Rendered 1696/4500, time remaining: 32s
Rendered 1697/4500, time remaining: 32s
Rendered 1698/4500, time remaining: 32s
Rendered 1699/4500, time remaining: 33s
Rendered 1700/4500, time remaining: 33s
Rendered 1701/4500, time remaining: 32s
Rendered 1702/4500, time remaining: 32s
Rendered 1703/4500, time remaining: 33s
Rendered 1704/4500, time remaining: 32s
Rendered 1705/4500, time remaining: 32s
Rendered 1706/4500, time remaining: 32s
Rendered 1707/4500, time remaining: 32s
Rendered 1708/4500, time remaining: 29s
Rendered 1709/4500, time remaining: 32s
Rendered 1710/4500, time remaining: 32s
Rendered 1711/4500, time remaining: 34s
Rendered 1711/4500, time remaining: 34s
Rendered 1712/4500, time remaining: 34s
Rendered 1713/4500, time remaining: 34s
Rendered 1714/4500, time remaining: 33s
Rendered 1715/4500, time remaining: 33s
Rendered 1716/4500, time remaining: 33s
Rendered 1717/4500, time remaining: 33s
Rendered 1718/4500, time remaining: 33s
Rendered 1719/4500, time remaining: 33s
Rendered 1720/4500, time remaining: 34s
Rendered 1721/4500, time remaining: 35s
Rendered 1722/4500, time remaining: 34s
Rendered 1723/4500, time remaining: 34s
Rendered 1724/4500, time remaining: 35s
Rendered 1725/4500, time remaining: 35s
Rendered 1726/4500, time remaining: 37s
Rendered 1727/4500, time remaining: 37s
Rendered 1728/4500, time remaining: 37s
Rendered 1729/4500, time remaining: 37s
Rendered 1730/4500, time remaining: 37s
Rendered 1731/4500, time remaining: 35s
Rendered 1732/4500, time remaining: 36s
Rendered 1733/4500, time remaining: 37s
Rendered 1734/4500, time remaining: 37s
Rendered 1735/4500, time remaining: 37s
Rendered 1736/4500, time remaining: 37s
Rendered 1736/4500, time remaining: 37s
Rendered 1737/4500, time remaining: 37s
Rendered 1738/4500, time remaining: 37s
Rendered 1739/4500, time remaining: 37s
Rendered 1740/4500, time remaining: 37s
Rendered 1741/4500, time remaining: 37s
Rendered 1742/4500, time remaining: 38s
Rendered 1743/4500, time remaining: 38s
Rendered 1744/4500, time remaining: 39s
Rendered 1745/4500, time remaining: 38s
Rendered 1746/4500, time remaining: 38s
Rendered 1747/4500, time remaining: 38s
Rendered 1748/4500, time remaining: 38s
Rendered 1749/4500, time remaining: 38s
Rendered 1750/4500, time remaining: 38s
Rendered 1751/4500, time remaining: 38s
Rendered 1752/4500, time remaining: 38s
Rendered 1753/4500, time remaining: 38s
Rendered 1754/4500, time remaining: 38s
Rendered 1755/4500, time remaining: 38s
Rendered 1756/4500, time remaining: 38s
Rendered 1757/4500, time remaining: 38s
Rendered 1758/4500, time remaining: 38s
Rendered 1759/4500, time remaining: 38s
Rendered 1760/4500, time remaining: 38s
Rendered 1761/4500, time remaining: 38s
Rendered 1762/4500, time remaining: 38s
Rendered 1763/4500, time remaining: 38s
Rendered 1764/4500, time remaining: 38s
Rendered 1765/4500, time remaining: 38s
Rendered 1766/4500, time remaining: 38s
Rendered 1767/4500, time remaining: 38s
Rendered 1768/4500, time remaining: 38s
Rendered 1769/4500, time remaining: 37s
Rendered 1770/4500, time remaining: 38s
Rendered 1771/4500, time remaining: 38s
Rendered 1772/4500, time remaining: 38s
Rendered 1773/4500, time remaining: 38s
Rendered 1774/4500, time remaining: 38s
Rendered 1775/4500, time remaining: 38s
Rendered 1776/4500, time remaining: 38s
Rendered 1777/4500, time remaining: 38s
Rendered 1778/4500, time remaining: 38s
Rendered 1779/4500, time remaining: 37s
Rendered 1780/4500, time remaining: 37s
Rendered 1781/4500, time remaining: 37s
Rendered 1782/4500, time remaining: 37s
Rendered 1783/4500, time remaining: 37s
Rendered 1784/4500, time remaining: 37s
Rendered 1784/4500, time remaining: 37s
Rendered 1785/4500, time remaining: 38s
Rendered 1786/4500, time remaining: 38s
Rendered 1787/4500, time remaining: 38s
Rendered 1788/4500, time remaining: 38s
Rendered 1789/4500, time remaining: 38s
Rendered 1790/4500, time remaining: 38s
Rendered 1791/4500, time remaining: 38s
Rendered 1792/4500, time remaining: 38s
Rendered 1793/4500, time remaining: 38s
Rendered 1794/4500, time remaining: 38s
Rendered 1795/4500, time remaining: 38s
Rendered 1796/4500, time remaining: 38s
Rendered 1797/4500, time remaining: 38s
Rendered 1798/4500, time remaining: 38s
Rendered 1799/4500, time remaining: 38s
Rendered 1800/4500, time remaining: 38s
Rendered 1801/4500, time remaining: 38s
Rendered 1802/4500, time remaining: 38s
Rendered 1803/4500, time remaining: 38s
Rendered 1804/4500, time remaining: 38s
Rendered 1805/4500, time remaining: 38s
Rendered 1806/4500, time remaining: 38s
Rendered 1807/4500, time remaining: 38s
Rendered 1808/4500, time remaining: 39s
Rendered 1809/4500, time remaining: 39s
Rendered 1810/4500, time remaining: 39s
Rendered 1811/4500, time remaining: 39s
Rendered 1812/4500, time remaining: 39s
Rendered 1813/4500, time remaining: 39s
Rendered 1814/4500, time remaining: 39s
Rendered 1815/4500, time remaining: 39s
Rendered 1816/4500, time remaining: 40s
Rendered 1816/4500, time remaining: 40s
Rendered 1817/4500, time remaining: 40s
Rendered 1818/4500, time remaining: 40s
Rendered 1819/4500, time remaining: 40s
Rendered 1820/4500, time remaining: 40s
Rendered 1821/4500, time remaining: 41s
Rendered 1822/4500, time remaining: 40s
Rendered 1823/4500, time remaining: 41s
Rendered 1824/4500, time remaining: 40s
Rendered 1825/4500, time remaining: 41s
Rendered 1826/4500, time remaining: 43s
Rendered 1827/4500, time remaining: 42s
Rendered 1828/4500, time remaining: 42s
Rendered 1829/4500, time remaining: 42s
Rendered 1830/4500, time remaining: 42s
Rendered 1831/4500, time remaining: 43s
Rendered 1832/4500, time remaining: 42s
Rendered 1833/4500, time remaining: 42s
Rendered 1834/4500, time remaining: 43s
Rendered 1835/4500, time remaining: 43s
Rendered 1836/4500, time remaining: 43s
Rendered 1837/4500, time remaining: 43s
Rendered 1838/4500, time remaining: 43s
Rendered 1839/4500, time remaining: 44s
Rendered 1840/4500, time remaining: 43s
Rendered 1841/4500, time remaining: 43s
Rendered 1841/4500, time remaining: 43s
Rendered 1842/4500, time remaining: 45s
Rendered 1843/4500, time remaining: 45s
Rendered 1844/4500, time remaining: 45s
Rendered 1845/4500, time remaining: 45s
Rendered 1846/4500, time remaining: 45s
Rendered 1847/4500, time remaining: 45s
Rendered 1848/4500, time remaining: 45s
Rendered 1849/4500, time remaining: 44s
Rendered 1850/4500, time remaining: 44s
Rendered 1851/4500, time remaining: 44s
Rendered 1852/4500, time remaining: 44s
Rendered 1853/4500, time remaining: 44s
Rendered 1854/4500, time remaining: 44s
Rendered 1855/4500, time remaining: 44s
Rendered 1856/4500, time remaining: 44s
Rendered 1857/4500, time remaining: 44s
Rendered 1858/4500, time remaining: 44s
Rendered 1859/4500, time remaining: 41s
Rendered 1860/4500, time remaining: 41s
Rendered 1861/4500, time remaining: 40s
Rendered 1862/4500, time remaining: 40s
Rendered 1863/4500, time remaining: 41s
Rendered 1864/4500, time remaining: 41s
Rendered 1865/4500, time remaining: 41s
Rendered 1866/4500, time remaining: 41s
Rendered 1867/4500, time remaining: 41s
Rendered 1868/4500, time remaining: 40s
Rendered 1869/4500, time remaining: 40s
Rendered 1870/4500, time remaining: 39s
Rendered 1871/4500, time remaining: 40s
Rendered 1872/4500, time remaining: 40s
Rendered 1873/4500, time remaining: 40s
Rendered 1874/4500, time remaining: 39s
Rendered 1875/4500, time remaining: 39s
Rendered 1876/4500, time remaining: 37s
Rendered 1877/4500, time remaining: 37s
Rendered 1878/4500, time remaining: 37s
Rendered 1879/4500, time remaining: 37s
Rendered 1880/4500, time remaining: 37s
Rendered 1881/4500, time remaining: 37s
Rendered 1881/4500, time remaining: 37s
Rendered 1882/4500, time remaining: 37s
Rendered 1883/4500, time remaining: 36s
Rendered 1884/4500, time remaining: 36s
Rendered 1885/4500, time remaining: 36s
Rendered 1886/4500, time remaining: 36s
Rendered 1887/4500, time remaining: 36s
Rendered 1888/4500, time remaining: 36s
Rendered 1889/4500, time remaining: 37s
Rendered 1890/4500, time remaining: 36s
Rendered 1891/4500, time remaining: 37s
Rendered 1892/4500, time remaining: 37s
Rendered 1893/4500, time remaining: 37s
Rendered 1894/4500, time remaining: 37s
Rendered 1895/4500, time remaining: 38s
Rendered 1896/4500, time remaining: 38s
Rendered 1897/4500, time remaining: 38s
Rendered 1898/4500, time remaining: 38s
Rendered 1899/4500, time remaining: 38s
Rendered 1900/4500, time remaining: 38s
Rendered 1901/4500, time remaining: 38s
Rendered 1902/4500, time remaining: 38s
Rendered 1903/4500, time remaining: 38s
Rendered 1904/4500, time remaining: 38s
Rendered 1905/4500, time remaining: 38s
Rendered 1906/4500, time remaining: 38s
Rendered 1907/4500, time remaining: 38s
Rendered 1908/4500, time remaining: 38s
Rendered 1909/4500, time remaining: 38s
Rendered 1910/4500, time remaining: 38s
Rendered 1911/4500, time remaining: 38s
Rendered 1912/4500, time remaining: 38s
Rendered 1913/4500, time remaining: 38s
Rendered 1914/4500, time remaining: 38s
Rendered 1914/4500, time remaining: 38s
Rendered 1915/4500, time remaining: 38s
Rendered 1916/4500, time remaining: 38s
Rendered 1917/4500, time remaining: 38s
Rendered 1918/4500, time remaining: 38s
Rendered 1919/4500, time remaining: 38s
Rendered 1920/4500, time remaining: 38s
Rendered 1921/4500, time remaining: 38s
Rendered 1922/4500, time remaining: 38s
Rendered 1923/4500, time remaining: 38s
Rendered 1924/4500, time remaining: 38s
Rendered 1925/4500, time remaining: 38s
Rendered 1926/4500, time remaining: 38s
Rendered 1927/4500, time remaining: 38s
Rendered 1928/4500, time remaining: 38s
Rendered 1929/4500, time remaining: 38s
Rendered 1930/4500, time remaining: 38s
Rendered 1931/4500, time remaining: 38s
Rendered 1932/4500, time remaining: 38s
Rendered 1933/4500, time remaining: 38s
Rendered 1934/4500, time remaining: 38s
Rendered 1935/4500, time remaining: 37s
Rendered 1936/4500, time remaining: 38s
Rendered 1937/4500, time remaining: 37s
Rendered 1938/4500, time remaining: 37s
Rendered 1939/4500, time remaining: 38s
Rendered 1940/4500, time remaining: 37s
Rendered 1941/4500, time remaining: 37s
Rendered 1942/4500, time remaining: 37s
Rendered 1943/4500, time remaining: 37s
Rendered 1944/4500, time remaining: 37s
Rendered 1945/4500, time remaining: 37s
Rendered 1946/4500, time remaining: 37s
Rendered 1947/4500, time remaining: 36s
Rendered 1948/4500, time remaining: 36s
Rendered 1949/4500, time remaining: 36s
Rendered 1950/4500, time remaining: 36s
Rendered 1951/4500, time remaining: 36s
Rendered 1952/4500, time remaining: 36s
Rendered 1953/4500, time remaining: 36s
Rendered 1954/4500, time remaining: 36s
Rendered 1955/4500, time remaining: 36s
Rendered 1956/4500, time remaining: 36s
Rendered 1957/4500, time remaining: 36s
Rendered 1958/4500, time remaining: 36s
Rendered 1959/4500, time remaining: 36s
Rendered 1960/4500, time remaining: 36s
Rendered 1961/4500, time remaining: 36s
Rendered 1961/4500, time remaining: 36s
Rendered 1962/4500, time remaining: 36s
Rendered 1963/4500, time remaining: 36s
Rendered 1964/4500, time remaining: 36s
Rendered 1965/4500, time remaining: 36s
Rendered 1966/4500, time remaining: 34s
Rendered 1967/4500, time remaining: 34s
Rendered 1968/4500, time remaining: 35s
Rendered 1969/4500, time remaining: 35s
Rendered 1970/4500, time remaining: 35s
Rendered 1971/4500, time remaining: 34s
Rendered 1972/4500, time remaining: 34s
Rendered 1973/4500, time remaining: 34s
Rendered 1974/4500, time remaining: 34s
Rendered 1975/4500, time remaining: 34s
Rendered 1976/4500, time remaining: 32s
Rendered 1977/4500, time remaining: 32s
Rendered 1978/4500, time remaining: 33s
Rendered 1979/4500, time remaining: 33s
Rendered 1980/4500, time remaining: 33s
Rendered 1981/4500, time remaining: 32s
Rendered 1982/4500, time remaining: 32s
Rendered 1983/4500, time remaining: 32s
Rendered 1984/4500, time remaining: 32s
Rendered 1985/4500, time remaining: 32s
Rendered 1986/4500, time remaining: 32s
Rendered 1987/4500, time remaining: 32s
Rendered 1988/4500, time remaining: 32s
Rendered 1989/4500, time remaining: 32s
Rendered 1990/4500, time remaining: 32s
Rendered 1991/4500, time remaining: 33s
Rendered 1992/4500, time remaining: 31s
Rendered 1993/4500, time remaining: 31s
Rendered 1994/4500, time remaining: 31s
Rendered 1995/4500, time remaining: 31s
Rendered 1995/4500, time remaining: 31s
Rendered 1996/4500, time remaining: 32s
Rendered 1997/4500, time remaining: 32s
Rendered 1998/4500, time remaining: 32s
Rendered 1999/4500, time remaining: 32s
Rendered 2000/4500, time remaining: 32s
Rendered 2001/4500, time remaining: 32s
Rendered 2002/4500, time remaining: 32s
Rendered 2003/4500, time remaining: 32s
Rendered 2004/4500, time remaining: 32s
Rendered 2005/4500, time remaining: 32s
Rendered 2006/4500, time remaining: 32s
Rendered 2007/4500, time remaining: 32s
Rendered 2008/4500, time remaining: 32s
Rendered 2009/4500, time remaining: 32s
Rendered 2010/4500, time remaining: 32s
Rendered 2011/4500, time remaining: 32s
Rendered 2012/4500, time remaining: 32s
Rendered 2013/4500, time remaining: 31s
Rendered 2014/4500, time remaining: 31s
Rendered 2015/4500, time remaining: 31s
Rendered 2016/4500, time remaining: 31s
Rendered 2017/4500, time remaining: 31s
Rendered 2018/4500, time remaining: 31s
Rendered 2019/4500, time remaining: 31s
Rendered 2020/4500, time remaining: 31s
Rendered 2021/4500, time remaining: 31s
Rendered 2022/4500, time remaining: 31s
Rendered 2023/4500, time remaining: 31s
Rendered 2024/4500, time remaining: 31s
Rendered 2025/4500, time remaining: 32s
Rendered 2026/4500, time remaining: 32s
Rendered 2027/4500, time remaining: 32s
Rendered 2028/4500, time remaining: 32s
Rendered 2029/4500, time remaining: 32s
Rendered 2030/4500, time remaining: 32s
Rendered 2031/4500, time remaining: 32s
Rendered 2032/4500, time remaining: 32s
Rendered 2033/4500, time remaining: 32s
Rendered 2033/4500, time remaining: 32s
Rendered 2034/4500, time remaining: 32s
Rendered 2035/4500, time remaining: 33s
Rendered 2036/4500, time remaining: 33s
Rendered 2037/4500, time remaining: 33s
Rendered 2038/4500, time remaining: 33s
Rendered 2039/4500, time remaining: 33s
Rendered 2040/4500, time remaining: 33s
Rendered 2041/4500, time remaining: 33s
Rendered 2042/4500, time remaining: 32s
Rendered 2043/4500, time remaining: 32s
Rendered 2044/4500, time remaining: 31s
Rendered 2045/4500, time remaining: 31s
Rendered 2046/4500, time remaining: 31s
Rendered 2047/4500, time remaining: 32s
Rendered 2048/4500, time remaining: 31s
Rendered 2049/4500, time remaining: 31s
Rendered 2050/4500, time remaining: 31s
Rendered 2051/4500, time remaining: 32s
Rendered 2052/4500, time remaining: 32s
Rendered 2053/4500, time remaining: 32s
Rendered 2054/4500, time remaining: 32s
Rendered 2055/4500, time remaining: 32s
Rendered 2056/4500, time remaining: 32s
Rendered 2057/4500, time remaining: 32s
Rendered 2058/4500, time remaining: 33s
Rendered 2059/4500, time remaining: 33s
Rendered 2060/4500, time remaining: 32s
Rendered 2061/4500, time remaining: 32s
Rendered 2062/4500, time remaining: 32s
Rendered 2063/4500, time remaining: 32s
Rendered 2063/4500, time remaining: 32s
Rendered 2064/4500, time remaining: 33s
Rendered 2065/4500, time remaining: 32s
Rendered 2066/4500, time remaining: 32s
Rendered 2067/4500, time remaining: 33s
Rendered 2068/4500, time remaining: 33s
Rendered 2069/4500, time remaining: 33s
Rendered 2070/4500, time remaining: 33s
Rendered 2071/4500, time remaining: 32s
Rendered 2072/4500, time remaining: 32s
Rendered 2073/4500, time remaining: 32s
Rendered 2074/4500, time remaining: 33s
Rendered 2075/4500, time remaining: 34s
Rendered 2076/4500, time remaining: 34s
Rendered 2077/4500, time remaining: 33s
Rendered 2078/4500, time remaining: 33s
Rendered 2079/4500, time remaining: 34s
Rendered 2080/4500, time remaining: 33s
Rendered 2081/4500, time remaining: 34s
Rendered 2082/4500, time remaining: 34s
Rendered 2083/4500, time remaining: 33s
Rendered 2084/4500, time remaining: 34s
Rendered 2085/4500, time remaining: 34s
Rendered 2086/4500, time remaining: 34s
Rendered 2087/4500, time remaining: 34s
Rendered 2088/4500, time remaining: 34s
Rendered 2089/4500, time remaining: 34s
Rendered 2090/4500, time remaining: 34s
Rendered 2091/4500, time remaining: 34s
Rendered 2092/4500, time remaining: 34s
Rendered 2093/4500, time remaining: 34s
Rendered 2094/4500, time remaining: 34s
Rendered 2095/4500, time remaining: 34s
Rendered 2096/4500, time remaining: 34s
Rendered 2097/4500, time remaining: 34s
Rendered 2098/4500, time remaining: 33s
Rendered 2099/4500, time remaining: 33s
Rendered 2100/4500, time remaining: 33s
Rendered 2101/4500, time remaining: 33s
Rendered 2102/4500, time remaining: 33s
Rendered 2102/4500, time remaining: 33s
Rendered 2103/4500, time remaining: 33s
Rendered 2104/4500, time remaining: 34s
Rendered 2105/4500, time remaining: 34s
Rendered 2106/4500, time remaining: 33s
Rendered 2107/4500, time remaining: 33s
Rendered 2108/4500, time remaining: 33s
Rendered 2109/4500, time remaining: 33s
Rendered 2110/4500, time remaining: 34s
Rendered 2111/4500, time remaining: 34s
Rendered 2112/4500, time remaining: 33s
Rendered 2113/4500, time remaining: 34s
Rendered 2114/4500, time remaining: 34s
Rendered 2115/4500, time remaining: 33s
Rendered 2116/4500, time remaining: 33s
Rendered 2117/4500, time remaining: 33s
Rendered 2118/4500, time remaining: 33s
Rendered 2119/4500, time remaining: 33s
Rendered 2120/4500, time remaining: 33s
Rendered 2121/4500, time remaining: 33s
Rendered 2122/4500, time remaining: 33s
Rendered 2123/4500, time remaining: 33s
Rendered 2124/4500, time remaining: 33s
Rendered 2125/4500, time remaining: 33s
Rendered 2126/4500, time remaining: 33s
Rendered 2127/4500, time remaining: 33s
Rendered 2128/4500, time remaining: 33s
Rendered 2129/4500, time remaining: 33s
Rendered 2130/4500, time remaining: 33s
Rendered 2131/4500, time remaining: 33s
Rendered 2132/4500, time remaining: 33s
Rendered 2133/4500, time remaining: 33s
Rendered 2134/4500, time remaining: 32s
Rendered 2135/4500, time remaining: 32s
Rendered 2136/4500, time remaining: 32s
Rendered 2137/4500, time remaining: 32s
Rendered 2138/4500, time remaining: 32s
Rendered 2139/4500, time remaining: 32s
Rendered 2140/4500, time remaining: 32s
Rendered 2141/4500, time remaining: 31s
Rendered 2142/4500, time remaining: 31s
Rendered 2143/4500, time remaining: 31s
Rendered 2144/4500, time remaining: 31s
Rendered 2145/4500, time remaining: 31s
Rendered 2146/4500, time remaining: 31s
Rendered 2147/4500, time remaining: 31s
Rendered 2147/4500, time remaining: 31s
Rendered 2148/4500, time remaining: 31s
Rendered 2149/4500, time remaining: 31s
Rendered 2150/4500, time remaining: 31s
Rendered 2151/4500, time remaining: 31s
Rendered 2152/4500, time remaining: 31s
Rendered 2153/4500, time remaining: 31s
Rendered 2154/4500, time remaining: 31s
Rendered 2155/4500, time remaining: 31s
Rendered 2156/4500, time remaining: 31s
Rendered 2157/4500, time remaining: 31s
Rendered 2158/4500, time remaining: 31s
Rendered 2159/4500, time remaining: 31s
Rendered 2160/4500, time remaining: 31s
Rendered 2161/4500, time remaining: 31s
Rendered 2162/4500, time remaining: 31s
Rendered 2163/4500, time remaining: 31s
Rendered 2164/4500, time remaining: 31s
Rendered 2165/4500, time remaining: 31s
Rendered 2166/4500, time remaining: 30s
Rendered 2167/4500, time remaining: 31s
Rendered 2168/4500, time remaining: 30s
Rendered 2169/4500, time remaining: 30s
Rendered 2170/4500, time remaining: 30s
Rendered 2171/4500, time remaining: 30s
Rendered 2172/4500, time remaining: 30s
Rendered 2173/4500, time remaining: 30s
Rendered 2174/4500, time remaining: 30s
Rendered 2175/4500, time remaining: 30s
Rendered 2176/4500, time remaining: 30s
Rendered 2177/4500, time remaining: 29s
Rendered 2178/4500, time remaining: 30s
Rendered 2179/4500, time remaining: 30s
Rendered 2180/4500, time remaining: 30s
Rendered 2181/4500, time remaining: 29s
Rendered 2182/4500, time remaining: 29s
Rendered 2183/4500, time remaining: 31s
Rendered 2184/4500, time remaining: 31s
Rendered 2185/4500, time remaining: 31s
Rendered 2186/4500, time remaining: 31s
Rendered 2187/4500, time remaining: 30s
Rendered 2188/4500, time remaining: 30s
Rendered 2188/4500, time remaining: 30s
Rendered 2189/4500, time remaining: 30s
Rendered 2190/4500, time remaining: 30s
Rendered 2191/4500, time remaining: 30s
Rendered 2192/4500, time remaining: 30s
Rendered 2193/4500, time remaining: 30s
Rendered 2194/4500, time remaining: 29s
Rendered 2195/4500, time remaining: 29s
Rendered 2196/4500, time remaining: 29s
Rendered 2197/4500, time remaining: 29s
Rendered 2198/4500, time remaining: 29s
Rendered 2199/4500, time remaining: 29s
Rendered 2200/4500, time remaining: 29s
Rendered 2201/4500, time remaining: 29s
Rendered 2202/4500, time remaining: 28s
Rendered 2203/4500, time remaining: 28s
Rendered 2204/4500, time remaining: 28s
Rendered 2205/4500, time remaining: 29s
Rendered 2206/4500, time remaining: 29s
Rendered 2207/4500, time remaining: 29s
Rendered 2208/4500, time remaining: 28s
Rendered 2209/4500, time remaining: 28s
Rendered 2210/4500, time remaining: 28s
Rendered 2211/4500, time remaining: 29s
Rendered 2212/4500, time remaining: 28s
Rendered 2213/4500, time remaining: 28s
Rendered 2214/4500, time remaining: 28s
Rendered 2215/4500, time remaining: 28s
Rendered 2216/4500, time remaining: 28s
Rendered 2217/4500, time remaining: 27s
Rendered 2218/4500, time remaining: 28s
Rendered 2219/4500, time remaining: 28s
Rendered 2220/4500, time remaining: 28s
Rendered 2221/4500, time remaining: 28s
Rendered 2222/4500, time remaining: 28s
Rendered 2223/4500, time remaining: 28s
Rendered 2224/4500, time remaining: 28s
Rendered 2225/4500, time remaining: 27s
Rendered 2225/4500, time remaining: 27s
Rendered 2226/4500, time remaining: 27s
Rendered 2227/4500, time remaining: 27s
Rendered 2228/4500, time remaining: 27s
Rendered 2229/4500, time remaining: 27s
Rendered 2230/4500, time remaining: 27s
Rendered 2231/4500, time remaining: 27s
Rendered 2232/4500, time remaining: 27s
Rendered 2233/4500, time remaining: 27s
Rendered 2234/4500, time remaining: 27s
Rendered 2235/4500, time remaining: 27s
Rendered 2236/4500, time remaining: 28s
Rendered 2237/4500, time remaining: 28s
Rendered 2238/4500, time remaining: 28s
Rendered 2239/4500, time remaining: 28s
Rendered 2240/4500, time remaining: 28s
Rendered 2241/4500, time remaining: 28s
Rendered 2242/4500, time remaining: 29s
Rendered 2243/4500, time remaining: 29s
Rendered 2244/4500, time remaining: 29s
Rendered 2245/4500, time remaining: 29s
Rendered 2246/4500, time remaining: 29s
Rendered 2247/4500, time remaining: 29s
Rendered 2248/4500, time remaining: 29s
Rendered 2249/4500, time remaining: 30s
Rendered 2250/4500, time remaining: 30s
Rendered 2251/4500, time remaining: 29s
Rendered 2251/4500, time remaining: 29s
Rendered 2252/4500, time remaining: 30s
Rendered 2253/4500, time remaining: 30s
Rendered 2254/4500, time remaining: 32s
Rendered 2255/4500, time remaining: 32s
Rendered 2256/4500, time remaining: 31s
Rendered 2257/4500, time remaining: 31s
Rendered 2258/4500, time remaining: 31s
Rendered 2259/4500, time remaining: 31s
Rendered 2260/4500, time remaining: 31s
Rendered 2261/4500, time remaining: 31s
Rendered 2262/4500, time remaining: 31s
Rendered 2263/4500, time remaining: 31s
Rendered 2264/4500, time remaining: 31s
Rendered 2265/4500, time remaining: 31s
Rendered 2266/4500, time remaining: 33s
Rendered 2267/4500, time remaining: 33s
Rendered 2268/4500, time remaining: 32s
Rendered 2269/4500, time remaining: 33s
Rendered 2270/4500, time remaining: 32s
Rendered 2271/4500, time remaining: 33s
Rendered 2272/4500, time remaining: 33s
Rendered 2273/4500, time remaining: 33s
Rendered 2274/4500, time remaining: 33s
Rendered 2275/4500, time remaining: 33s
Rendered 2275/4500, time remaining: 33s
Rendered 2276/4500, time remaining: 34s
Rendered 2277/4500, time remaining: 34s
Rendered 2278/4500, time remaining: 34s
Rendered 2279/4500, time remaining: 34s
Rendered 2280/4500, time remaining: 33s
Rendered 2281/4500, time remaining: 33s
Rendered 2282/4500, time remaining: 34s
Rendered 2283/4500, time remaining: 34s
Rendered 2284/4500, time remaining: 34s
Rendered 2285/4500, time remaining: 34s
Rendered 2286/4500, time remaining: 34s
Rendered 2287/4500, time remaining: 34s
Rendered 2288/4500, time remaining: 34s
Rendered 2289/4500, time remaining: 34s
Rendered 2290/4500, time remaining: 34s
Rendered 2291/4500, time remaining: 34s
Rendered 2292/4500, time remaining: 34s
Rendered 2293/4500, time remaining: 33s
Rendered 2294/4500, time remaining: 34s
Rendered 2295/4500, time remaining: 34s
Rendered 2296/4500, time remaining: 34s
Rendered 2297/4500, time remaining: 33s
Rendered 2298/4500, time remaining: 33s
Rendered 2299/4500, time remaining: 34s
Rendered 2300/4500, time remaining: 33s
Rendered 2301/4500, time remaining: 33s
Rendered 2302/4500, time remaining: 33s
Rendered 2303/4500, time remaining: 34s
Rendered 2304/4500, time remaining: 34s
Rendered 2305/4500, time remaining: 34s
Rendered 2306/4500, time remaining: 35s
Rendered 2307/4500, time remaining: 35s
Rendered 2308/4500, time remaining: 34s
Rendered 2309/4500, time remaining: 34s
Rendered 2310/4500, time remaining: 34s
Rendered 2310/4500, time remaining: 34s
Rendered 2311/4500, time remaining: 35s
Rendered 2312/4500, time remaining: 35s
Rendered 2313/4500, time remaining: 35s
Rendered 2314/4500, time remaining: 35s
Rendered 2315/4500, time remaining: 35s
Rendered 2316/4500, time remaining: 35s
Rendered 2317/4500, time remaining: 35s
Rendered 2318/4500, time remaining: 35s
Rendered 2319/4500, time remaining: 35s
Rendered 2320/4500, time remaining: 35s
Rendered 2321/4500, time remaining: 35s
Rendered 2322/4500, time remaining: 36s
Rendered 2323/4500, time remaining: 36s
Rendered 2324/4500, time remaining: 36s
Rendered 2325/4500, time remaining: 36s
Rendered 2326/4500, time remaining: 36s
Rendered 2327/4500, time remaining: 36s
Rendered 2328/4500, time remaining: 36s
Rendered 2329/4500, time remaining: 36s
Rendered 2330/4500, time remaining: 38s
Rendered 2331/4500, time remaining: 38s
Rendered 2332/4500, time remaining: 38s
Rendered 2333/4500, time remaining: 36s
Rendered 2334/4500, time remaining: 36s
Rendered 2335/4500, time remaining: 36s
Rendered 2335/4500, time remaining: 36s
Rendered 2336/4500, time remaining: 39s
Rendered 2337/4500, time remaining: 40s
Rendered 2338/4500, time remaining: 40s
Rendered 2339/4500, time remaining: 39s
Rendered 2340/4500, time remaining: 40s
Rendered 2341/4500, time remaining: 39s
Rendered 2342/4500, time remaining: 40s
Rendered 2343/4500, time remaining: 40s
Rendered 2344/4500, time remaining: 40s
Rendered 2345/4500, time remaining: 40s
Rendered 2346/4500, time remaining: 40s
Rendered 2347/4500, time remaining: 40s
Rendered 2348/4500, time remaining: 40s
Rendered 2349/4500, time remaining: 40s
Rendered 2350/4500, time remaining: 40s
Rendered 2351/4500, time remaining: 40s
Rendered 2351/4500, time remaining: 40s
Rendered 2352/4500, time remaining: 40s
Rendered 2353/4500, time remaining: 40s
Rendered 2354/4500, time remaining: 40s
Rendered 2355/4500, time remaining: 40s
Rendered 2356/4500, time remaining: 40s
Rendered 2357/4500, time remaining: 40s
Rendered 2358/4500, time remaining: 40s
Rendered 2359/4500, time remaining: 40s
Rendered 2360/4500, time remaining: 40s
Rendered 2361/4500, time remaining: 40s
Rendered 2362/4500, time remaining: 40s
Rendered 2363/4500, time remaining: 40s
Rendered 2364/4500, time remaining: 40s
Rendered 2365/4500, time remaining: 40s
Rendered 2366/4500, time remaining: 40s
Rendered 2367/4500, time remaining: 40s
Rendered 2368/4500, time remaining: 40s
Rendered 2369/4500, time remaining: 40s
Rendered 2370/4500, time remaining: 40s
Rendered 2371/4500, time remaining: 40s
Rendered 2372/4500, time remaining: 40s
Rendered 2373/4500, time remaining: 40s
Rendered 2374/4500, time remaining: 40s
Rendered 2375/4500, time remaining: 40s
Rendered 2376/4500, time remaining: 40s
Rendered 2377/4500, time remaining: 40s
Rendered 2378/4500, time remaining: 40s
Rendered 2379/4500, time remaining: 40s
Rendered 2380/4500, time remaining: 40s
Rendered 2381/4500, time remaining: 39s
Rendered 2382/4500, time remaining: 40s
Rendered 2383/4500, time remaining: 40s
Rendered 2384/4500, time remaining: 40s
Rendered 2385/4500, time remaining: 40s
Rendered 2386/4500, time remaining: 39s
Rendered 2387/4500, time remaining: 39s
Rendered 2387/4500, time remaining: 39s
Rendered 2388/4500, time remaining: 40s
Rendered 2389/4500, time remaining: 39s
Rendered 2390/4500, time remaining: 39s
Rendered 2391/4500, time remaining: 39s
Rendered 2392/4500, time remaining: 38s
Rendered 2393/4500, time remaining: 40s
Rendered 2394/4500, time remaining: 39s
Rendered 2395/4500, time remaining: 39s
Rendered 2396/4500, time remaining: 39s
Rendered 2397/4500, time remaining: 39s
Rendered 2398/4500, time remaining: 39s
Rendered 2399/4500, time remaining: 39s
Rendered 2400/4500, time remaining: 39s
Rendered 2401/4500, time remaining: 40s
Rendered 2402/4500, time remaining: 39s
Rendered 2403/4500, time remaining: 39s
Rendered 2404/4500, time remaining: 37s
Rendered 2405/4500, time remaining: 37s
Rendered 2406/4500, time remaining: 37s
Rendered 2407/4500, time remaining: 37s
Rendered 2408/4500, time remaining: 38s
Rendered 2409/4500, time remaining: 38s
Rendered 2410/4500, time remaining: 38s
Rendered 2411/4500, time remaining: 38s
Rendered 2412/4500, time remaining: 38s
Rendered 2413/4500, time remaining: 38s
Rendered 2414/4500, time remaining: 38s
Rendered 2415/4500, time remaining: 38s
Rendered 2415/4500, time remaining: 38s
Rendered 2416/4500, time remaining: 37s
Rendered 2417/4500, time remaining: 37s
Rendered 2418/4500, time remaining: 37s
Rendered 2419/4500, time remaining: 37s
Rendered 2420/4500, time remaining: 38s
Rendered 2421/4500, time remaining: 37s
Rendered 2422/4500, time remaining: 37s
Rendered 2423/4500, time remaining: 37s
Rendered 2424/4500, time remaining: 37s
Rendered 2425/4500, time remaining: 37s
Rendered 2426/4500, time remaining: 36s
Rendered 2427/4500, time remaining: 36s
Rendered 2428/4500, time remaining: 37s
Rendered 2429/4500, time remaining: 37s
Rendered 2430/4500, time remaining: 37s
Rendered 2431/4500, time remaining: 37s
Rendered 2432/4500, time remaining: 37s
Rendered 2433/4500, time remaining: 37s
Rendered 2434/4500, time remaining: 37s
Rendered 2435/4500, time remaining: 37s
Rendered 2436/4500, time remaining: 36s
Rendered 2437/4500, time remaining: 37s
Rendered 2438/4500, time remaining: 36s
Rendered 2439/4500, time remaining: 37s
Rendered 2440/4500, time remaining: 37s
Rendered 2441/4500, time remaining: 37s
Rendered 2442/4500, time remaining: 37s
Rendered 2443/4500, time remaining: 37s
Rendered 2444/4500, time remaining: 37s
Rendered 2445/4500, time remaining: 37s
Rendered 2446/4500, time remaining: 37s
Rendered 2447/4500, time remaining: 37s
Rendered 2448/4500, time remaining: 37s
Rendered 2449/4500, time remaining: 37s
Rendered 2450/4500, time remaining: 36s
Rendered 2450/4500, time remaining: 36s
Rendered 2451/4500, time remaining: 36s
Rendered 2452/4500, time remaining: 36s
Rendered 2453/4500, time remaining: 36s
Rendered 2454/4500, time remaining: 36s
Rendered 2455/4500, time remaining: 36s
Rendered 2456/4500, time remaining: 35s
Rendered 2457/4500, time remaining: 35s
Rendered 2458/4500, time remaining: 35s
Rendered 2459/4500, time remaining: 35s
Rendered 2460/4500, time remaining: 35s
Rendered 2461/4500, time remaining: 35s
Rendered 2462/4500, time remaining: 34s
Rendered 2463/4500, time remaining: 34s
Rendered 2464/4500, time remaining: 35s
Rendered 2465/4500, time remaining: 35s
Rendered 2466/4500, time remaining: 35s
Rendered 2467/4500, time remaining: 34s
Rendered 2468/4500, time remaining: 35s
Rendered 2469/4500, time remaining: 34s
Rendered 2470/4500, time remaining: 34s
Rendered 2471/4500, time remaining: 34s
Rendered 2472/4500, time remaining: 34s
Rendered 2473/4500, time remaining: 34s
Rendered 2474/4500, time remaining: 34s
Rendered 2475/4500, time remaining: 34s
Rendered 2476/4500, time remaining: 34s
Rendered 2477/4500, time remaining: 34s
Rendered 2478/4500, time remaining: 34s
Rendered 2479/4500, time remaining: 33s
Rendered 2480/4500, time remaining: 31s
Rendered 2481/4500, time remaining: 31s
Rendered 2482/4500, time remaining: 32s
Rendered 2483/4500, time remaining: 32s
Rendered 2484/4500, time remaining: 32s
Rendered 2485/4500, time remaining: 33s
Rendered 2486/4500, time remaining: 31s
Rendered 2487/4500, time remaining: 31s
Rendered 2488/4500, time remaining: 30s
Rendered 2489/4500, time remaining: 30s
Rendered 2489/4500, time remaining: 30s
Rendered 2490/4500, time remaining: 30s
Rendered 2491/4500, time remaining: 30s
Rendered 2492/4500, time remaining: 30s
Rendered 2493/4500, time remaining: 29s
Rendered 2494/4500, time remaining: 29s
Rendered 2495/4500, time remaining: 30s
Rendered 2496/4500, time remaining: 29s
Rendered 2497/4500, time remaining: 29s
Rendered 2498/4500, time remaining: 29s
Rendered 2499/4500, time remaining: 29s
Rendered 2500/4500, time remaining: 29s
Rendered 2501/4500, time remaining: 29s
Rendered 2502/4500, time remaining: 29s
Rendered 2503/4500, time remaining: 30s
Rendered 2504/4500, time remaining: 29s
Rendered 2505/4500, time remaining: 29s
Rendered 2506/4500, time remaining: 29s
Rendered 2507/4500, time remaining: 29s
Rendered 2508/4500, time remaining: 29s
Rendered 2509/4500, time remaining: 30s
Rendered 2510/4500, time remaining: 30s
Rendered 2511/4500, time remaining: 29s
Rendered 2511/4500, time remaining: 29s
Rendered 2512/4500, time remaining: 31s
Rendered 2513/4500, time remaining: 31s
Rendered 2514/4500, time remaining: 31s
Rendered 2515/4500, time remaining: 31s
Rendered 2516/4500, time remaining: 31s
Rendered 2517/4500, time remaining: 31s
Rendered 2518/4500, time remaining: 31s
Rendered 2519/4500, time remaining: 31s
Rendered 2520/4500, time remaining: 31s
Rendered 2521/4500, time remaining: 31s
Rendered 2522/4500, time remaining: 31s
Rendered 2523/4500, time remaining: 31s
Rendered 2524/4500, time remaining: 31s
Rendered 2525/4500, time remaining: 31s
Rendered 2526/4500, time remaining: 31s
Rendered 2527/4500, time remaining: 31s
Rendered 2528/4500, time remaining: 31s
Rendered 2529/4500, time remaining: 31s
Rendered 2530/4500, time remaining: 32s
Rendered 2531/4500, time remaining: 32s
Rendered 2532/4500, time remaining: 31s
Rendered 2533/4500, time remaining: 32s
Rendered 2534/4500, time remaining: 32s
Rendered 2535/4500, time remaining: 32s
Rendered 2536/4500, time remaining: 32s
Rendered 2537/4500, time remaining: 32s
Rendered 2538/4500, time remaining: 32s
Rendered 2538/4500, time remaining: 32s
Rendered 2539/4500, time remaining: 32s
Rendered 2540/4500, time remaining: 33s
Rendered 2541/4500, time remaining: 33s
Rendered 2542/4500, time remaining: 33s
Rendered 2543/4500, time remaining: 32s
Rendered 2544/4500, time remaining: 32s
Rendered 2545/4500, time remaining: 33s
Rendered 2546/4500, time remaining: 33s
Rendered 2547/4500, time remaining: 32s
Rendered 2548/4500, time remaining: 32s
Rendered 2549/4500, time remaining: 32s
Rendered 2550/4500, time remaining: 32s
Rendered 2551/4500, time remaining: 32s
Rendered 2552/4500, time remaining: 32s
Rendered 2553/4500, time remaining: 32s
Rendered 2554/4500, time remaining: 32s
Rendered 2555/4500, time remaining: 32s
Rendered 2556/4500, time remaining: 32s
Rendered 2557/4500, time remaining: 32s
Rendered 2558/4500, time remaining: 32s
Rendered 2559/4500, time remaining: 31s
Rendered 2560/4500, time remaining: 31s
Rendered 2561/4500, time remaining: 31s
Rendered 2562/4500, time remaining: 31s
Rendered 2563/4500, time remaining: 31s
Rendered 2564/4500, time remaining: 31s
Rendered 2565/4500, time remaining: 31s
Rendered 2566/4500, time remaining: 31s
Rendered 2567/4500, time remaining: 32s
Rendered 2568/4500, time remaining: 32s
Rendered 2569/4500, time remaining: 31s
Rendered 2569/4500, time remaining: 31s
Rendered 2570/4500, time remaining: 31s
Rendered 2571/4500, time remaining: 31s
Rendered 2572/4500, time remaining: 31s
Rendered 2573/4500, time remaining: 31s
Rendered 2574/4500, time remaining: 31s
Rendered 2575/4500, time remaining: 31s
Rendered 2576/4500, time remaining: 31s
Rendered 2577/4500, time remaining: 31s
Rendered 2578/4500, time remaining: 31s
Rendered 2579/4500, time remaining: 31s
Rendered 2580/4500, time remaining: 31s
Rendered 2581/4500, time remaining: 31s
Rendered 2582/4500, time remaining: 31s
Rendered 2583/4500, time remaining: 31s
Rendered 2584/4500, time remaining: 31s
Rendered 2585/4500, time remaining: 31s
Rendered 2586/4500, time remaining: 31s
Rendered 2587/4500, time remaining: 31s
Rendered 2588/4500, time remaining: 31s
Rendered 2589/4500, time remaining: 31s
Rendered 2590/4500, time remaining: 31s
Rendered 2591/4500, time remaining: 31s
Rendered 2592/4500, time remaining: 31s
Rendered 2593/4500, time remaining: 31s
Rendered 2594/4500, time remaining: 31s
Rendered 2595/4500, time remaining: 31s
Rendered 2596/4500, time remaining: 31s
Rendered 2597/4500, time remaining: 30s
Rendered 2598/4500, time remaining: 31s
Rendered 2599/4500, time remaining: 31s
Rendered 2600/4500, time remaining: 31s
Rendered 2601/4500, time remaining: 31s
Rendered 2602/4500, time remaining: 31s
Rendered 2602/4500, time remaining: 31s
Rendered 2603/4500, time remaining: 31s
Rendered 2604/4500, time remaining: 31s
Rendered 2605/4500, time remaining: 31s
Rendered 2606/4500, time remaining: 31s
Rendered 2607/4500, time remaining: 32s
Rendered 2608/4500, time remaining: 32s
Rendered 2609/4500, time remaining: 32s
Rendered 2610/4500, time remaining: 32s
Rendered 2611/4500, time remaining: 31s
Rendered 2612/4500, time remaining: 31s
Rendered 2613/4500, time remaining: 31s
Rendered 2614/4500, time remaining: 31s
Rendered 2615/4500, time remaining: 31s
Rendered 2616/4500, time remaining: 31s
Rendered 2617/4500, time remaining: 31s
Rendered 2618/4500, time remaining: 31s
Rendered 2619/4500, time remaining: 31s
Rendered 2620/4500, time remaining: 31s
Rendered 2621/4500, time remaining: 31s
Rendered 2622/4500, time remaining: 31s
Rendered 2623/4500, time remaining: 31s
Rendered 2624/4500, time remaining: 31s
Rendered 2625/4500, time remaining: 31s
Rendered 2626/4500, time remaining: 31s
Rendered 2627/4500, time remaining: 32s
Rendered 2628/4500, time remaining: 31s
Rendered 2629/4500, time remaining: 31s
Rendered 2630/4500, time remaining: 31s
Rendered 2631/4500, time remaining: 31s
Rendered 2632/4500, time remaining: 31s
Rendered 2633/4500, time remaining: 31s
Rendered 2634/4500, time remaining: 31s
Rendered 2635/4500, time remaining: 31s
Rendered 2636/4500, time remaining: 30s
Rendered 2637/4500, time remaining: 30s
Rendered 2638/4500, time remaining: 30s
Rendered 2639/4500, time remaining: 30s
Rendered 2640/4500, time remaining: 30s
Rendered 2641/4500, time remaining: 30s
Rendered 2641/4500, time remaining: 30s
Rendered 2642/4500, time remaining: 30s
Rendered 2643/4500, time remaining: 30s
Rendered 2644/4500, time remaining: 30s
Rendered 2645/4500, time remaining: 30s
Rendered 2646/4500, time remaining: 30s
Rendered 2647/4500, time remaining: 30s
Rendered 2648/4500, time remaining: 29s
Rendered 2649/4500, time remaining: 29s
Rendered 2650/4500, time remaining: 30s
Rendered 2651/4500, time remaining: 29s
Rendered 2652/4500, time remaining: 29s
Rendered 2653/4500, time remaining: 29s
Rendered 2654/4500, time remaining: 29s
Rendered 2655/4500, time remaining: 29s
Rendered 2656/4500, time remaining: 29s
Rendered 2657/4500, time remaining: 29s
Rendered 2658/4500, time remaining: 29s
Rendered 2659/4500, time remaining: 28s
Rendered 2660/4500, time remaining: 28s
Rendered 2661/4500, time remaining: 28s
Rendered 2662/4500, time remaining: 26s
Rendered 2663/4500, time remaining: 26s
Rendered 2664/4500, time remaining: 27s
Rendered 2665/4500, time remaining: 27s
Rendered 2666/4500, time remaining: 27s
Rendered 2667/4500, time remaining: 27s
Rendered 2668/4500, time remaining: 27s
Rendered 2669/4500, time remaining: 27s
Rendered 2670/4500, time remaining: 26s
Rendered 2671/4500, time remaining: 26s
Rendered 2672/4500, time remaining: 26s
Rendered 2673/4500, time remaining: 26s
Rendered 2674/4500, time remaining: 26s
Rendered 2675/4500, time remaining: 26s
Rendered 2676/4500, time remaining: 26s
Rendered 2677/4500, time remaining: 26s
Rendered 2678/4500, time remaining: 26s
Rendered 2679/4500, time remaining: 26s
Rendered 2680/4500, time remaining: 26s
Rendered 2681/4500, time remaining: 26s
Rendered 2682/4500, time remaining: 26s
Rendered 2683/4500, time remaining: 26s
Rendered 2684/4500, time remaining: 26s
Rendered 2685/4500, time remaining: 25s
Rendered 2686/4500, time remaining: 25s
Rendered 2686/4500, time remaining: 25s
Rendered 2687/4500, time remaining: 25s
Rendered 2688/4500, time remaining: 25s
Rendered 2689/4500, time remaining: 25s
Rendered 2690/4500, time remaining: 24s
Rendered 2691/4500, time remaining: 24s
Rendered 2692/4500, time remaining: 24s
Rendered 2693/4500, time remaining: 24s
Rendered 2694/4500, time remaining: 24s
Rendered 2695/4500, time remaining: 23s
Rendered 2696/4500, time remaining: 23s
Rendered 2697/4500, time remaining: 23s
Rendered 2698/4500, time remaining: 23s
Rendered 2699/4500, time remaining: 23s
Rendered 2700/4500, time remaining: 24s
Rendered 2701/4500, time remaining: 23s
Rendered 2702/4500, time remaining: 23s
Rendered 2703/4500, time remaining: 23s
Rendered 2704/4500, time remaining: 23s
Rendered 2705/4500, time remaining: 23s
Rendered 2706/4500, time remaining: 23s
Rendered 2707/4500, time remaining: 23s
Rendered 2708/4500, time remaining: 23s
Rendered 2709/4500, time remaining: 23s
Rendered 2710/4500, time remaining: 23s
Rendered 2711/4500, time remaining: 23s
Rendered 2712/4500, time remaining: 22s
Rendered 2713/4500, time remaining: 23s
Rendered 2714/4500, time remaining: 22s
Rendered 2715/4500, time remaining: 22s
Rendered 2716/4500, time remaining: 22s
Rendered 2717/4500, time remaining: 22s
Rendered 2718/4500, time remaining: 22s
Rendered 2719/4500, time remaining: 22s
Rendered 2720/4500, time remaining: 21s
Rendered 2721/4500, time remaining: 22s
Rendered 2722/4500, time remaining: 22s
Rendered 2723/4500, time remaining: 22s
Rendered 2724/4500, time remaining: 22s
Rendered 2725/4500, time remaining: 21s
Rendered 2726/4500, time remaining: 21s
Rendered 2727/4500, time remaining: 21s
Rendered 2728/4500, time remaining: 21s
Rendered 2729/4500, time remaining: 21s
Rendered 2729/4500, time remaining: 21s
Rendered 2730/4500, time remaining: 21s
Rendered 2731/4500, time remaining: 21s
Rendered 2732/4500, time remaining: 21s
Rendered 2733/4500, time remaining: 21s
Rendered 2734/4500, time remaining: 21s
Rendered 2735/4500, time remaining: 21s
Rendered 2736/4500, time remaining: 21s
Rendered 2737/4500, time remaining: 21s
Rendered 2738/4500, time remaining: 21s
Rendered 2739/4500, time remaining: 20s
Rendered 2740/4500, time remaining: 20s
Rendered 2741/4500, time remaining: 20s
Rendered 2742/4500, time remaining: 20s
Rendered 2743/4500, time remaining: 20s
Rendered 2744/4500, time remaining: 20s
Rendered 2745/4500, time remaining: 20s
Rendered 2746/4500, time remaining: 20s
Rendered 2747/4500, time remaining: 20s
Rendered 2748/4500, time remaining: 20s
Rendered 2749/4500, time remaining: 20s
Rendered 2750/4500, time remaining: 20s
Rendered 2751/4500, time remaining: 20s
Rendered 2752/4500, time remaining: 20s
Rendered 2753/4500, time remaining: 20s
Rendered 2754/4500, time remaining: 20s
Rendered 2755/4500, time remaining: 20s
Rendered 2756/4500, time remaining: 20s
Rendered 2757/4500, time remaining: 19s
Rendered 2758/4500, time remaining: 19s
Rendered 2759/4500, time remaining: 19s
Rendered 2760/4500, time remaining: 19s
Rendered 2761/4500, time remaining: 20s
Rendered 2762/4500, time remaining: 20s
Rendered 2763/4500, time remaining: 19s
Rendered 2764/4500, time remaining: 19s
Rendered 2765/4500, time remaining: 19s
Rendered 2766/4500, time remaining: 19s
Rendered 2767/4500, time remaining: 19s
Rendered 2768/4500, time remaining: 19s
Rendered 2769/4500, time remaining: 19s
Rendered 2770/4500, time remaining: 19s
Rendered 2771/4500, time remaining: 19s
Rendered 2772/4500, time remaining: 19s
Rendered 2773/4500, time remaining: 19s
Rendered 2774/4500, time remaining: 19s
Rendered 2775/4500, time remaining: 19s
Rendered 2776/4500, time remaining: 19s
Rendered 2776/4500, time remaining: 19s
Rendered 2777/4500, time remaining: 19s
Rendered 2778/4500, time remaining: 19s
Rendered 2779/4500, time remaining: 19s
Rendered 2780/4500, time remaining: 19s
Rendered 2781/4500, time remaining: 19s
Rendered 2782/4500, time remaining: 19s
Rendered 2783/4500, time remaining: 19s
Rendered 2784/4500, time remaining: 19s
Rendered 2785/4500, time remaining: 18s
Rendered 2786/4500, time remaining: 18s
Rendered 2787/4500, time remaining: 19s
Rendered 2788/4500, time remaining: 19s
Rendered 2789/4500, time remaining: 19s
Rendered 2790/4500, time remaining: 19s
Rendered 2791/4500, time remaining: 19s
Rendered 2792/4500, time remaining: 18s
Rendered 2793/4500, time remaining: 19s
Rendered 2794/4500, time remaining: 18s
Rendered 2795/4500, time remaining: 19s
Rendered 2796/4500, time remaining: 19s
Rendered 2797/4500, time remaining: 19s
Rendered 2798/4500, time remaining: 19s
Rendered 2799/4500, time remaining: 19s
Rendered 2800/4500, time remaining: 18s
Rendered 2801/4500, time remaining: 19s
Rendered 2802/4500, time remaining: 19s
Rendered 2803/4500, time remaining: 19s
Rendered 2804/4500, time remaining: 19s
Rendered 2805/4500, time remaining: 18s
Rendered 2806/4500, time remaining: 19s
Rendered 2807/4500, time remaining: 19s
Rendered 2808/4500, time remaining: 19s
Rendered 2809/4500, time remaining: 19s
Rendered 2810/4500, time remaining: 19s
Rendered 2810/4500, time remaining: 19s
Rendered 2811/4500, time remaining: 22s
Rendered 2812/4500, time remaining: 21s
Rendered 2813/4500, time remaining: 21s
Rendered 2814/4500, time remaining: 21s
Rendered 2815/4500, time remaining: 21s
Rendered 2816/4500, time remaining: 22s
Rendered 2817/4500, time remaining: 22s
Rendered 2818/4500, time remaining: 22s
Rendered 2819/4500, time remaining: 21s
Rendered 2820/4500, time remaining: 21s
Rendered 2821/4500, time remaining: 21s
Rendered 2822/4500, time remaining: 22s
Rendered 2823/4500, time remaining: 22s
Rendered 2824/4500, time remaining: 22s
Rendered 2825/4500, time remaining: 22s
Rendered 2826/4500, time remaining: 22s
Rendered 2826/4500, time remaining: 22s
Rendered 2827/4500, time remaining: 25s
Rendered 2828/4500, time remaining: 25s
Rendered 2829/4500, time remaining: 26s
Rendered 2830/4500, time remaining: 25s
Rendered 2831/4500, time remaining: 25s
Rendered 2832/4500, time remaining: 25s
Rendered 2833/4500, time remaining: 25s
Rendered 2834/4500, time remaining: 26s
Rendered 2835/4500, time remaining: 26s
Rendered 2836/4500, time remaining: 26s
Rendered 2837/4500, time remaining: 27s
Rendered 2838/4500, time remaining: 27s
Rendered 2839/4500, time remaining: 27s
Rendered 2840/4500, time remaining: 27s
Rendered 2841/4500, time remaining: 27s
Rendered 2842/4500, time remaining: 27s
Rendered 2843/4500, time remaining: 27s
Rendered 2843/4500, time remaining: 27s
Rendered 2844/4500, time remaining: 27s
Rendered 2845/4500, time remaining: 29s
Rendered 2846/4500, time remaining: 29s
Rendered 2847/4500, time remaining: 29s
Rendered 2848/4500, time remaining: 29s
Rendered 2849/4500, time remaining: 29s
Rendered 2850/4500, time remaining: 29s
Rendered 2851/4500, time remaining: 29s
Rendered 2852/4500, time remaining: 29s
Rendered 2853/4500, time remaining: 31s
Rendered 2854/4500, time remaining: 31s
Rendered 2855/4500, time remaining: 31s
Rendered 2856/4500, time remaining: 31s
Rendered 2856/4500, time remaining: 31s
Rendered 2857/4500, time remaining: 31s
Rendered 2858/4500, time remaining: 31s
Rendered 2859/4500, time remaining: 31s
Rendered 2860/4500, time remaining: 31s
Rendered 2861/4500, time remaining: 31s
Rendered 2862/4500, time remaining: 31s
Rendered 2863/4500, time remaining: 31s
Rendered 2864/4500, time remaining: 31s
Rendered 2865/4500, time remaining: 31s
Rendered 2866/4500, time remaining: 31s
Rendered 2867/4500, time remaining: 31s
Rendered 2868/4500, time remaining: 31s
Rendered 2869/4500, time remaining: 31s
Rendered 2870/4500, time remaining: 31s
Rendered 2871/4500, time remaining: 31s
Rendered 2872/4500, time remaining: 31s
Rendered 2873/4500, time remaining: 31s
Rendered 2874/4500, time remaining: 31s
Rendered 2875/4500, time remaining: 31s
Rendered 2876/4500, time remaining: 31s
Rendered 2877/4500, time remaining: 30s
Rendered 2878/4500, time remaining: 31s
Rendered 2879/4500, time remaining: 31s
Rendered 2880/4500, time remaining: 30s
Rendered 2881/4500, time remaining: 30s
Rendered 2882/4500, time remaining: 30s
Rendered 2883/4500, time remaining: 30s
Rendered 2884/4500, time remaining: 30s
Rendered 2885/4500, time remaining: 30s
Rendered 2886/4500, time remaining: 30s
Rendered 2887/4500, time remaining: 30s
Rendered 2888/4500, time remaining: 30s
Rendered 2889/4500, time remaining: 30s
Rendered 2890/4500, time remaining: 30s
Rendered 2891/4500, time remaining: 30s
Rendered 2892/4500, time remaining: 30s
Rendered 2893/4500, time remaining: 30s
Rendered 2894/4500, time remaining: 30s
Rendered 2895/4500, time remaining: 30s
Rendered 2896/4500, time remaining: 30s
Rendered 2897/4500, time remaining: 30s
Rendered 2898/4500, time remaining: 30s
Rendered 2898/4500, time remaining: 30s
Rendered 2899/4500, time remaining: 30s
Rendered 2900/4500, time remaining: 30s
Rendered 2901/4500, time remaining: 30s
Rendered 2902/4500, time remaining: 30s
Rendered 2903/4500, time remaining: 30s
Rendered 2904/4500, time remaining: 30s
Rendered 2905/4500, time remaining: 30s
Rendered 2906/4500, time remaining: 30s
Rendered 2907/4500, time remaining: 30s
Rendered 2908/4500, time remaining: 30s
Rendered 2909/4500, time remaining: 30s
Rendered 2910/4500, time remaining: 30s
Rendered 2911/4500, time remaining: 31s
Rendered 2912/4500, time remaining: 30s
Rendered 2913/4500, time remaining: 30s
Rendered 2914/4500, time remaining: 30s
Rendered 2915/4500, time remaining: 30s
Rendered 2916/4500, time remaining: 31s
Rendered 2917/4500, time remaining: 31s
Rendered 2918/4500, time remaining: 31s
Rendered 2919/4500, time remaining: 30s
Rendered 2920/4500, time remaining: 30s
Rendered 2921/4500, time remaining: 30s
Rendered 2922/4500, time remaining: 30s
Rendered 2923/4500, time remaining: 30s
Rendered 2924/4500, time remaining: 30s
Rendered 2925/4500, time remaining: 30s
Rendered 2926/4500, time remaining: 31s
Rendered 2927/4500, time remaining: 31s
Rendered 2928/4500, time remaining: 31s
Rendered 2929/4500, time remaining: 30s
Rendered 2930/4500, time remaining: 30s
Rendered 2931/4500, time remaining: 30s
Rendered 2932/4500, time remaining: 30s
Rendered 2933/4500, time remaining: 30s
Rendered 2934/4500, time remaining: 30s
Rendered 2934/4500, time remaining: 30s
Rendered 2935/4500, time remaining: 30s
Rendered 2936/4500, time remaining: 30s
Rendered 2937/4500, time remaining: 30s
Rendered 2938/4500, time remaining: 31s
Rendered 2939/4500, time remaining: 31s
Rendered 2940/4500, time remaining: 31s
Rendered 2941/4500, time remaining: 31s
Rendered 2942/4500, time remaining: 31s
Rendered 2943/4500, time remaining: 31s
Rendered 2944/4500, time remaining: 31s
Rendered 2945/4500, time remaining: 31s
Rendered 2946/4500, time remaining: 31s
Rendered 2947/4500, time remaining: 30s
Rendered 2948/4500, time remaining: 30s
Rendered 2949/4500, time remaining: 30s
Rendered 2950/4500, time remaining: 30s
Rendered 2951/4500, time remaining: 30s
Rendered 2952/4500, time remaining: 31s
Rendered 2953/4500, time remaining: 31s
Rendered 2954/4500, time remaining: 30s
Rendered 2955/4500, time remaining: 30s
Rendered 2956/4500, time remaining: 30s
Rendered 2957/4500, time remaining: 30s
Rendered 2958/4500, time remaining: 30s
Rendered 2959/4500, time remaining: 30s
Rendered 2960/4500, time remaining: 30s
Rendered 2961/4500, time remaining: 28s
Rendered 2962/4500, time remaining: 28s
Rendered 2963/4500, time remaining: 28s
Rendered 2964/4500, time remaining: 28s
Rendered 2965/4500, time remaining: 28s
Rendered 2966/4500, time remaining: 27s
Rendered 2967/4500, time remaining: 27s
Rendered 2968/4500, time remaining: 27s
Rendered 2969/4500, time remaining: 27s
Rendered 2970/4500, time remaining: 27s
Rendered 2971/4500, time remaining: 27s
Rendered 2972/4500, time remaining: 27s
Rendered 2973/4500, time remaining: 27s
Rendered 2974/4500, time remaining: 27s
Rendered 2974/4500, time remaining: 27s
Rendered 2975/4500, time remaining: 27s
Rendered 2976/4500, time remaining: 27s
Rendered 2977/4500, time remaining: 24s
Rendered 2978/4500, time remaining: 24s
Rendered 2979/4500, time remaining: 24s
Rendered 2980/4500, time remaining: 24s
Rendered 2981/4500, time remaining: 24s
Rendered 2982/4500, time remaining: 24s
Rendered 2983/4500, time remaining: 24s
Rendered 2984/4500, time remaining: 24s
Rendered 2985/4500, time remaining: 24s
Rendered 2986/4500, time remaining: 24s
Rendered 2987/4500, time remaining: 23s
Rendered 2988/4500, time remaining: 23s
Rendered 2989/4500, time remaining: 24s
Rendered 2990/4500, time remaining: 24s
Rendered 2991/4500, time remaining: 24s
Rendered 2992/4500, time remaining: 24s
Rendered 2993/4500, time remaining: 24s
Rendered 2994/4500, time remaining: 23s
Rendered 2995/4500, time remaining: 22s
Rendered 2996/4500, time remaining: 22s
Rendered 2997/4500, time remaining: 22s
Rendered 2998/4500, time remaining: 22s
Rendered 2999/4500, time remaining: 23s
Rendered 3000/4500, time remaining: 22s
Rendered 3001/4500, time remaining: 22s
Rendered 3001/4500, time remaining: 22s
Rendered 3002/4500, time remaining: 22s
Rendered 3003/4500, time remaining: 21s
Rendered 3004/4500, time remaining: 21s
Rendered 3005/4500, time remaining: 21s
Rendered 3006/4500, time remaining: 21s
Rendered 3007/4500, time remaining: 21s
Rendered 3008/4500, time remaining: 21s
Rendered 3009/4500, time remaining: 21s
Rendered 3010/4500, time remaining: 21s
Rendered 3011/4500, time remaining: 21s
Rendered 3012/4500, time remaining: 21s
Rendered 3013/4500, time remaining: 21s
Rendered 3014/4500, time remaining: 21s
Rendered 3015/4500, time remaining: 21s
Rendered 3016/4500, time remaining: 21s
Rendered 3017/4500, time remaining: 21s
Rendered 3018/4500, time remaining: 21s
Rendered 3019/4500, time remaining: 21s
Rendered 3020/4500, time remaining: 23s
Rendered 3020/4500, time remaining: 23s
Rendered 3021/4500, time remaining: 23s
Rendered 3022/4500, time remaining: 22s
Rendered 3023/4500, time remaining: 22s
Rendered 3024/4500, time remaining: 22s
Rendered 3025/4500, time remaining: 22s
Rendered 3026/4500, time remaining: 22s
Rendered 3027/4500, time remaining: 23s
Rendered 3028/4500, time remaining: 23s
Rendered 3029/4500, time remaining: 23s
Rendered 3030/4500, time remaining: 23s
Rendered 3031/4500, time remaining: 23s
Rendered 3032/4500, time remaining: 24s
Rendered 3033/4500, time remaining: 24s
Rendered 3034/4500, time remaining: 24s
Rendered 3035/4500, time remaining: 24s
Rendered 3036/4500, time remaining: 24s
Rendered 3037/4500, time remaining: 24s
Rendered 3038/4500, time remaining: 25s
Rendered 3038/4500, time remaining: 25s
Rendered 3039/4500, time remaining: 27s
Rendered 3040/4500, time remaining: 27s
Rendered 3041/4500, time remaining: 26s
Rendered 3042/4500, time remaining: 26s
Rendered 3043/4500, time remaining: 26s
Rendered 3044/4500, time remaining: 26s
Rendered 3045/4500, time remaining: 26s
Rendered 3046/4500, time remaining: 27s
Rendered 3047/4500, time remaining: 27s
Rendered 3048/4500, time remaining: 27s
Rendered 3049/4500, time remaining: 26s
Rendered 3050/4500, time remaining: 27s
Rendered 3051/4500, time remaining: 27s
Rendered 3052/4500, time remaining: 27s
Rendered 3053/4500, time remaining: 26s
Rendered 3054/4500, time remaining: 27s
Rendered 3055/4500, time remaining: 27s
Rendered 3056/4500, time remaining: 28s
Rendered 3056/4500, time remaining: 28s
Rendered 3057/4500, time remaining: 28s
Rendered 3058/4500, time remaining: 28s
Rendered 3059/4500, time remaining: 27s
Rendered 3060/4500, time remaining: 28s
Rendered 3061/4500, time remaining: 27s
Rendered 3062/4500, time remaining: 27s
Rendered 3063/4500, time remaining: 27s
Rendered 3064/4500, time remaining: 28s
Rendered 3065/4500, time remaining: 28s
Rendered 3066/4500, time remaining: 28s
Rendered 3067/4500, time remaining: 28s
Rendered 3068/4500, time remaining: 28s
Rendered 3069/4500, time remaining: 28s
Rendered 3070/4500, time remaining: 28s
Rendered 3071/4500, time remaining: 28s
Rendered 3072/4500, time remaining: 28s
Rendered 3073/4500, time remaining: 28s
Rendered 3074/4500, time remaining: 28s
Rendered 3075/4500, time remaining: 28s
Rendered 3076/4500, time remaining: 27s
Rendered 3077/4500, time remaining: 27s
Rendered 3078/4500, time remaining: 27s
Rendered 3079/4500, time remaining: 27s
Rendered 3080/4500, time remaining: 27s
Rendered 3081/4500, time remaining: 27s
Rendered 3082/4500, time remaining: 27s
Rendered 3083/4500, time remaining: 27s
Rendered 3084/4500, time remaining: 27s
Rendered 3085/4500, time remaining: 27s
Rendered 3086/4500, time remaining: 27s
Rendered 3087/4500, time remaining: 27s
Rendered 3088/4500, time remaining: 27s
Rendered 3089/4500, time remaining: 27s
Rendered 3090/4500, time remaining: 27s
Rendered 3091/4500, time remaining: 27s
Rendered 3092/4500, time remaining: 27s
Rendered 3093/4500, time remaining: 27s
Rendered 3094/4500, time remaining: 27s
Rendered 3094/4500, time remaining: 27s
Rendered 3095/4500, time remaining: 27s
Rendered 3096/4500, time remaining: 27s
Rendered 3097/4500, time remaining: 27s
Rendered 3098/4500, time remaining: 27s
Rendered 3099/4500, time remaining: 27s
Rendered 3100/4500, time remaining: 27s
Rendered 3101/4500, time remaining: 27s
Rendered 3102/4500, time remaining: 27s
Rendered 3103/4500, time remaining: 27s
Rendered 3104/4500, time remaining: 27s
Rendered 3105/4500, time remaining: 27s
Rendered 3106/4500, time remaining: 27s
Rendered 3107/4500, time remaining: 27s
Rendered 3108/4500, time remaining: 27s
Rendered 3109/4500, time remaining: 27s
Rendered 3110/4500, time remaining: 27s
Rendered 3111/4500, time remaining: 27s
Rendered 3112/4500, time remaining: 27s
Rendered 3113/4500, time remaining: 27s
Rendered 3114/4500, time remaining: 27s
Rendered 3115/4500, time remaining: 27s
Rendered 3116/4500, time remaining: 27s
Rendered 3117/4500, time remaining: 27s
Rendered 3118/4500, time remaining: 27s
Rendered 3119/4500, time remaining: 27s
Rendered 3120/4500, time remaining: 27s
Rendered 3121/4500, time remaining: 27s
Rendered 3122/4500, time remaining: 27s
Rendered 3123/4500, time remaining: 27s
Rendered 3124/4500, time remaining: 27s
Rendered 3125/4500, time remaining: 27s
Rendered 3126/4500, time remaining: 27s
Rendered 3127/4500, time remaining: 27s
Rendered 3128/4500, time remaining: 27s
Rendered 3129/4500, time remaining: 27s
Rendered 3130/4500, time remaining: 27s
Rendered 3130/4500, time remaining: 27s
Rendered 3131/4500, time remaining: 27s
Rendered 3132/4500, time remaining: 27s
Rendered 3133/4500, time remaining: 27s
Rendered 3134/4500, time remaining: 25s
Rendered 3135/4500, time remaining: 25s
Rendered 3136/4500, time remaining: 25s
Rendered 3137/4500, time remaining: 25s
Rendered 3138/4500, time remaining: 25s
Rendered 3139/4500, time remaining: 25s
Rendered 3140/4500, time remaining: 25s
Rendered 3141/4500, time remaining: 25s
Rendered 3142/4500, time remaining: 25s
Rendered 3143/4500, time remaining: 25s
Rendered 3144/4500, time remaining: 25s
Rendered 3145/4500, time remaining: 25s
Rendered 3146/4500, time remaining: 25s
Rendered 3147/4500, time remaining: 25s
Rendered 3148/4500, time remaining: 25s
Rendered 3149/4500, time remaining: 26s
Rendered 3150/4500, time remaining: 26s
Rendered 3151/4500, time remaining: 26s
Rendered 3152/4500, time remaining: 25s
Rendered 3153/4500, time remaining: 26s
Rendered 3154/4500, time remaining: 26s
Rendered 3155/4500, time remaining: 26s
Rendered 3156/4500, time remaining: 25s
Rendered 3156/4500, time remaining: 25s
Rendered 3157/4500, time remaining: 27s
Rendered 3158/4500, time remaining: 27s
Rendered 3159/4500, time remaining: 27s
Rendered 3160/4500, time remaining: 27s
Rendered 3161/4500, time remaining: 27s
Rendered 3162/4500, time remaining: 27s
Rendered 3163/4500, time remaining: 27s
Rendered 3164/4500, time remaining: 26s
Rendered 3165/4500, time remaining: 27s
Rendered 3166/4500, time remaining: 27s
Rendered 3167/4500, time remaining: 27s
Rendered 3168/4500, time remaining: 27s
Rendered 3169/4500, time remaining: 26s
Rendered 3170/4500, time remaining: 25s
Rendered 3171/4500, time remaining: 25s
Rendered 3172/4500, time remaining: 25s
Rendered 3173/4500, time remaining: 25s
Rendered 3174/4500, time remaining: 25s
Rendered 3175/4500, time remaining: 25s
Rendered 3176/4500, time remaining: 25s
Rendered 3177/4500, time remaining: 25s
Rendered 3178/4500, time remaining: 25s
Rendered 3179/4500, time remaining: 25s
Rendered 3180/4500, time remaining: 24s
Rendered 3180/4500, time remaining: 24s
Rendered 3181/4500, time remaining: 25s
Rendered 3182/4500, time remaining: 24s
Rendered 3183/4500, time remaining: 24s
Rendered 3184/4500, time remaining: 24s
Rendered 3185/4500, time remaining: 24s
Rendered 3186/4500, time remaining: 24s
Rendered 3187/4500, time remaining: 24s
Rendered 3188/4500, time remaining: 24s
Rendered 3189/4500, time remaining: 22s
Rendered 3190/4500, time remaining: 22s
Rendered 3191/4500, time remaining: 22s
Rendered 3192/4500, time remaining: 23s
Rendered 3193/4500, time remaining: 23s
Rendered 3194/4500, time remaining: 24s
Rendered 3195/4500, time remaining: 24s
Rendered 3196/4500, time remaining: 23s
Rendered 3197/4500, time remaining: 24s
Rendered 3198/4500, time remaining: 24s
Rendered 3199/4500, time remaining: 24s
Rendered 3200/4500, time remaining: 23s
Rendered 3201/4500, time remaining: 23s
Rendered 3201/4500, time remaining: 23s
Rendered 3202/4500, time remaining: 24s
Rendered 3203/4500, time remaining: 24s
Rendered 3204/4500, time remaining: 24s
Rendered 3205/4500, time remaining: 24s
Rendered 3206/4500, time remaining: 23s
Rendered 3207/4500, time remaining: 23s
Rendered 3208/4500, time remaining: 23s
Rendered 3209/4500, time remaining: 23s
Rendered 3210/4500, time remaining: 23s
Rendered 3211/4500, time remaining: 23s
Rendered 3212/4500, time remaining: 23s
Rendered 3213/4500, time remaining: 23s
Rendered 3214/4500, time remaining: 23s
Rendered 3215/4500, time remaining: 23s
Rendered 3216/4500, time remaining: 23s
Rendered 3217/4500, time remaining: 23s
Rendered 3218/4500, time remaining: 23s
Rendered 3219/4500, time remaining: 23s
Rendered 3220/4500, time remaining: 23s
Rendered 3221/4500, time remaining: 23s
Rendered 3222/4500, time remaining: 23s
Rendered 3223/4500, time remaining: 23s
Rendered 3224/4500, time remaining: 23s
Rendered 3225/4500, time remaining: 23s
Rendered 3226/4500, time remaining: 23s
Rendered 3226/4500, time remaining: 23s
Rendered 3227/4500, time remaining: 23s
Rendered 3228/4500, time remaining: 23s
Rendered 3229/4500, time remaining: 23s
Rendered 3230/4500, time remaining: 23s
Rendered 3231/4500, time remaining: 23s
Rendered 3232/4500, time remaining: 23s
Rendered 3233/4500, time remaining: 23s
Rendered 3234/4500, time remaining: 23s
Rendered 3235/4500, time remaining: 23s
Rendered 3236/4500, time remaining: 23s
Rendered 3237/4500, time remaining: 24s
Rendered 3238/4500, time remaining: 24s
Rendered 3239/4500, time remaining: 24s
Rendered 3240/4500, time remaining: 24s
Rendered 3241/4500, time remaining: 24s
Rendered 3242/4500, time remaining: 24s
Rendered 3242/4500, time remaining: 24s
Rendered 3243/4500, time remaining: 25s
Rendered 3244/4500, time remaining: 25s
Rendered 3245/4500, time remaining: 25s
Rendered 3246/4500, time remaining: 25s
Rendered 3247/4500, time remaining: 25s
Rendered 3248/4500, time remaining: 25s
Rendered 3249/4500, time remaining: 25s
Rendered 3250/4500, time remaining: 25s
Rendered 3251/4500, time remaining: 25s
Rendered 3252/4500, time remaining: 25s
Rendered 3253/4500, time remaining: 25s
Rendered 3254/4500, time remaining: 25s
Rendered 3255/4500, time remaining: 25s
Rendered 3256/4500, time remaining: 25s
Rendered 3257/4500, time remaining: 25s
Rendered 3258/4500, time remaining: 25s
Rendered 3259/4500, time remaining: 25s
Rendered 3260/4500, time remaining: 25s
Rendered 3261/4500, time remaining: 25s
Rendered 3262/4500, time remaining: 25s
Rendered 3263/4500, time remaining: 25s
Rendered 3264/4500, time remaining: 25s
Rendered 3265/4500, time remaining: 25s
Rendered 3266/4500, time remaining: 25s
Rendered 3267/4500, time remaining: 25s
Rendered 3268/4500, time remaining: 25s
Rendered 3269/4500, time remaining: 24s
Rendered 3270/4500, time remaining: 24s
Rendered 3271/4500, time remaining: 25s
Rendered 3272/4500, time remaining: 25s
Rendered 3273/4500, time remaining: 25s
Rendered 3274/4500, time remaining: 24s
Rendered 3275/4500, time remaining: 24s
Rendered 3276/4500, time remaining: 24s
Rendered 3277/4500, time remaining: 24s
Rendered 3278/4500, time remaining: 24s
Rendered 3279/4500, time remaining: 24s
Rendered 3279/4500, time remaining: 24s
Rendered 3280/4500, time remaining: 25s
Rendered 3281/4500, time remaining: 25s
Rendered 3282/4500, time remaining: 25s
Rendered 3283/4500, time remaining: 25s
Rendered 3284/4500, time remaining: 25s
Rendered 3285/4500, time remaining: 25s
Rendered 3286/4500, time remaining: 25s
Rendered 3287/4500, time remaining: 25s
Rendered 3288/4500, time remaining: 26s
Rendered 3289/4500, time remaining: 26s
Rendered 3290/4500, time remaining: 26s
Rendered 3291/4500, time remaining: 25s
Rendered 3292/4500, time remaining: 25s
Rendered 3293/4500, time remaining: 25s
Rendered 3294/4500, time remaining: 26s
Rendered 3295/4500, time remaining: 25s
Rendered 3296/4500, time remaining: 26s
Rendered 3297/4500, time remaining: 26s
Rendered 3298/4500, time remaining: 26s
Rendered 3299/4500, time remaining: 24s
Rendered 3300/4500, time remaining: 24s
Rendered 3301/4500, time remaining: 24s
Rendered 3301/4500, time remaining: 24s
Rendered 3302/4500, time remaining: 25s
Rendered 3303/4500, time remaining: 24s
Rendered 3304/4500, time remaining: 24s
Rendered 3305/4500, time remaining: 24s
Rendered 3306/4500, time remaining: 24s
Rendered 3307/4500, time remaining: 23s
Rendered 3308/4500, time remaining: 23s
Rendered 3309/4500, time remaining: 23s
Rendered 3310/4500, time remaining: 23s
Rendered 3311/4500, time remaining: 23s
Rendered 3312/4500, time remaining: 23s
Rendered 3313/4500, time remaining: 23s
Rendered 3314/4500, time remaining: 23s
Rendered 3315/4500, time remaining: 23s
Rendered 3316/4500, time remaining: 24s
Rendered 3317/4500, time remaining: 24s
Rendered 3318/4500, time remaining: 24s
Rendered 3319/4500, time remaining: 24s
Rendered 3320/4500, time remaining: 24s
Rendered 3321/4500, time remaining: 24s
Rendered 3322/4500, time remaining: 24s
Rendered 3323/4500, time remaining: 24s
Rendered 3324/4500, time remaining: 24s
Rendered 3325/4500, time remaining: 24s
Rendered 3326/4500, time remaining: 24s
Rendered 3327/4500, time remaining: 23s
Rendered 3328/4500, time remaining: 23s
Rendered 3329/4500, time remaining: 23s
Rendered 3329/4500, time remaining: 23s
Rendered 3330/4500, time remaining: 23s
Rendered 3331/4500, time remaining: 23s
Rendered 3332/4500, time remaining: 23s
Rendered 3333/4500, time remaining: 23s
Rendered 3334/4500, time remaining: 23s
Rendered 3335/4500, time remaining: 23s
Rendered 3336/4500, time remaining: 23s
Rendered 3337/4500, time remaining: 23s
Rendered 3338/4500, time remaining: 22s
Rendered 3339/4500, time remaining: 22s
Rendered 3340/4500, time remaining: 22s
Rendered 3341/4500, time remaining: 23s
Rendered 3342/4500, time remaining: 23s
Rendered 3343/4500, time remaining: 23s
Rendered 3344/4500, time remaining: 22s
Rendered 3345/4500, time remaining: 21s
Rendered 3346/4500, time remaining: 21s
Rendered 3347/4500, time remaining: 21s
Rendered 3348/4500, time remaining: 21s
Rendered 3349/4500, time remaining: 21s
Rendered 3350/4500, time remaining: 21s
Rendered 3351/4500, time remaining: 21s
Rendered 3352/4500, time remaining: 21s
Rendered 3353/4500, time remaining: 21s
Rendered 3354/4500, time remaining: 21s
Rendered 3355/4500, time remaining: 20s
Rendered 3356/4500, time remaining: 20s
Rendered 3357/4500, time remaining: 20s
Rendered 3358/4500, time remaining: 20s
Rendered 3359/4500, time remaining: 20s
Rendered 3360/4500, time remaining: 20s
Rendered 3361/4500, time remaining: 20s
Rendered 3362/4500, time remaining: 20s
Rendered 3363/4500, time remaining: 20s
Rendered 3363/4500, time remaining: 20s
Rendered 3364/4500, time remaining: 20s
Rendered 3365/4500, time remaining: 21s
Rendered 3366/4500, time remaining: 21s
Rendered 3367/4500, time remaining: 20s
Rendered 3368/4500, time remaining: 20s
Rendered 3369/4500, time remaining: 20s
Rendered 3370/4500, time remaining: 20s
Rendered 3371/4500, time remaining: 20s
Rendered 3372/4500, time remaining: 21s
Rendered 3373/4500, time remaining: 21s
Rendered 3374/4500, time remaining: 20s
Rendered 3375/4500, time remaining: 20s
Rendered 3376/4500, time remaining: 20s
Rendered 3377/4500, time remaining: 21s
Rendered 3378/4500, time remaining: 21s
Rendered 3379/4500, time remaining: 22s
Rendered 3379/4500, time remaining: 22s
Rendered 3380/4500, time remaining: 23s
Rendered 3381/4500, time remaining: 23s
Rendered 3382/4500, time remaining: 23s
Rendered 3383/4500, time remaining: 23s
Rendered 3384/4500, time remaining: 23s
Rendered 3385/4500, time remaining: 22s
Rendered 3386/4500, time remaining: 23s
Rendered 3387/4500, time remaining: 23s
Rendered 3388/4500, time remaining: 23s
Rendered 3389/4500, time remaining: 23s
Rendered 3390/4500, time remaining: 23s
Rendered 3390/4500, time remaining: 23s
Rendered 3391/4500, time remaining: 23s
Rendered 3392/4500, time remaining: 23s
Rendered 3393/4500, time remaining: 23s
Rendered 3394/4500, time remaining: 22s
Rendered 3395/4500, time remaining: 22s
Rendered 3396/4500, time remaining: 22s
Rendered 3397/4500, time remaining: 22s
Rendered 3398/4500, time remaining: 23s
Rendered 3399/4500, time remaining: 23s
Rendered 3400/4500, time remaining: 23s
Rendered 3401/4500, time remaining: 23s
Rendered 3402/4500, time remaining: 23s
Rendered 3403/4500, time remaining: 23s
Rendered 3404/4500, time remaining: 24s
Rendered 3405/4500, time remaining: 24s
Rendered 3406/4500, time remaining: 24s
Rendered 3407/4500, time remaining: 24s
Rendered 3408/4500, time remaining: 24s
Rendered 3409/4500, time remaining: 24s
Rendered 3409/4500, time remaining: 24s
Rendered 3410/4500, time remaining: 24s
Rendered 3411/4500, time remaining: 24s
Rendered 3412/4500, time remaining: 25s
Rendered 3413/4500, time remaining: 25s
Rendered 3414/4500, time remaining: 25s
Rendered 3415/4500, time remaining: 25s
Rendered 3416/4500, time remaining: 25s
Rendered 3417/4500, time remaining: 25s
Rendered 3418/4500, time remaining: 25s
Rendered 3419/4500, time remaining: 25s
Rendered 3420/4500, time remaining: 26s
Rendered 3421/4500, time remaining: 26s
Rendered 3422/4500, time remaining: 26s
Rendered 3423/4500, time remaining: 25s
Rendered 3424/4500, time remaining: 25s
Rendered 3425/4500, time remaining: 25s
Rendered 3425/4500, time remaining: 25s
Rendered 3426/4500, time remaining: 26s
Rendered 3427/4500, time remaining: 26s
Rendered 3428/4500, time remaining: 26s
Rendered 3429/4500, time remaining: 26s
Rendered 3430/4500, time remaining: 25s
Rendered 3431/4500, time remaining: 26s
Rendered 3432/4500, time remaining: 25s
Rendered 3433/4500, time remaining: 25s
Rendered 3434/4500, time remaining: 25s
Rendered 3435/4500, time remaining: 25s
Rendered 3436/4500, time remaining: 25s
Rendered 3437/4500, time remaining: 25s
Rendered 3438/4500, time remaining: 25s
Rendered 3439/4500, time remaining: 25s
Rendered 3440/4500, time remaining: 25s
Rendered 3441/4500, time remaining: 25s
Rendered 3442/4500, time remaining: 25s
Rendered 3443/4500, time remaining: 25s
Rendered 3444/4500, time remaining: 25s
Rendered 3445/4500, time remaining: 25s
Rendered 3446/4500, time remaining: 25s
Rendered 3447/4500, time remaining: 24s
Rendered 3448/4500, time remaining: 24s
Rendered 3449/4500, time remaining: 25s
Rendered 3450/4500, time remaining: 25s
Rendered 3451/4500, time remaining: 25s
Rendered 3452/4500, time remaining: 24s
Rendered 3453/4500, time remaining: 24s
Rendered 3454/4500, time remaining: 24s
Rendered 3454/4500, time remaining: 24s
Rendered 3455/4500, time remaining: 24s
Rendered 3456/4500, time remaining: 25s
Rendered 3457/4500, time remaining: 25s
Rendered 3458/4500, time remaining: 25s
Rendered 3459/4500, time remaining: 25s
Rendered 3460/4500, time remaining: 26s
Rendered 3461/4500, time remaining: 26s
Rendered 3462/4500, time remaining: 26s
Rendered 3463/4500, time remaining: 26s
Rendered 3464/4500, time remaining: 26s
Rendered 3465/4500, time remaining: 26s
Rendered 3466/4500, time remaining: 25s
Rendered 3467/4500, time remaining: 25s
Rendered 3468/4500, time remaining: 25s
Rendered 3469/4500, time remaining: 25s
Rendered 3469/4500, time remaining: 25s
Rendered 3470/4500, time remaining: 25s
Rendered 3471/4500, time remaining: 25s
Rendered 3472/4500, time remaining: 25s
Rendered 3473/4500, time remaining: 25s
Rendered 3474/4500, time remaining: 25s
Rendered 3475/4500, time remaining: 25s
Rendered 3476/4500, time remaining: 25s
Rendered 3477/4500, time remaining: 25s
Rendered 3478/4500, time remaining: 25s
Rendered 3479/4500, time remaining: 25s
Rendered 3480/4500, time remaining: 25s
Rendered 3481/4500, time remaining: 25s
Rendered 3482/4500, time remaining: 25s
Rendered 3483/4500, time remaining: 25s
Rendered 3484/4500, time remaining: 25s
Rendered 3485/4500, time remaining: 26s
Rendered 3486/4500, time remaining: 26s
Rendered 3487/4500, time remaining: 26s
Rendered 3488/4500, time remaining: 26s
Rendered 3489/4500, time remaining: 26s
Rendered 3490/4500, time remaining: 26s
Rendered 3491/4500, time remaining: 25s
Rendered 3492/4500, time remaining: 26s
Rendered 3493/4500, time remaining: 26s
Rendered 3494/4500, time remaining: 25s
Rendered 3495/4500, time remaining: 25s
Rendered 3496/4500, time remaining: 25s
Rendered 3496/4500, time remaining: 25s
Rendered 3497/4500, time remaining: 25s
Rendered 3498/4500, time remaining: 25s
Rendered 3499/4500, time remaining: 25s
Rendered 3500/4500, time remaining: 26s
Rendered 3501/4500, time remaining: 26s
Rendered 3502/4500, time remaining: 26s
Rendered 3503/4500, time remaining: 26s
Rendered 3504/4500, time remaining: 26s
Rendered 3505/4500, time remaining: 26s
Rendered 3506/4500, time remaining: 26s
Rendered 3507/4500, time remaining: 26s
Rendered 3508/4500, time remaining: 26s
Rendered 3509/4500, time remaining: 26s
Rendered 3510/4500, time remaining: 26s
Rendered 3511/4500, time remaining: 26s
Rendered 3512/4500, time remaining: 26s
Rendered 3513/4500, time remaining: 26s
Rendered 3514/4500, time remaining: 26s
Rendered 3515/4500, time remaining: 26s
Rendered 3516/4500, time remaining: 26s
Rendered 3516/4500, time remaining: 26s
Rendered 3517/4500, time remaining: 26s
Rendered 3518/4500, time remaining: 26s
Rendered 3519/4500, time remaining: 26s
Rendered 3520/4500, time remaining: 26s
Rendered 3521/4500, time remaining: 26s
Rendered 3522/4500, time remaining: 25s
Rendered 3523/4500, time remaining: 25s
Rendered 3524/4500, time remaining: 25s
Rendered 3525/4500, time remaining: 25s
Rendered 3526/4500, time remaining: 25s
Rendered 3527/4500, time remaining: 25s
Rendered 3528/4500, time remaining: 25s
Rendered 3529/4500, time remaining: 24s
Rendered 3530/4500, time remaining: 23s
Rendered 3531/4500, time remaining: 23s
Rendered 3532/4500, time remaining: 24s
Rendered 3533/4500, time remaining: 23s
Rendered 3534/4500, time remaining: 23s
Rendered 3535/4500, time remaining: 23s
Rendered 3536/4500, time remaining: 23s
Rendered 3537/4500, time remaining: 23s
Rendered 3538/4500, time remaining: 23s
Rendered 3539/4500, time remaining: 23s
Rendered 3540/4500, time remaining: 23s
Rendered 3541/4500, time remaining: 22s
Rendered 3542/4500, time remaining: 22s
Rendered 3543/4500, time remaining: 22s
Rendered 3544/4500, time remaining: 22s
Rendered 3545/4500, time remaining: 22s
Rendered 3546/4500, time remaining: 21s
Rendered 3546/4500, time remaining: 21s
Rendered 3547/4500, time remaining: 22s
Rendered 3548/4500, time remaining: 22s
Rendered 3549/4500, time remaining: 22s
Rendered 3550/4500, time remaining: 21s
Rendered 3551/4500, time remaining: 21s
Rendered 3552/4500, time remaining: 21s
Rendered 3553/4500, time remaining: 21s
Rendered 3554/4500, time remaining: 20s
Rendered 3555/4500, time remaining: 20s
Rendered 3556/4500, time remaining: 21s
Rendered 3557/4500, time remaining: 21s
Rendered 3558/4500, time remaining: 21s
Rendered 3559/4500, time remaining: 21s
Rendered 3560/4500, time remaining: 21s
Rendered 3561/4500, time remaining: 21s
Rendered 3562/4500, time remaining: 20s
Rendered 3563/4500, time remaining: 20s
Rendered 3564/4500, time remaining: 20s
Rendered 3564/4500, time remaining: 20s
Rendered 3565/4500, time remaining: 20s
Rendered 3566/4500, time remaining: 21s
Rendered 3567/4500, time remaining: 21s
Rendered 3568/4500, time remaining: 20s
Rendered 3569/4500, time remaining: 20s
Rendered 3570/4500, time remaining: 20s
Rendered 3571/4500, time remaining: 20s
Rendered 3572/4500, time remaining: 20s
Rendered 3573/4500, time remaining: 20s
Rendered 3574/4500, time remaining: 20s
Rendered 3575/4500, time remaining: 20s
Rendered 3576/4500, time remaining: 20s
Rendered 3577/4500, time remaining: 19s
Rendered 3578/4500, time remaining: 19s
Rendered 3579/4500, time remaining: 19s
Rendered 3580/4500, time remaining: 20s
Rendered 3581/4500, time remaining: 20s
Rendered 3582/4500, time remaining: 20s
Rendered 3583/4500, time remaining: 20s
Rendered 3584/4500, time remaining: 20s
Rendered 3584/4500, time remaining: 20s
Rendered 3585/4500, time remaining: 21s
Rendered 3586/4500, time remaining: 21s
Rendered 3587/4500, time remaining: 21s
Rendered 3588/4500, time remaining: 21s
Rendered 3589/4500, time remaining: 21s
Rendered 3590/4500, time remaining: 21s
Rendered 3591/4500, time remaining: 21s
Rendered 3592/4500, time remaining: 21s
Rendered 3593/4500, time remaining: 21s
Rendered 3594/4500, time remaining: 22s
Rendered 3595/4500, time remaining: 22s
Rendered 3596/4500, time remaining: 21s
Rendered 3597/4500, time remaining: 22s
Rendered 3597/4500, time remaining: 22s
Rendered 3598/4500, time remaining: 22s
Rendered 3599/4500, time remaining: 21s
Rendered 3600/4500, time remaining: 21s
Rendered 3601/4500, time remaining: 21s
Rendered 3602/4500, time remaining: 22s
Rendered 3603/4500, time remaining: 22s
Rendered 3604/4500, time remaining: 22s
Rendered 3605/4500, time remaining: 22s
Rendered 3606/4500, time remaining: 22s
Rendered 3607/4500, time remaining: 22s
Rendered 3608/4500, time remaining: 22s
Rendered 3609/4500, time remaining: 22s
Rendered 3610/4500, time remaining: 21s
Rendered 3611/4500, time remaining: 21s
Rendered 3612/4500, time remaining: 21s
Rendered 3613/4500, time remaining: 21s
Rendered 3614/4500, time remaining: 21s
Rendered 3614/4500, time remaining: 21s
Rendered 3615/4500, time remaining: 21s
Rendered 3616/4500, time remaining: 22s
Rendered 3617/4500, time remaining: 22s
Rendered 3618/4500, time remaining: 22s
Rendered 3619/4500, time remaining: 21s
Rendered 3620/4500, time remaining: 21s
Rendered 3621/4500, time remaining: 21s
Rendered 3622/4500, time remaining: 21s
Rendered 3623/4500, time remaining: 21s
Rendered 3624/4500, time remaining: 21s
Rendered 3625/4500, time remaining: 21s
Rendered 3626/4500, time remaining: 21s
Rendered 3627/4500, time remaining: 21s
Rendered 3628/4500, time remaining: 22s
Rendered 3629/4500, time remaining: 22s
Rendered 3630/4500, time remaining: 22s
Rendered 3631/4500, time remaining: 22s
Rendered 3632/4500, time remaining: 22s
Rendered 3633/4500, time remaining: 22s
Rendered 3633/4500, time remaining: 22s
Rendered 3634/4500, time remaining: 22s
Rendered 3635/4500, time remaining: 21s
Rendered 3636/4500, time remaining: 21s
Rendered 3637/4500, time remaining: 21s
Rendered 3638/4500, time remaining: 21s
Rendered 3639/4500, time remaining: 21s
Rendered 3640/4500, time remaining: 22s
Rendered 3641/4500, time remaining: 22s
Rendered 3642/4500, time remaining: 21s
Rendered 3643/4500, time remaining: 21s
Rendered 3644/4500, time remaining: 22s
Rendered 3645/4500, time remaining: 22s
Rendered 3646/4500, time remaining: 22s
Rendered 3647/4500, time remaining: 22s
Rendered 3648/4500, time remaining: 22s
Rendered 3649/4500, time remaining: 22s
Rendered 3650/4500, time remaining: 21s
Rendered 3651/4500, time remaining: 21s
Rendered 3652/4500, time remaining: 21s
Rendered 3653/4500, time remaining: 21s
Rendered 3654/4500, time remaining: 21s
Rendered 3655/4500, time remaining: 21s
Rendered 3655/4500, time remaining: 21s
Rendered 3656/4500, time remaining: 21s
Rendered 3657/4500, time remaining: 21s
Rendered 3658/4500, time remaining: 21s
Rendered 3659/4500, time remaining: 21s
Rendered 3660/4500, time remaining: 21s
Rendered 3661/4500, time remaining: 21s
Rendered 3662/4500, time remaining: 21s
Rendered 3663/4500, time remaining: 20s
Rendered 3664/4500, time remaining: 20s
Rendered 3665/4500, time remaining: 20s
Rendered 3666/4500, time remaining: 21s
Rendered 3667/4500, time remaining: 20s
Rendered 3668/4500, time remaining: 20s
Rendered 3669/4500, time remaining: 20s
Rendered 3670/4500, time remaining: 20s
Rendered 3671/4500, time remaining: 20s
Rendered 3672/4500, time remaining: 20s
Rendered 3673/4500, time remaining: 20s
Rendered 3674/4500, time remaining: 20s
Rendered 3675/4500, time remaining: 20s
Rendered 3676/4500, time remaining: 20s
Rendered 3677/4500, time remaining: 20s
Rendered 3678/4500, time remaining: 20s
Rendered 3679/4500, time remaining: 20s
Rendered 3680/4500, time remaining: 20s
Rendered 3681/4500, time remaining: 20s
Rendered 3682/4500, time remaining: 19s
Rendered 3683/4500, time remaining: 19s
Rendered 3684/4500, time remaining: 19s
Rendered 3685/4500, time remaining: 19s
Rendered 3686/4500, time remaining: 19s
Rendered 3687/4500, time remaining: 19s
Rendered 3688/4500, time remaining: 20s
Rendered 3689/4500, time remaining: 19s
Rendered 3690/4500, time remaining: 19s
Rendered 3691/4500, time remaining: 19s
Rendered 3691/4500, time remaining: 19s
Rendered 3692/4500, time remaining: 19s
Rendered 3693/4500, time remaining: 19s
Rendered 3694/4500, time remaining: 19s
Rendered 3695/4500, time remaining: 19s
Rendered 3696/4500, time remaining: 19s
Rendered 3697/4500, time remaining: 18s
Rendered 3698/4500, time remaining: 18s
Rendered 3699/4500, time remaining: 18s
Rendered 3700/4500, time remaining: 18s
Rendered 3701/4500, time remaining: 18s
Rendered 3702/4500, time remaining: 18s
Rendered 3703/4500, time remaining: 18s
Rendered 3704/4500, time remaining: 18s
Rendered 3705/4500, time remaining: 18s
Rendered 3706/4500, time remaining: 18s
Rendered 3707/4500, time remaining: 18s
Rendered 3708/4500, time remaining: 18s
Rendered 3709/4500, time remaining: 18s
Rendered 3710/4500, time remaining: 17s
Rendered 3711/4500, time remaining: 17s
Rendered 3712/4500, time remaining: 17s
Rendered 3713/4500, time remaining: 17s
Rendered 3714/4500, time remaining: 17s
Rendered 3715/4500, time remaining: 17s
Rendered 3716/4500, time remaining: 16s
Rendered 3717/4500, time remaining: 16s
Rendered 3718/4500, time remaining: 16s
Rendered 3719/4500, time remaining: 16s
Rendered 3720/4500, time remaining: 16s
Rendered 3721/4500, time remaining: 16s
Rendered 3722/4500, time remaining: 16s
Rendered 3723/4500, time remaining: 16s
Rendered 3724/4500, time remaining: 16s
Rendered 3725/4500, time remaining: 16s
Rendered 3726/4500, time remaining: 16s
Rendered 3727/4500, time remaining: 16s
Rendered 3728/4500, time remaining: 16s
Rendered 3729/4500, time remaining: 16s
Rendered 3730/4500, time remaining: 15s
Rendered 3731/4500, time remaining: 15s
Rendered 3732/4500, time remaining: 15s
Rendered 3733/4500, time remaining: 15s
Rendered 3734/4500, time remaining: 15s
Rendered 3735/4500, time remaining: 14s
Rendered 3736/4500, time remaining: 14s
Rendered 3737/4500, time remaining: 14s
Rendered 3738/4500, time remaining: 14s
Rendered 3738/4500, time remaining: 14s
Rendered 3739/4500, time remaining: 14s
Rendered 3740/4500, time remaining: 14s
Rendered 3741/4500, time remaining: 14s
Rendered 3742/4500, time remaining: 14s
Rendered 3743/4500, time remaining: 14s
Rendered 3744/4500, time remaining: 14s
Rendered 3745/4500, time remaining: 14s
Rendered 3746/4500, time remaining: 14s
Rendered 3747/4500, time remaining: 13s
Rendered 3748/4500, time remaining: 13s
Rendered 3749/4500, time remaining: 13s
Rendered 3750/4500, time remaining: 13s
Rendered 3751/4500, time remaining: 13s
Rendered 3752/4500, time remaining: 12s
Rendered 3753/4500, time remaining: 12s
Rendered 3754/4500, time remaining: 12s
Rendered 3755/4500, time remaining: 12s
Rendered 3756/4500, time remaining: 13s
Rendered 3757/4500, time remaining: 12s
Rendered 3758/4500, time remaining: 12s
Rendered 3759/4500, time remaining: 12s
Rendered 3760/4500, time remaining: 12s
Rendered 3761/4500, time remaining: 12s
Rendered 3762/4500, time remaining: 12s
Rendered 3763/4500, time remaining: 12s
Rendered 3764/4500, time remaining: 12s
Rendered 3765/4500, time remaining: 11s
Rendered 3766/4500, time remaining: 11s
Rendered 3767/4500, time remaining: 11s
Rendered 3768/4500, time remaining: 11s
Rendered 3769/4500, time remaining: 11s
Rendered 3770/4500, time remaining: 11s
Rendered 3771/4500, time remaining: 11s
Rendered 3772/4500, time remaining: 11s
Rendered 3773/4500, time remaining: 11s
Rendered 3774/4500, time remaining: 10s
Rendered 3775/4500, time remaining: 10s
Rendered 3775/4500, time remaining: 10s
Rendered 3776/4500, time remaining: 10s
Rendered 3777/4500, time remaining: 10s
Rendered 3778/4500, time remaining: 10s
Rendered 3779/4500, time remaining: 10s
Rendered 3780/4500, time remaining: 10s
Rendered 3781/4500, time remaining: 10s
Rendered 3782/4500, time remaining: 10s
Rendered 3783/4500, time remaining: 10s
Rendered 3784/4500, time remaining: 10s
Rendered 3785/4500, time remaining: 10s
Rendered 3786/4500, time remaining: 10s
Rendered 3787/4500, time remaining: 10s
Rendered 3788/4500, time remaining: 10s
Rendered 3789/4500, time remaining: 10s
Rendered 3790/4500, time remaining: 9s
Rendered 3791/4500, time remaining: 9s
Rendered 3792/4500, time remaining: 9s
Rendered 3793/4500, time remaining: 9s
Rendered 3794/4500, time remaining: 9s
Rendered 3795/4500, time remaining: 9s
Rendered 3796/4500, time remaining: 9s
Rendered 3797/4500, time remaining: 9s
Rendered 3798/4500, time remaining: 9s
Rendered 3799/4500, time remaining: 9s
Rendered 3800/4500, time remaining: 9s
Rendered 3801/4500, time remaining: 9s
Rendered 3802/4500, time remaining: 9s
Rendered 3803/4500, time remaining: 9s
Rendered 3803/4500, time remaining: 9s
Rendered 3804/4500, time remaining: 9s
Rendered 3805/4500, time remaining: 9s
Rendered 3806/4500, time remaining: 9s
Rendered 3807/4500, time remaining: 9s
Rendered 3808/4500, time remaining: 9s
Rendered 3809/4500, time remaining: 9s
Rendered 3810/4500, time remaining: 9s
Rendered 3811/4500, time remaining: 9s
Rendered 3812/4500, time remaining: 9s
Rendered 3813/4500, time remaining: 9s
Rendered 3814/4500, time remaining: 9s
Rendered 3815/4500, time remaining: 9s
Rendered 3816/4500, time remaining: 9s
Rendered 3817/4500, time remaining: 9s
Rendered 3818/4500, time remaining: 9s
Rendered 3819/4500, time remaining: 9s
Rendered 3820/4500, time remaining: 9s
Rendered 3821/4500, time remaining: 9s
Rendered 3822/4500, time remaining: 9s
Rendered 3823/4500, time remaining: 9s
Rendered 3824/4500, time remaining: 9s
Rendered 3825/4500, time remaining: 9s
Rendered 3826/4500, time remaining: 9s
Rendered 3827/4500, time remaining: 9s
Rendered 3828/4500, time remaining: 9s
Rendered 3828/4500, time remaining: 9s
Rendered 3829/4500, time remaining: 9s
Rendered 3830/4500, time remaining: 9s
Rendered 3831/4500, time remaining: 9s
Rendered 3832/4500, time remaining: 9s
Rendered 3833/4500, time remaining: 9s
Rendered 3834/4500, time remaining: 9s
Rendered 3835/4500, time remaining: 9s
Rendered 3836/4500, time remaining: 9s
Rendered 3837/4500, time remaining: 9s
Rendered 3838/4500, time remaining: 9s
Rendered 3839/4500, time remaining: 9s
Rendered 3840/4500, time remaining: 9s
Rendered 3841/4500, time remaining: 9s
Rendered 3842/4500, time remaining: 9s
Rendered 3843/4500, time remaining: 9s
Rendered 3844/4500, time remaining: 9s
Rendered 3845/4500, time remaining: 9s
Rendered 3846/4500, time remaining: 9s
Rendered 3847/4500, time remaining: 9s
Rendered 3848/4500, time remaining: 9s
Rendered 3849/4500, time remaining: 9s
Rendered 3850/4500, time remaining: 9s
Rendered 3851/4500, time remaining: 9s
Rendered 3852/4500, time remaining: 9s
Rendered 3853/4500, time remaining: 9s
Rendered 3854/4500, time remaining: 9s
Rendered 3855/4500, time remaining: 9s
Rendered 3856/4500, time remaining: 10s
Rendered 3857/4500, time remaining: 9s
Rendered 3858/4500, time remaining: 9s
Rendered 3859/4500, time remaining: 9s
Rendered 3859/4500, time remaining: 9s
Rendered 3860/4500, time remaining: 10s
Rendered 3861/4500, time remaining: 10s
Rendered 3862/4500, time remaining: 10s
Rendered 3863/4500, time remaining: 10s
Rendered 3864/4500, time remaining: 10s
Rendered 3865/4500, time remaining: 10s
Rendered 3866/4500, time remaining: 10s
Rendered 3867/4500, time remaining: 10s
Rendered 3868/4500, time remaining: 10s
Rendered 3869/4500, time remaining: 10s
Rendered 3870/4500, time remaining: 10s
Rendered 3871/4500, time remaining: 10s
Rendered 3872/4500, time remaining: 10s
Rendered 3873/4500, time remaining: 10s
Rendered 3874/4500, time remaining: 10s
Rendered 3875/4500, time remaining: 10s
Rendered 3876/4500, time remaining: 10s
Rendered 3877/4500, time remaining: 10s
Rendered 3878/4500, time remaining: 10s
Rendered 3879/4500, time remaining: 10s
Rendered 3880/4500, time remaining: 10s
Rendered 3880/4500, time remaining: 10s
Rendered 3881/4500, time remaining: 10s
Rendered 3882/4500, time remaining: 10s
Rendered 3883/4500, time remaining: 10s
Rendered 3884/4500, time remaining: 10s
Rendered 3885/4500, time remaining: 10s
Rendered 3886/4500, time remaining: 10s
Rendered 3887/4500, time remaining: 10s
Rendered 3888/4500, time remaining: 10s
Rendered 3889/4500, time remaining: 10s
Rendered 3890/4500, time remaining: 10s
Rendered 3891/4500, time remaining: 10s
Rendered 3892/4500, time remaining: 10s
Rendered 3893/4500, time remaining: 11s
Rendered 3894/4500, time remaining: 11s
Rendered 3895/4500, time remaining: 10s
Rendered 3896/4500, time remaining: 10s
Rendered 3897/4500, time remaining: 10s
Rendered 3898/4500, time remaining: 10s
Rendered 3899/4500, time remaining: 10s
Rendered 3900/4500, time remaining: 11s
Rendered 3900/4500, time remaining: 11s
Rendered 3901/4500, time remaining: 11s
Rendered 3902/4500, time remaining: 11s
Rendered 3903/4500, time remaining: 11s
Rendered 3904/4500, time remaining: 11s
Rendered 3905/4500, time remaining: 11s
Rendered 3906/4500, time remaining: 11s
Rendered 3907/4500, time remaining: 11s
Rendered 3908/4500, time remaining: 11s
Rendered 3909/4500, time remaining: 11s
Rendered 3910/4500, time remaining: 11s
Rendered 3911/4500, time remaining: 11s
Rendered 3912/4500, time remaining: 11s
Rendered 3913/4500, time remaining: 11s
Rendered 3914/4500, time remaining: 11s
Rendered 3915/4500, time remaining: 11s
Rendered 3916/4500, time remaining: 11s
Rendered 3917/4500, time remaining: 11s
Rendered 3918/4500, time remaining: 11s
Rendered 3919/4500, time remaining: 11s
Rendered 3920/4500, time remaining: 11s
Rendered 3921/4500, time remaining: 11s
Rendered 3921/4500, time remaining: 11s
Rendered 3922/4500, time remaining: 11s
Rendered 3923/4500, time remaining: 11s
Rendered 3924/4500, time remaining: 11s
Rendered 3925/4500, time remaining: 11s
Rendered 3926/4500, time remaining: 11s
Rendered 3927/4500, time remaining: 11s
Rendered 3928/4500, time remaining: 11s
Rendered 3929/4500, time remaining: 11s
Rendered 3930/4500, time remaining: 11s
Rendered 3931/4500, time remaining: 11s
Rendered 3932/4500, time remaining: 11s
Rendered 3933/4500, time remaining: 11s
Rendered 3934/4500, time remaining: 11s
Rendered 3935/4500, time remaining: 11s
Rendered 3936/4500, time remaining: 11s
Rendered 3937/4500, time remaining: 11s
Rendered 3938/4500, time remaining: 11s
Rendered 3939/4500, time remaining: 11s
Rendered 3940/4500, time remaining: 11s
Rendered 3941/4500, time remaining: 11s
Rendered 3942/4500, time remaining: 11s
Rendered 3943/4500, time remaining: 11s
Rendered 3944/4500, time remaining: 11s
Rendered 3945/4500, time remaining: 11s
Rendered 3946/4500, time remaining: 10s
Rendered 3947/4500, time remaining: 10s
Rendered 3948/4500, time remaining: 10s
Rendered 3949/4500, time remaining: 10s
Rendered 3950/4500, time remaining: 10s
Rendered 3951/4500, time remaining: 10s
Rendered 3952/4500, time remaining: 10s
Rendered 3953/4500, time remaining: 10s
Rendered 3954/4500, time remaining: 10s
Rendered 3955/4500, time remaining: 10s
Rendered 3956/4500, time remaining: 10s
Rendered 3957/4500, time remaining: 10s
Rendered 3958/4500, time remaining: 10s
Rendered 3959/4500, time remaining: 10s
Rendered 3960/4500, time remaining: 10s
Rendered 3961/4500, time remaining: 10s
Rendered 3962/4500, time remaining: 10s
Rendered 3962/4500, time remaining: 10s
Rendered 3963/4500, time remaining: 10s
Rendered 3964/4500, time remaining: 10s
Rendered 3965/4500, time remaining: 10s
Rendered 3966/4500, time remaining: 10s
Rendered 3967/4500, time remaining: 10s
Rendered 3968/4500, time remaining: 10s
Rendered 3969/4500, time remaining: 10s
Rendered 3970/4500, time remaining: 10s
Rendered 3971/4500, time remaining: 10s
Rendered 3972/4500, time remaining: 10s
Rendered 3973/4500, time remaining: 10s
Rendered 3974/4500, time remaining: 10s
Rendered 3975/4500, time remaining: 10s
Rendered 3976/4500, time remaining: 10s
Rendered 3977/4500, time remaining: 10s
Rendered 3978/4500, time remaining: 10s
Rendered 3979/4500, time remaining: 10s
Rendered 3980/4500, time remaining: 10s
Rendered 3981/4500, time remaining: 10s
Rendered 3982/4500, time remaining: 10s
Rendered 3983/4500, time remaining: 10s
Rendered 3984/4500, time remaining: 9s
Rendered 3984/4500, time remaining: 9s
Rendered 3985/4500, time remaining: 10s
Rendered 3986/4500, time remaining: 10s
Rendered 3987/4500, time remaining: 9s
Rendered 3988/4500, time remaining: 10s
Rendered 3989/4500, time remaining: 10s
Rendered 3990/4500, time remaining: 10s
Rendered 3991/4500, time remaining: 9s
Rendered 3992/4500, time remaining: 9s
Rendered 3993/4500, time remaining: 9s
Rendered 3994/4500, time remaining: 9s
Rendered 3995/4500, time remaining: 9s
Rendered 3996/4500, time remaining: 9s
Rendered 3997/4500, time remaining: 9s
Rendered 3998/4500, time remaining: 9s
Rendered 3999/4500, time remaining: 9s
Rendered 4000/4500, time remaining: 9s
Rendered 4001/4500, time remaining: 9s
Rendered 4002/4500, time remaining: 9s
Rendered 4003/4500, time remaining: 9s
Rendered 4004/4500, time remaining: 9s
Rendered 4005/4500, time remaining: 9s
Rendered 4006/4500, time remaining: 9s
Rendered 4007/4500, time remaining: 9s
Rendered 4008/4500, time remaining: 9s
Rendered 4009/4500, time remaining: 9s
Rendered 4010/4500, time remaining: 9s
Rendered 4011/4500, time remaining: 9s
Rendered 4012/4500, time remaining: 9s
Rendered 4013/4500, time remaining: 9s
Rendered 4014/4500, time remaining: 9s
Rendered 4015/4500, time remaining: 9s
Rendered 4016/4500, time remaining: 9s
Rendered 4017/4500, time remaining: 9s
Rendered 4018/4500, time remaining: 9s
Rendered 4019/4500, time remaining: 8s
Rendered 4020/4500, time remaining: 8s
Rendered 4020/4500, time remaining: 8s
Rendered 4021/4500, time remaining: 8s
Rendered 4022/4500, time remaining: 8s
Rendered 4023/4500, time remaining: 8s
Rendered 4024/4500, time remaining: 8s
Rendered 4025/4500, time remaining: 8s
Rendered 4026/4500, time remaining: 8s
Rendered 4027/4500, time remaining: 8s
Rendered 4028/4500, time remaining: 8s
Rendered 4029/4500, time remaining: 8s
Rendered 4030/4500, time remaining: 8s
Rendered 4031/4500, time remaining: 8s
Rendered 4032/4500, time remaining: 8s
Rendered 4033/4500, time remaining: 8s
Rendered 4034/4500, time remaining: 8s
Rendered 4035/4500, time remaining: 8s
Rendered 4036/4500, time remaining: 8s
Rendered 4037/4500, time remaining: 8s
Rendered 4038/4500, time remaining: 7s
Rendered 4039/4500, time remaining: 8s
Rendered 4040/4500, time remaining: 7s
Rendered 4041/4500, time remaining: 7s
Rendered 4042/4500, time remaining: 7s
Rendered 4043/4500, time remaining: 7s
Rendered 4044/4500, time remaining: 7s
Rendered 4045/4500, time remaining: 7s
Rendered 4046/4500, time remaining: 7s
Rendered 4047/4500, time remaining: 7s
Rendered 4048/4500, time remaining: 7s
Rendered 4049/4500, time remaining: 7s
Rendered 4050/4500, time remaining: 7s
Rendered 4051/4500, time remaining: 6s
Rendered 4052/4500, time remaining: 6s
Rendered 4053/4500, time remaining: 6s
Rendered 4054/4500, time remaining: 6s
Rendered 4055/4500, time remaining: 6s
Rendered 4056/4500, time remaining: 6s
Rendered 4057/4500, time remaining: 6s
Rendered 4058/4500, time remaining: 6s
Rendered 4059/4500, time remaining: 6s
Rendered 4059/4500, time remaining: 6s
Rendered 4060/4500, time remaining: 6s
Rendered 4061/4500, time remaining: 6s
Rendered 4062/4500, time remaining: 6s
Rendered 4063/4500, time remaining: 6s
Rendered 4064/4500, time remaining: 6s
Rendered 4065/4500, time remaining: 6s
Rendered 4066/4500, time remaining: 6s
Rendered 4067/4500, time remaining: 6s
Rendered 4068/4500, time remaining: 6s
Rendered 4069/4500, time remaining: 6s
Rendered 4070/4500, time remaining: 6s
Rendered 4071/4500, time remaining: 6s
Rendered 4072/4500, time remaining: 6s
Rendered 4073/4500, time remaining: 6s
Rendered 4074/4500, time remaining: 5s
Rendered 4075/4500, time remaining: 6s
Rendered 4076/4500, time remaining: 5s
Rendered 4077/4500, time remaining: 5s
Rendered 4078/4500, time remaining: 5s
Rendered 4079/4500, time remaining: 5s
Rendered 4080/4500, time remaining: 5s
Rendered 4081/4500, time remaining: 5s
Rendered 4082/4500, time remaining: 5s
Rendered 4083/4500, time remaining: 5s
Rendered 4084/4500, time remaining: 5s
Rendered 4085/4500, time remaining: 5s
Rendered 4086/4500, time remaining: 5s
Rendered 4087/4500, time remaining: 5s
Rendered 4088/4500, time remaining: 5s
Rendered 4089/4500, time remaining: 5s
Rendered 4090/4500, time remaining: 5s
Rendered 4091/4500, time remaining: 5s
Rendered 4092/4500, time remaining: 5s
Rendered 4093/4500, time remaining: 5s
Rendered 4094/4500, time remaining: 5s
Rendered 4095/4500, time remaining: 5s
Rendered 4096/4500, time remaining: 5s
Rendered 4097/4500, time remaining: 5s
Rendered 4098/4500, time remaining: 5s
Rendered 4099/4500, time remaining: 5s
Rendered 4100/4500, time remaining: 5s
Rendered 4101/4500, time remaining: 5s
Rendered 4102/4500, time remaining: 5s
Rendered 4103/4500, time remaining: 5s
Rendered 4104/4500, time remaining: 5s
Rendered 4105/4500, time remaining: 5s
Rendered 4106/4500, time remaining: 5s
Rendered 4107/4500, time remaining: 5s
Rendered 4108/4500, time remaining: 5s
Rendered 4109/4500, time remaining: 5s
Rendered 4110/4500, time remaining: 5s
Rendered 4111/4500, time remaining: 5s
Rendered 4112/4500, time remaining: 5s
Rendered 4112/4500, time remaining: 5s
Rendered 4113/4500, time remaining: 5s
Rendered 4114/4500, time remaining: 5s
Rendered 4115/4500, time remaining: 5s
Rendered 4116/4500, time remaining: 5s
Rendered 4117/4500, time remaining: 5s
Rendered 4118/4500, time remaining: 5s
Rendered 4119/4500, time remaining: 5s
Rendered 4120/4500, time remaining: 4s
Rendered 4121/4500, time remaining: 4s
Rendered 4122/4500, time remaining: 4s
Rendered 4123/4500, time remaining: 4s
Rendered 4124/4500, time remaining: 4s
Rendered 4125/4500, time remaining: 4s
Rendered 4126/4500, time remaining: 4s
Rendered 4127/4500, time remaining: 4s
Rendered 4128/4500, time remaining: 4s
Rendered 4129/4500, time remaining: 4s
Rendered 4130/4500, time remaining: 4s
Rendered 4131/4500, time remaining: 4s
Rendered 4132/4500, time remaining: 4s
Rendered 4133/4500, time remaining: 4s
Rendered 4134/4500, time remaining: 4s
Rendered 4135/4500, time remaining: 4s
Rendered 4136/4500, time remaining: 4s
Rendered 4137/4500, time remaining: 4s
Rendered 4138/4500, time remaining: 4s
Rendered 4139/4500, time remaining: 4s
Rendered 4140/4500, time remaining: 4s
Rendered 4141/4500, time remaining: 4s
Rendered 4142/4500, time remaining: 4s
Rendered 4143/4500, time remaining: 4s
Rendered 4144/4500, time remaining: 4s
Rendered 4145/4500, time remaining: 4s
Rendered 4146/4500, time remaining: 4s
Rendered 4147/4500, time remaining: 4s
Rendered 4148/4500, time remaining: 4s
Rendered 4149/4500, time remaining: 4s
Rendered 4150/4500, time remaining: 4s
Rendered 4151/4500, time remaining: 4s
Rendered 4152/4500, time remaining: 4s
Rendered 4153/4500, time remaining: 3s
Rendered 4154/4500, time remaining: 4s
Rendered 4155/4500, time remaining: 4s
Rendered 4156/4500, time remaining: 3s
Rendered 4156/4500, time remaining: 3s
Rendered 4157/4500, time remaining: 4s
Rendered 4158/4500, time remaining: 4s
Rendered 4159/4500, time remaining: 4s
Rendered 4160/4500, time remaining: 4s
Rendered 4161/4500, time remaining: 4s
Rendered 4162/4500, time remaining: 3s
Rendered 4163/4500, time remaining: 3s
Rendered 4164/4500, time remaining: 3s
Rendered 4165/4500, time remaining: 3s
Rendered 4166/4500, time remaining: 3s
Rendered 4167/4500, time remaining: 3s
Rendered 4168/4500, time remaining: 3s
Rendered 4169/4500, time remaining: 3s
Rendered 4170/4500, time remaining: 3s
Rendered 4171/4500, time remaining: 3s
Rendered 4172/4500, time remaining: 3s
Rendered 4173/4500, time remaining: 3s
Rendered 4174/4500, time remaining: 3s
Rendered 4175/4500, time remaining: 3s
Rendered 4176/4500, time remaining: 3s
Rendered 4177/4500, time remaining: 3s
Rendered 4178/4500, time remaining: 3s
Rendered 4179/4500, time remaining: 3s
Rendered 4180/4500, time remaining: 3s
Rendered 4181/4500, time remaining: 3s
Rendered 4182/4500, time remaining: 3s
Rendered 4183/4500, time remaining: 3s
Rendered 4184/4500, time remaining: 3s
Rendered 4185/4500, time remaining: 3s
Rendered 4186/4500, time remaining: 3s
Rendered 4187/4500, time remaining: 3s
Rendered 4187/4500, time remaining: 3s
Rendered 4188/4500, time remaining: 3s
Rendered 4189/4500, time remaining: 3s
Rendered 4190/4500, time remaining: 3s
Rendered 4191/4500, time remaining: 3s
Rendered 4192/4500, time remaining: 3s
Rendered 4193/4500, time remaining: 3s
Rendered 4194/4500, time remaining: 3s
Rendered 4195/4500, time remaining: 3s
Rendered 4196/4500, time remaining: 3s
Rendered 4197/4500, time remaining: 3s
Rendered 4198/4500, time remaining: 3s
Rendered 4199/4500, time remaining: 3s
Rendered 4200/4500, time remaining: 3s
Rendered 4201/4500, time remaining: 3s
Rendered 4202/4500, time remaining: 3s
Rendered 4203/4500, time remaining: 3s
Rendered 4204/4500, time remaining: 3s
Rendered 4205/4500, time remaining: 3s
Rendered 4206/4500, time remaining: 3s
Rendered 4207/4500, time remaining: 3s
Rendered 4208/4500, time remaining: 3s
Rendered 4209/4500, time remaining: 3s
Rendered 4210/4500, time remaining: 3s
Rendered 4211/4500, time remaining: 3s
Rendered 4212/4500, time remaining: 3s
Rendered 4213/4500, time remaining: 3s
Rendered 4214/4500, time remaining: 3s
Rendered 4214/4500, time remaining: 3s
Rendered 4215/4500, time remaining: 3s
Rendered 4216/4500, time remaining: 3s
Rendered 4217/4500, time remaining: 3s
Rendered 4218/4500, time remaining: 3s
Rendered 4219/4500, time remaining: 3s
Rendered 4220/4500, time remaining: 3s
Rendered 4221/4500, time remaining: 3s
Rendered 4222/4500, time remaining: 3s
Rendered 4223/4500, time remaining: 3s
Rendered 4224/4500, time remaining: 3s
Rendered 4225/4500, time remaining: 3s
Rendered 4226/4500, time remaining: 3s
Rendered 4227/4500, time remaining: 3s
Rendered 4228/4500, time remaining: 3s
Rendered 4229/4500, time remaining: 3s
Rendered 4230/4500, time remaining: 3s
Rendered 4231/4500, time remaining: 3s
Rendered 4232/4500, time remaining: 3s
Rendered 4233/4500, time remaining: 3s
Rendered 4234/4500, time remaining: 3s
Rendered 4235/4500, time remaining: 3s
Rendered 4236/4500, time remaining: 3s
Rendered 4237/4500, time remaining: 3s
Rendered 4238/4500, time remaining: 3s
Rendered 4239/4500, time remaining: 3s
Rendered 4240/4500, time remaining: 3s
Rendered 4241/4500, time remaining: 3s
Rendered 4242/4500, time remaining: 3s
Rendered 4243/4500, time remaining: 3s
Rendered 4244/4500, time remaining: 3s
Rendered 4245/4500, time remaining: 3s
Rendered 4246/4500, time remaining: 3s
Rendered 4247/4500, time remaining: 3s
Rendered 4248/4500, time remaining: 3s
Rendered 4249/4500, time remaining: 3s
Rendered 4250/4500, time remaining: 3s
Rendered 4250/4500, time remaining: 3s
Rendered 4251/4500, time remaining: 3s
Rendered 4252/4500, time remaining: 3s
Rendered 4253/4500, time remaining: 3s
Rendered 4254/4500, time remaining: 3s
Rendered 4255/4500, time remaining: 3s
Rendered 4256/4500, time remaining: 3s
Rendered 4257/4500, time remaining: 3s
Rendered 4258/4500, time remaining: 3s
Rendered 4259/4500, time remaining: 3s
Rendered 4260/4500, time remaining: 3s
Rendered 4261/4500, time remaining: 3s
Rendered 4262/4500, time remaining: 3s
Rendered 4263/4500, time remaining: 3s
Rendered 4264/4500, time remaining: 3s
Rendered 4265/4500, time remaining: 3s
Rendered 4266/4500, time remaining: 3s
Rendered 4267/4500, time remaining: 3s
Rendered 4268/4500, time remaining: 3s
Rendered 4269/4500, time remaining: 3s
Rendered 4270/4500, time remaining: 3s
Rendered 4271/4500, time remaining: 3s
Rendered 4272/4500, time remaining: 3s
Rendered 4273/4500, time remaining: 3s
Rendered 4274/4500, time remaining: 3s
Rendered 4275/4500, time remaining: 3s
Rendered 4276/4500, time remaining: 3s
Rendered 4277/4500, time remaining: 3s
Rendered 4278/4500, time remaining: 3s
Rendered 4279/4500, time remaining: 3s
Rendered 4280/4500, time remaining: 3s
Rendered 4281/4500, time remaining: 3s
Rendered 4282/4500, time remaining: 3s
Rendered 4283/4500, time remaining: 3s
Rendered 4284/4500, time remaining: 3s
Rendered 4285/4500, time remaining: 3s
Rendered 4286/4500, time remaining: 3s
Rendered 4287/4500, time remaining: 3s
Rendered 4288/4500, time remaining: 3s
Rendered 4289/4500, time remaining: 3s
Rendered 4290/4500, time remaining: 2s
Rendered 4291/4500, time remaining: 2s
Rendered 4292/4500, time remaining: 2s
Rendered 4293/4500, time remaining: 2s
Rendered 4294/4500, time remaining: 2s
Rendered 4295/4500, time remaining: 2s
Rendered 4296/4500, time remaining: 2s
Rendered 4297/4500, time remaining: 2s
Rendered 4298/4500, time remaining: 2s
Rendered 4298/4500, time remaining: 2s
Rendered 4299/4500, time remaining: 2s
Rendered 4300/4500, time remaining: 2s
Rendered 4301/4500, time remaining: 2s
Rendered 4302/4500, time remaining: 2s
Rendered 4303/4500, time remaining: 2s
Rendered 4304/4500, time remaining: 2s
Rendered 4305/4500, time remaining: 2s
Rendered 4306/4500, time remaining: 2s
Rendered 4307/4500, time remaining: 2s
Rendered 4308/4500, time remaining: 2s
Rendered 4309/4500, time remaining: 2s
Rendered 4310/4500, time remaining: 2s
Rendered 4311/4500, time remaining: 2s
Rendered 4312/4500, time remaining: 2s
Rendered 4313/4500, time remaining: 2s
Rendered 4314/4500, time remaining: 2s
Rendered 4315/4500, time remaining: 2s
Rendered 4316/4500, time remaining: 2s
Rendered 4317/4500, time remaining: 2s
Rendered 4318/4500, time remaining: 2s
Rendered 4319/4500, time remaining: 2s
Rendered 4320/4500, time remaining: 2s
Rendered 4321/4500, time remaining: 2s
Rendered 4322/4500, time remaining: 2s
Rendered 4323/4500, time remaining: 2s
Rendered 4324/4500, time remaining: 2s
Rendered 4325/4500, time remaining: 2s
Rendered 4326/4500, time remaining: 2s
Rendered 4327/4500, time remaining: 2s
Rendered 4328/4500, time remaining: 2s
Rendered 4329/4500, time remaining: 2s
Rendered 4330/4500, time remaining: 2s
Rendered 4331/4500, time remaining: 2s
Rendered 4332/4500, time remaining: 2s
Rendered 4333/4500, time remaining: 2s
Rendered 4334/4500, time remaining: 2s
Rendered 4335/4500, time remaining: 2s
Rendered 4336/4500, time remaining: 2s
Rendered 4337/4500, time remaining: 2s
Rendered 4338/4500, time remaining: 2s
Rendered 4339/4500, time remaining: 2s
Rendered 4340/4500, time remaining: 2s
Rendered 4341/4500, time remaining: 1s
Rendered 4342/4500, time remaining: 2s
Rendered 4342/4500, time remaining: 2s
Rendered 4343/4500, time remaining: 2s
Rendered 4344/4500, time remaining: 2s
Rendered 4345/4500, time remaining: 2s
Rendered 4346/4500, time remaining: 2s
Rendered 4347/4500, time remaining: 2s
Rendered 4348/4500, time remaining: 1s
Rendered 4349/4500, time remaining: 1s
Rendered 4350/4500, time remaining: 1s
Rendered 4351/4500, time remaining: 1s
Rendered 4352/4500, time remaining: 1s
Rendered 4353/4500, time remaining: 1s
Rendered 4354/4500, time remaining: 1s
Rendered 4355/4500, time remaining: 1s
Rendered 4356/4500, time remaining: 1s
Rendered 4357/4500, time remaining: 1s
Rendered 4358/4500, time remaining: 1s
Rendered 4359/4500, time remaining: 1s
Rendered 4360/4500, time remaining: 1s
Rendered 4361/4500, time remaining: 1s
Rendered 4362/4500, time remaining: 1s
Rendered 4363/4500, time remaining: 1s
Rendered 4364/4500, time remaining: 1s
Rendered 4365/4500, time remaining: 1s
Rendered 4366/4500, time remaining: 1s
Rendered 4367/4500, time remaining: 1s
Rendered 4368/4500, time remaining: 1s
Rendered 4369/4500, time remaining: 1s
Rendered 4370/4500, time remaining: 1s
Rendered 4371/4500, time remaining: 1s
Rendered 4372/4500, time remaining: 1s
Rendered 4373/4500, time remaining: 1s
Rendered 4374/4500, time remaining: 1s
Rendered 4375/4500, time remaining: 1s
Rendered 4376/4500, time remaining: 1s
Rendered 4377/4500, time remaining: 1s
Rendered 4378/4500, time remaining: 1s
Rendered 4379/4500, time remaining: 1s
Rendered 4380/4500, time remaining: 1s
Rendered 4381/4500, time remaining: 1s
Rendered 4382/4500, time remaining: 1s
Rendered 4383/4500, time remaining: 1s
Rendered 4384/4500, time remaining: 1s
Rendered 4385/4500, time remaining: 1s
Rendered 4386/4500, time remaining: 1s
Rendered 4386/4500, time remaining: 1s
Rendered 4387/4500, time remaining: 1s
Rendered 4388/4500, time remaining: 1s
Rendered 4389/4500, time remaining: 1s
Rendered 4390/4500, time remaining: 1s
Rendered 4391/4500, time remaining: 1s
Rendered 4392/4500, time remaining: 1s
Rendered 4393/4500, time remaining: 1s
Rendered 4394/4500, time remaining: 1s
Rendered 4395/4500, time remaining: 1s
Rendered 4396/4500, time remaining: 1s
Rendered 4397/4500, time remaining: 1s
Rendered 4398/4500, time remaining: 1s
Rendered 4399/4500, time remaining: 1s
Rendered 4400/4500, time remaining: 1s
Rendered 4401/4500, time remaining: 1s
Rendered 4402/4500, time remaining: 1s
Rendered 4403/4500, time remaining: 1s
Rendered 4404/4500, time remaining: 1s
Rendered 4405/4500, time remaining: 1s
Rendered 4406/4500, time remaining: 1s
Rendered 4407/4500, time remaining: 1s
Rendered 4408/4500, time remaining: 0s
Rendered 4409/4500, time remaining: 0s
Rendered 4410/4500, time remaining: 0s
Rendered 4411/4500, time remaining: 0s
Rendered 4412/4500, time remaining: 0s
Rendered 4413/4500, time remaining: 0s
Rendered 4414/4500, time remaining: 0s
Rendered 4415/4500, time remaining: 0s
Rendered 4416/4500, time remaining: 0s
Rendered 4417/4500, time remaining: 0s
Rendered 4418/4500, time remaining: 0s
Rendered 4419/4500, time remaining: 0s
Rendered 4420/4500, time remaining: 0s
Rendered 4421/4500, time remaining: 0s
Rendered 4422/4500, time remaining: 0s
Rendered 4423/4500, time remaining: 0s
Rendered 4424/4500, time remaining: 0s
Rendered 4425/4500, time remaining: 0s
Rendered 4426/4500, time remaining: 0s
Rendered 4427/4500, time remaining: 0s
Rendered 4428/4500, time remaining: 0s
Rendered 4429/4500, time remaining: 0s
Rendered 4430/4500, time remaining: 0s
Rendered 4431/4500, time remaining: 0s
Rendered 4432/4500, time remaining: 0s
Rendered 4432/4500, time remaining: 0s
Rendered 4433/4500, time remaining: 0s
Rendered 4434/4500, time remaining: 0s
Rendered 4435/4500, time remaining: 0s
Rendered 4436/4500, time remaining: 0s
Rendered 4437/4500, time remaining: 0s
Rendered 4438/4500, time remaining: 0s
Rendered 4439/4500, time remaining: 0s
Rendered 4440/4500, time remaining: 0s
Rendered 4441/4500, time remaining: 0s
Rendered 4442/4500, time remaining: 0s
Rendered 4443/4500, time remaining: 0s
Rendered 4444/4500, time remaining: 0s
Rendered 4445/4500, time remaining: 0s
Rendered 4446/4500, time remaining: 0s
Rendered 4447/4500, time remaining: 0s
Rendered 4448/4500, time remaining: 0s
Rendered 4449/4500, time remaining: 0s
Rendered 4450/4500, time remaining: 0s
Rendered 4451/4500, time remaining: 0s
Rendered 4452/4500, time remaining: 0s
Rendered 4453/4500, time remaining: 0s
Rendered 4454/4500, time remaining: 0s
Rendered 4455/4500, time remaining: 0s
Rendered 4456/4500, time remaining: 0s
Rendered 4457/4500, time remaining: 0s
Rendered 4458/4500, time remaining: 0s
Rendered 4459/4500, time remaining: 0s
Rendered 4460/4500, time remaining: 0s
Rendered 4461/4500, time remaining: 0s
Rendered 4462/4500, time remaining: 0s
Rendered 4463/4500, time remaining: 0s
Rendered 4464/4500, time remaining: 0s
Rendered 4465/4500, time remaining: 0s
Rendered 4466/4500, time remaining: 0s
Rendered 4467/4500, time remaining: 0s
Rendered 4468/4500, time remaining: 0s
Rendered 4469/4500, time remaining: 0s
Rendered 4470/4500, time remaining: 0s
Rendered 4471/4500, time remaining: 0s
Rendered 4472/4500, time remaining: 0s
Rendered 4473/4500, time remaining: 0s
Rendered 4474/4500, time remaining: 0s
Rendered 4475/4500, time remaining: 0s
Rendered 4476/4500, time remaining: 0s
Rendered 4477/4500, time remaining: 0s
Rendered 4478/4500, time remaining: 0s
Rendered 4479/4500, time remaining: 0s
Rendered 4480/4500, time remaining: 0s
Rendered 4481/4500, time remaining: 0s
Rendered 4482/4500, time remaining: 0s
Rendered 4482/4500, time remaining: 0s
Rendered 4483/4500, time remaining: 0s
Rendered 4484/4500, time remaining: 0s
Rendered 4485/4500, time remaining: 0s
Rendered 4486/4500, time remaining: 0s
Rendered 4487/4500, time remaining: 0s
Rendered 4488/4500, time remaining: 0s
Rendered 4489/4500, time remaining: 0s
Rendered 4490/4500, time remaining: 0s
Rendered 4491/4500, time remaining: 0s
Rendered 4492/4500, time remaining: 0s
Rendered 4493/4500, time remaining: 0s
Rendered 4494/4500, time remaining: 0s
Rendered 4495/4500, time remaining: 0s
Rendered 4496/4500, time remaining: 0s
Rendered 4497/4500, time remaining: 0s
Rendered 4498/4500, time remaining: 0s
Rendered 4499/4500, time remaining: 0s
Encoded 3534/4500
Encoded 3600/4500
Encoded 4500/4500
+                    ../output/chap03.mp4 8.5 MB

>>> Rendering [Chapter04-TheParadox] -> ../output/chap04.mp4 ...
Getting composition
Composition          Chapter04-TheParadox
Codec                h264
Output               ../output/chap04.mp4
Concurrency          8x
Rendered 0/4500
Rendered 1/4500, time remaining: 1h 47m 40s
Rendered 2/4500, time remaining: 54m 7s
Rendered 3/4500, time remaining: 36m 4s
Rendered 4/4500, time remaining: 27m 4s
Rendered 5/4500, time remaining: 21m 39s
Rendered 6/4500, time remaining: 18m 7s
Rendered 7/4500, time remaining: 15m 37s
Rendered 8/4500, time remaining: 13m 40s
Rendered 9/4500, time remaining: 13m 21s
Rendered 10/4500, time remaining: 12m 1s
Rendered 11/4500, time remaining: 10m 56s
Rendered 12/4500, time remaining: 10m 1s
Rendered 13/4500, time remaining: 9m 24s
Rendered 14/4500, time remaining: 8m 44s
Rendered 15/4500, time remaining: 8m 9s
Rendered 16/4500, time remaining: 7m 39s
Rendered 17/4500, time remaining: 7m 31s
Rendered 18/4500, time remaining: 7m 6s
Rendered 19/4500, time remaining: 6m 44s
Rendered 20/4500, time remaining: 6m 25s
Rendered 21/4500, time remaining: 6m 7s
Rendered 22/4500, time remaining: 5m 53s
Rendered 23/4500, time remaining: 5m 38s
Rendered 24/4500, time remaining: 5m 25s
Rendered 25/4500, time remaining: 5m 18s
Rendered 26/4500, time remaining: 5m 8s
Rendered 27/4500, time remaining: 5m 0s
Rendered 28/4500, time remaining: 4m 50s
Rendered 29/4500, time remaining: 4m 43s
Rendered 30/4500, time remaining: 4m 33s
Rendered 31/4500, time remaining: 4m 25s
Rendered 32/4500, time remaining: 4m 17s
Rendered 32/4500, time remaining: 4m 17s
Rendered 33/4500, time remaining: 4m 17s
Rendered 34/4500, time remaining: 4m 10s
Rendered 35/4500, time remaining: 4m 3s
Rendered 36/4500, time remaining: 4m 1s
Rendered 37/4500, time remaining: 3m 55s
Rendered 38/4500, time remaining: 3m 49s
Rendered 39/4500, time remaining: 3m 43s
Rendered 40/4500, time remaining: 3m 38s
Rendered 41/4500, time remaining: 3m 39s
Rendered 42/4500, time remaining: 3m 36s
Rendered 43/4500, time remaining: 3m 34s
Rendered 44/4500, time remaining: 3m 29s
Rendered 45/4500, time remaining: 3m 25s
Rendered 46/4500, time remaining: 3m 22s
Rendered 47/4500, time remaining: 3m 18s
Rendered 48/4500, time remaining: 3m 14s
Rendered 49/4500, time remaining: 3m 12s
Rendered 50/4500, time remaining: 3m 10s
Rendered 51/4500, time remaining: 3m 7s
Rendered 52/4500, time remaining: 3m 5s
Rendered 53/4500, time remaining: 3m 2s
Rendered 54/4500, time remaining: 2m 59s
Rendered 55/4500, time remaining: 2m 56s
Rendered 56/4500, time remaining: 3m 0s
Rendered 57/4500, time remaining: 2m 58s
Rendered 58/4500, time remaining: 2m 55s
Rendered 59/4500, time remaining: 2m 53s
Rendered 60/4500, time remaining: 2m 50s
Rendered 61/4500, time remaining: 2m 49s
Rendered 62/4500, time remaining: 2m 47s
Rendered 63/4500, time remaining: 2m 45s
Rendered 64/4500, time remaining: 2m 42s
Rendered 64/4500, time remaining: 2m 42s
Rendered 65/4500, time remaining: 2m 42s
Rendered 66/4500, time remaining: 2m 40s
Rendered 67/4500, time remaining: 2m 38s
Rendered 68/4500, time remaining: 2m 36s
Rendered 69/4500, time remaining: 2m 36s
Rendered 70/4500, time remaining: 2m 34s
Rendered 71/4500, time remaining: 2m 32s
Rendered 72/4500, time remaining: 2m 30s
Rendered 73/4500, time remaining: 2m 29s
Rendered 74/4500, time remaining: 2m 28s
Rendered 75/4500, time remaining: 2m 26s
Rendered 76/4500, time remaining: 2m 25s
Rendered 77/4500, time remaining: 2m 24s
Rendered 78/4500, time remaining: 2m 23s
Rendered 79/4500, time remaining: 2m 22s
Rendered 80/4500, time remaining: 2m 21s
Rendered 81/4500, time remaining: 2m 20s
Rendered 82/4500, time remaining: 2m 19s
Rendered 83/4500, time remaining: 2m 17s
Rendered 84/4500, time remaining: 2m 16s
Rendered 85/4500, time remaining: 2m 16s
Rendered 86/4500, time remaining: 2m 15s
Rendered 87/4500, time remaining: 2m 18s
Rendered 88/4500, time remaining: 2m 19s
Rendered 89/4500, time remaining: 2m 17s
Rendered 90/4500, time remaining: 2m 15s
Rendered 91/4500, time remaining: 2m 14s
Rendered 92/4500, time remaining: 2m 13s
Rendered 93/4500, time remaining: 2m 14s
Rendered 94/4500, time remaining: 2m 13s
Rendered 94/4500, time remaining: 2m 13s
Rendered 95/4500, time remaining: 2m 13s
Rendered 96/4500, time remaining: 2m 12s
Rendered 97/4500, time remaining: 2m 11s
Rendered 98/4500, time remaining: 2m 11s
Rendered 99/4500, time remaining: 2m 9s
Rendered 100/4500, time remaining: 2m 8s
Rendered 101/4500, time remaining: 2m 9s
Rendered 102/4500, time remaining: 2m 8s
Rendered 103/4500, time remaining: 2m 8s
Rendered 104/4500, time remaining: 2m 8s
Rendered 105/4500, time remaining: 2m 8s
Rendered 106/4500, time remaining: 2m 7s
Rendered 107/4500, time remaining: 2m 6s
Rendered 108/4500, time remaining: 2m 5s
Rendered 109/4500, time remaining: 2m 4s
Rendered 110/4500, time remaining: 2m 4s
Rendered 111/4500, time remaining: 2m 4s
Rendered 112/4500, time remaining: 2m 3s
Rendered 113/4500, time remaining: 2m 4s
Rendered 114/4500, time remaining: 2m 4s
Rendered 115/4500, time remaining: 2m 3s
Rendered 116/4500, time remaining: 2m 3s
Rendered 117/4500, time remaining: 2m 2s
Rendered 118/4500, time remaining: 2m 1s
Rendered 119/4500, time remaining: 2m 1s
Rendered 120/4500, time remaining: 2m 0s
Rendered 121/4500, time remaining: 2m 1s
Rendered 122/4500, time remaining: 2m 0s
Rendered 123/4500, time remaining: 1m 59s
Rendered 123/4500, time remaining: 1m 59s
Rendered 124/4500, time remaining: 1m 59s
Rendered 125/4500, time remaining: 1m 58s
Rendered 126/4500, time remaining: 1m 59s
Rendered 127/4500, time remaining: 1m 58s
Rendered 128/4500, time remaining: 1m 57s
Rendered 129/4500, time remaining: 1m 58s
Rendered 130/4500, time remaining: 1m 58s
Rendered 131/4500, time remaining: 1m 58s
Rendered 132/4500, time remaining: 1m 59s
Rendered 133/4500, time remaining: 1m 59s
Rendered 134/4500, time remaining: 1m 59s
Rendered 135/4500, time remaining: 1m 59s
Rendered 136/4500, time remaining: 1m 58s
Rendered 137/4500, time remaining: 1m 59s
Rendered 138/4500, time remaining: 1m 58s
Rendered 139/4500, time remaining: 2m 0s
Rendered 140/4500, time remaining: 2m 1s
Rendered 141/4500, time remaining: 2m 0s
Rendered 142/4500, time remaining: 1m 59s
Rendered 143/4500, time remaining: 1m 58s
Rendered 143/4500, time remaining: 1m 58s
Rendered 144/4500, time remaining: 2m 3s
Rendered 145/4500, time remaining: 2m 7s
Rendered 146/4500, time remaining: 2m 7s
Rendered 147/4500, time remaining: 2m 7s
Rendered 148/4500, time remaining: 2m 8s
Rendered 149/4500, time remaining: 2m 7s
Rendered 150/4500, time remaining: 2m 7s
Rendered 151/4500, time remaining: 1m 26s
Rendered 151/4500, time remaining: 1m 26s
Rendered 152/4500, time remaining: 1m 26s
Rendered 153/4500, time remaining: 1m 26s
Rendered 154/4500, time remaining: 1m 28s
Rendered 155/4500, time remaining: 1m 32s
Rendered 156/4500, time remaining: 1m 32s
Rendered 157/4500, time remaining: 1m 32s
Rendered 158/4500, time remaining: 1m 32s
Rendered 159/4500, time remaining: 1m 29s
Rendered 160/4500, time remaining: 1m 30s
Rendered 161/4500, time remaining: 1m 30s
Rendered 162/4500, time remaining: 1m 31s
Rendered 163/4500, time remaining: 1m 31s
Rendered 164/4500, time remaining: 1m 33s
Rendered 165/4500, time remaining: 1m 33s
Rendered 166/4500, time remaining: 1m 33s
Rendered 167/4500, time remaining: 1m 33s
Rendered 167/4500, time remaining: 1m 33s
Rendered 168/4500, time remaining: 1m 33s
Rendered 169/4500, time remaining: 1m 33s
Rendered 170/4500, time remaining: 1m 33s
Rendered 171/4500, time remaining: 1m 35s
Rendered 172/4500, time remaining: 1m 34s
Rendered 173/4500, time remaining: 1m 35s
Rendered 174/4500, time remaining: 1m 35s
Rendered 175/4500, time remaining: 1m 35s
Rendered 176/4500, time remaining: 1m 35s
Rendered 177/4500, time remaining: 1m 34s
Rendered 178/4500, time remaining: 1m 35s
Rendered 179/4500, time remaining: 1m 35s
Rendered 180/4500, time remaining: 1m 37s
Rendered 181/4500, time remaining: 1m 37s
Rendered 182/4500, time remaining: 1m 36s
Rendered 183/4500, time remaining: 1m 36s
Rendered 184/4500, time remaining: 1m 38s
Rendered 185/4500, time remaining: 1m 39s
Rendered 185/4500, time remaining: 1m 39s
Rendered 186/4500, time remaining: 1m 41s
Rendered 187/4500, time remaining: 1m 41s
Rendered 188/4500, time remaining: 1m 40s
Rendered 189/4500, time remaining: 1m 40s
Rendered 190/4500, time remaining: 1m 40s
Rendered 191/4500, time remaining: 1m 39s
Rendered 192/4500, time remaining: 1m 39s
Rendered 193/4500, time remaining: 1m 41s
Rendered 194/4500, time remaining: 1m 41s
Rendered 195/4500, time remaining: 1m 41s
Rendered 196/4500, time remaining: 1m 41s
Rendered 197/4500, time remaining: 1m 41s
Rendered 198/4500, time remaining: 1m 41s
Rendered 199/4500, time remaining: 1m 42s
Rendered 200/4500, time remaining: 1m 42s
Rendered 201/4500, time remaining: 1m 42s
Rendered 202/4500, time remaining: 1m 43s
Rendered 203/4500, time remaining: 1m 43s
Rendered 204/4500, time remaining: 1m 43s
Rendered 205/4500, time remaining: 1m 43s
Rendered 206/4500, time remaining: 1m 41s
Rendered 207/4500, time remaining: 1m 41s
Rendered 208/4500, time remaining: 1m 41s
Rendered 209/4500, time remaining: 1m 42s
Rendered 210/4500, time remaining: 1m 42s
Rendered 211/4500, time remaining: 1m 41s
Rendered 212/4500, time remaining: 1m 41s
Rendered 213/4500, time remaining: 1m 42s
Rendered 213/4500, time remaining: 1m 42s
Rendered 214/4500, time remaining: 1m 43s
Rendered 215/4500, time remaining: 1m 42s
Rendered 216/4500, time remaining: 1m 42s
Rendered 217/4500, time remaining: 1m 47s
Rendered 218/4500, time remaining: 1m 47s
Rendered 219/4500, time remaining: 1m 48s
Rendered 220/4500, time remaining: 1m 47s
Rendered 221/4500, time remaining: 1m 48s
Rendered 222/4500, time remaining: 1m 48s
Rendered 223/4500, time remaining: 1m 48s
Rendered 224/4500, time remaining: 1m 49s
Rendered 225/4500, time remaining: 1m 49s
Rendered 226/4500, time remaining: 1m 49s
Rendered 227/4500, time remaining: 1m 49s
Rendered 228/4500, time remaining: 1m 49s
Rendered 229/4500, time remaining: 1m 49s
Rendered 230/4500, time remaining: 1m 49s
Rendered 231/4500, time remaining: 1m 50s
Rendered 231/4500, time remaining: 1m 50s
Rendered 232/4500, time remaining: 1m 50s
Rendered 233/4500, time remaining: 1m 50s
Rendered 234/4500, time remaining: 1m 50s
Rendered 235/4500, time remaining: 1m 49s
Rendered 236/4500, time remaining: 1m 50s
Rendered 237/4500, time remaining: 1m 48s
Rendered 238/4500, time remaining: 1m 48s
Rendered 239/4500, time remaining: 1m 48s
Rendered 240/4500, time remaining: 1m 49s
Rendered 241/4500, time remaining: 1m 52s
Rendered 242/4500, time remaining: 1m 52s
Rendered 243/4500, time remaining: 1m 50s
Rendered 244/4500, time remaining: 1m 49s
Rendered 245/4500, time remaining: 1m 51s
Rendered 246/4500, time remaining: 1m 51s
Rendered 247/4500, time remaining: 1m 53s
Rendered 248/4500, time remaining: 1m 53s
Rendered 249/4500, time remaining: 1m 53s
Rendered 250/4500, time remaining: 1m 53s
Rendered 251/4500, time remaining: 1m 52s
Rendered 252/4500, time remaining: 1m 52s
Rendered 253/4500, time remaining: 1m 51s
Rendered 254/4500, time remaining: 1m 50s
Rendered 254/4500, time remaining: 1m 50s
Rendered 255/4500, time remaining: 1m 53s
Rendered 256/4500, time remaining: 1m 53s
Rendered 257/4500, time remaining: 1m 53s
Rendered 258/4500, time remaining: 1m 54s
Rendered 259/4500, time remaining: 1m 54s
Rendered 260/4500, time remaining: 1m 53s
Rendered 261/4500, time remaining: 1m 52s
Rendered 262/4500, time remaining: 1m 53s
Rendered 263/4500, time remaining: 1m 53s
Rendered 264/4500, time remaining: 1m 53s
Rendered 265/4500, time remaining: 1m 53s
Rendered 266/4500, time remaining: 1m 54s
Rendered 267/4500, time remaining: 1m 54s
Rendered 268/4500, time remaining: 1m 54s
Rendered 269/4500, time remaining: 1m 54s
Rendered 270/4500, time remaining: 1m 54s
Rendered 271/4500, time remaining: 1m 53s
Rendered 272/4500, time remaining: 1m 53s
Rendered 273/4500, time remaining: 1m 55s
Rendered 273/4500, time remaining: 1m 55s
Rendered 274/4500, time remaining: 1m 54s
Rendered 275/4500, time remaining: 1m 54s
Rendered 276/4500, time remaining: 1m 53s
Rendered 277/4500, time remaining: 1m 53s
Rendered 278/4500, time remaining: 1m 53s
Rendered 279/4500, time remaining: 1m 53s
Rendered 280/4500, time remaining: 1m 53s
Rendered 281/4500, time remaining: 1m 52s
Rendered 282/4500, time remaining: 1m 51s
Rendered 283/4500, time remaining: 1m 51s
Rendered 284/4500, time remaining: 1m 50s
Rendered 285/4500, time remaining: 1m 50s
Rendered 286/4500, time remaining: 1m 50s
Rendered 287/4500, time remaining: 1m 50s
Rendered 288/4500, time remaining: 1m 50s
Rendered 289/4500, time remaining: 1m 48s
Rendered 290/4500, time remaining: 1m 47s
Rendered 291/4500, time remaining: 1m 47s
Rendered 292/4500, time remaining: 1m 48s
Rendered 293/4500, time remaining: 1m 48s
Rendered 294/4500, time remaining: 1m 42s
Rendered 295/4500, time remaining: 1m 39s
Rendered 296/4500, time remaining: 1m 39s
Rendered 297/4500, time remaining: 1m 38s
Rendered 298/4500, time remaining: 1m 36s
Rendered 299/4500, time remaining: 1m 36s
Rendered 300/4500, time remaining: 1m 36s
Rendered 301/4500, time remaining: 1m 36s
Rendered 302/4500, time remaining: 1m 36s
Rendered 302/4500, time remaining: 1m 36s
Rendered 303/4500, time remaining: 1m 39s
Rendered 304/4500, time remaining: 1m 36s
Rendered 305/4500, time remaining: 1m 32s
Rendered 306/4500, time remaining: 1m 35s
Rendered 307/4500, time remaining: 1m 35s
Rendered 308/4500, time remaining: 1m 35s
Rendered 309/4500, time remaining: 1m 35s
Rendered 310/4500, time remaining: 1m 35s
Rendered 311/4500, time remaining: 1m 36s
Rendered 312/4500, time remaining: 1m 34s
Rendered 313/4500, time remaining: 1m 34s
Rendered 314/4500, time remaining: 1m 33s
Rendered 315/4500, time remaining: 1m 33s
Rendered 316/4500, time remaining: 1m 33s
Rendered 317/4500, time remaining: 1m 32s
Rendered 318/4500, time remaining: 1m 31s
Rendered 319/4500, time remaining: 1m 33s
Rendered 320/4500, time remaining: 1m 33s
Rendered 321/4500, time remaining: 1m 32s
Rendered 322/4500, time remaining: 1m 32s
Rendered 323/4500, time remaining: 1m 33s
Rendered 324/4500, time remaining: 1m 33s
Rendered 325/4500, time remaining: 1m 32s
Rendered 326/4500, time remaining: 1m 32s
Rendered 327/4500, time remaining: 1m 32s
Rendered 328/4500, time remaining: 1m 32s
Rendered 329/4500, time remaining: 1m 32s
Rendered 329/4500, time remaining: 1m 32s
Rendered 330/4500, time remaining: 1m 30s
Rendered 331/4500, time remaining: 1m 31s
Rendered 332/4500, time remaining: 1m 31s
Rendered 333/4500, time remaining: 1m 30s
Rendered 334/4500, time remaining: 1m 29s
Rendered 335/4500, time remaining: 1m 28s
Rendered 336/4500, time remaining: 1m 25s
Rendered 337/4500, time remaining: 1m 25s
Rendered 338/4500, time remaining: 1m 27s
Rendered 339/4500, time remaining: 1m 27s
Rendered 340/4500, time remaining: 1m 27s
Rendered 341/4500, time remaining: 1m 28s
Rendered 342/4500, time remaining: 1m 28s
Rendered 343/4500, time remaining: 1m 26s
Rendered 344/4500, time remaining: 1m 26s
Rendered 345/4500, time remaining: 1m 26s
Rendered 346/4500, time remaining: 1m 26s
Rendered 347/4500, time remaining: 1m 25s
Rendered 348/4500, time remaining: 1m 26s
Rendered 349/4500, time remaining: 1m 24s
Rendered 350/4500, time remaining: 1m 26s
Rendered 351/4500, time remaining: 1m 26s
Rendered 352/4500, time remaining: 1m 25s
Rendered 353/4500, time remaining: 1m 25s
Rendered 354/4500, time remaining: 1m 25s
Rendered 355/4500, time remaining: 1m 26s
Rendered 356/4500, time remaining: 1m 27s
Rendered 356/4500, time remaining: 1m 27s
Rendered 357/4500, time remaining: 1m 26s
Rendered 358/4500, time remaining: 1m 27s
Rendered 359/4500, time remaining: 1m 27s
Rendered 360/4500, time remaining: 1m 27s
Rendered 361/4500, time remaining: 1m 27s
Rendered 362/4500, time remaining: 1m 27s
Rendered 363/4500, time remaining: 1m 26s
Rendered 364/4500, time remaining: 1m 26s
Rendered 365/4500, time remaining: 1m 27s
Rendered 366/4500, time remaining: 1m 27s
Rendered 367/4500, time remaining: 1m 22s
Rendered 368/4500, time remaining: 1m 22s
Rendered 369/4500, time remaining: 1m 21s
Rendered 370/4500, time remaining: 1m 21s
Rendered 371/4500, time remaining: 1m 21s
Rendered 372/4500, time remaining: 1m 21s
Rendered 373/4500, time remaining: 1m 22s
Rendered 374/4500, time remaining: 1m 22s
Rendered 375/4500, time remaining: 1m 21s
Rendered 376/4500, time remaining: 1m 21s
Rendered 377/4500, time remaining: 1m 21s
Rendered 378/4500, time remaining: 1m 21s
Rendered 379/4500, time remaining: 1m 22s
Rendered 380/4500, time remaining: 1m 24s
Rendered 381/4500, time remaining: 1m 22s
Rendered 382/4500, time remaining: 1m 21s
Rendered 382/4500, time remaining: 1m 21s
Rendered 383/4500, time remaining: 1m 22s
Rendered 384/4500, time remaining: 1m 23s
Rendered 385/4500, time remaining: 1m 23s
Rendered 386/4500, time remaining: 1m 23s
Rendered 387/4500, time remaining: 1m 23s
Rendered 388/4500, time remaining: 1m 23s
Rendered 389/4500, time remaining: 1m 24s
Rendered 390/4500, time remaining: 1m 24s
Rendered 391/4500, time remaining: 1m 22s
Rendered 392/4500, time remaining: 1m 22s
Rendered 393/4500, time remaining: 1m 22s
Rendered 394/4500, time remaining: 1m 22s
Rendered 395/4500, time remaining: 1m 20s
Rendered 396/4500, time remaining: 1m 20s
Rendered 397/4500, time remaining: 1m 21s
Rendered 398/4500, time remaining: 1m 20s
Rendered 399/4500, time remaining: 1m 20s
Rendered 400/4500, time remaining: 1m 20s
Rendered 401/4500, time remaining: 1m 20s
Rendered 402/4500, time remaining: 1m 21s
Rendered 403/4500, time remaining: 1m 21s
Rendered 404/4500, time remaining: 1m 22s
Rendered 404/4500, time remaining: 1m 22s
Rendered 405/4500, time remaining: 1m 20s
Rendered 406/4500, time remaining: 1m 20s
Rendered 407/4500, time remaining: 1m 20s
Rendered 408/4500, time remaining: 1m 19s
Rendered 409/4500, time remaining: 1m 20s
Rendered 410/4500, time remaining: 1m 20s
Rendered 411/4500, time remaining: 1m 20s
Rendered 412/4500, time remaining: 1m 20s
Rendered 413/4500, time remaining: 1m 18s
Rendered 414/4500, time remaining: 1m 19s
Rendered 415/4500, time remaining: 1m 19s
Rendered 416/4500, time remaining: 1m 18s
Rendered 417/4500, time remaining: 1m 19s
Rendered 418/4500, time remaining: 1m 18s
Rendered 419/4500, time remaining: 1m 18s
Rendered 420/4500, time remaining: 1m 18s
Rendered 421/4500, time remaining: 1m 18s
Rendered 422/4500, time remaining: 1m 18s
Rendered 423/4500, time remaining: 1m 17s
Rendered 424/4500, time remaining: 1m 17s
Rendered 425/4500, time remaining: 1m 18s
Rendered 426/4500, time remaining: 1m 18s
Rendered 427/4500, time remaining: 1m 17s
Rendered 428/4500, time remaining: 1m 17s
Rendered 429/4500, time remaining: 1m 16s
Rendered 430/4500, time remaining: 1m 16s
Rendered 431/4500, time remaining: 1m 17s
Rendered 432/4500, time remaining: 1m 17s
Rendered 433/4500, time remaining: 1m 16s
Rendered 434/4500, time remaining: 1m 17s
Rendered 434/4500, time remaining: 1m 17s
Rendered 435/4500, time remaining: 1m 18s
Rendered 436/4500, time remaining: 1m 17s
Rendered 437/4500, time remaining: 1m 18s
Rendered 438/4500, time remaining: 1m 18s
Rendered 439/4500, time remaining: 1m 19s
Rendered 440/4500, time remaining: 1m 19s
Rendered 441/4500, time remaining: 1m 18s
Rendered 442/4500, time remaining: 1m 19s
Rendered 443/4500, time remaining: 1m 19s
Rendered 444/4500, time remaining: 1m 19s
Rendered 445/4500, time remaining: 1m 21s
Rendered 446/4500, time remaining: 1m 20s
Rendered 447/4500, time remaining: 1m 21s
Rendered 448/4500, time remaining: 1m 21s
Rendered 449/4500, time remaining: 1m 21s
Rendered 450/4500, time remaining: 1m 21s
Rendered 451/4500, time remaining: 1m 21s
Rendered 452/4500, time remaining: 1m 23s
Rendered 453/4500, time remaining: 1m 20s
Rendered 454/4500, time remaining: 1m 20s
Rendered 455/4500, time remaining: 1m 20s
Rendered 456/4500, time remaining: 1m 18s
Rendered 456/4500, time remaining: 1m 18s
Rendered 457/4500, time remaining: 1m 19s
Rendered 458/4500, time remaining: 1m 20s
Rendered 459/4500, time remaining: 1m 19s
Rendered 460/4500, time remaining: 1m 19s
Rendered 461/4500, time remaining: 1m 18s
Rendered 462/4500, time remaining: 1m 18s
Rendered 463/4500, time remaining: 1m 18s
Rendered 464/4500, time remaining: 1m 18s
Rendered 465/4500, time remaining: 1m 18s
Rendered 466/4500, time remaining: 1m 19s
Rendered 467/4500, time remaining: 1m 19s
Rendered 468/4500, time remaining: 1m 19s
Rendered 469/4500, time remaining: 1m 18s
Rendered 470/4500, time remaining: 1m 18s
Rendered 471/4500, time remaining: 1m 18s
Rendered 472/4500, time remaining: 1m 18s
Rendered 473/4500, time remaining: 1m 17s
Rendered 474/4500, time remaining: 1m 19s
Rendered 475/4500, time remaining: 1m 19s
Rendered 476/4500, time remaining: 1m 19s
Rendered 477/4500, time remaining: 1m 20s
Rendered 478/4500, time remaining: 1m 20s
Rendered 479/4500, time remaining: 1m 19s
Rendered 480/4500, time remaining: 1m 19s
Rendered 481/4500, time remaining: 1m 19s
Rendered 482/4500, time remaining: 1m 18s
Rendered 483/4500, time remaining: 1m 18s
Rendered 484/4500, time remaining: 1m 19s
Rendered 484/4500, time remaining: 1m 19s
Rendered 485/4500, time remaining: 1m 20s
Rendered 486/4500, time remaining: 1m 20s
Rendered 487/4500, time remaining: 1m 20s
Rendered 488/4500, time remaining: 1m 19s
Rendered 489/4500, time remaining: 1m 18s
Rendered 490/4500, time remaining: 1m 18s
Rendered 491/4500, time remaining: 1m 17s
Rendered 492/4500, time remaining: 1m 18s
Rendered 493/4500, time remaining: 1m 18s
Rendered 494/4500, time remaining: 1m 19s
Rendered 495/4500, time remaining: 1m 19s
Rendered 496/4500, time remaining: 1m 19s
Rendered 497/4500, time remaining: 1m 18s
Rendered 498/4500, time remaining: 1m 19s
Rendered 499/4500, time remaining: 1m 19s
Rendered 500/4500, time remaining: 1m 17s
Rendered 501/4500, time remaining: 1m 18s
Rendered 502/4500, time remaining: 1m 18s
Rendered 503/4500, time remaining: 1m 18s
Rendered 504/4500, time remaining: 1m 18s
Rendered 505/4500, time remaining: 1m 17s
Rendered 506/4500, time remaining: 1m 16s
Rendered 507/4500, time remaining: 1m 17s
Rendered 508/4500, time remaining: 1m 17s
Rendered 509/4500, time remaining: 1m 17s
Rendered 510/4500, time remaining: 1m 16s
Rendered 511/4500, time remaining: 1m 16s
Rendered 512/4500, time remaining: 1m 16s
Rendered 513/4500, time remaining: 1m 18s
Rendered 513/4500, time remaining: 1m 18s
Rendered 514/4500, time remaining: 1m 17s
Rendered 515/4500, time remaining: 1m 16s
Rendered 516/4500, time remaining: 1m 17s
Rendered 517/4500, time remaining: 1m 17s
Rendered 518/4500, time remaining: 1m 16s
Rendered 519/4500, time remaining: 1m 17s
Rendered 520/4500, time remaining: 1m 18s
Rendered 521/4500, time remaining: 1m 18s
Rendered 522/4500, time remaining: 1m 18s
Rendered 523/4500, time remaining: 1m 17s
Rendered 524/4500, time remaining: 1m 16s
Rendered 525/4500, time remaining: 1m 17s
Rendered 526/4500, time remaining: 1m 17s
Rendered 527/4500, time remaining: 1m 18s
Rendered 528/4500, time remaining: 1m 18s
Rendered 529/4500, time remaining: 1m 16s
Rendered 530/4500, time remaining: 1m 15s
Rendered 531/4500, time remaining: 1m 15s
Rendered 532/4500, time remaining: 1m 16s
Rendered 533/4500, time remaining: 1m 15s
Rendered 534/4500, time remaining: 1m 15s
Rendered 535/4500, time remaining: 1m 15s
Rendered 536/4500, time remaining: 1m 14s
Rendered 537/4500, time remaining: 1m 14s
Rendered 538/4500, time remaining: 1m 13s
Rendered 539/4500, time remaining: 1m 12s
Rendered 540/4500, time remaining: 1m 13s
Rendered 541/4500, time remaining: 1m 12s
Rendered 542/4500, time remaining: 1m 12s
Rendered 543/4500, time remaining: 1m 13s
Rendered 544/4500, time remaining: 1m 13s
Rendered 545/4500, time remaining: 1m 13s
Rendered 545/4500, time remaining: 1m 13s
Rendered 546/4500, time remaining: 1m 12s
Rendered 547/4500, time remaining: 1m 10s
Rendered 548/4500, time remaining: 1m 11s
Rendered 549/4500, time remaining: 1m 11s
Rendered 550/4500, time remaining: 1m 12s
Rendered 551/4500, time remaining: 1m 12s
Rendered 552/4500, time remaining: 1m 12s
Rendered 553/4500, time remaining: 1m 12s
Rendered 554/4500, time remaining: 1m 11s
Rendered 555/4500, time remaining: 1m 11s
Rendered 556/4500, time remaining: 1m 12s
Rendered 557/4500, time remaining: 1m 12s
Rendered 558/4500, time remaining: 1m 11s
Rendered 559/4500, time remaining: 1m 11s
Rendered 560/4500, time remaining: 1m 12s
Rendered 561/4500, time remaining: 1m 12s
Rendered 562/4500, time remaining: 1m 12s
Rendered 563/4500, time remaining: 1m 12s
Rendered 564/4500, time remaining: 1m 11s
Rendered 565/4500, time remaining: 1m 11s
Rendered 566/4500, time remaining: 1m 12s
Rendered 567/4500, time remaining: 1m 13s
Rendered 568/4500, time remaining: 1m 14s
Rendered 568/4500, time remaining: 1m 14s
Rendered 569/4500, time remaining: 1m 15s
Rendered 570/4500, time remaining: 1m 16s
Rendered 571/4500, time remaining: 1m 16s
Rendered 572/4500, time remaining: 1m 16s
Rendered 573/4500, time remaining: 1m 15s
Rendered 574/4500, time remaining: 1m 15s
Rendered 575/4500, time remaining: 1m 15s
Rendered 576/4500, time remaining: 1m 15s
Rendered 577/4500, time remaining: 1m 17s
Rendered 578/4500, time remaining: 1m 16s
Rendered 579/4500, time remaining: 1m 16s
Rendered 580/4500, time remaining: 1m 16s
Rendered 581/4500, time remaining: 1m 17s
Rendered 582/4500, time remaining: 1m 17s
Rendered 583/4500, time remaining: 1m 17s
Rendered 584/4500, time remaining: 1m 16s
Rendered 585/4500, time remaining: 1m 16s
Rendered 586/4500, time remaining: 1m 16s
Rendered 587/4500, time remaining: 1m 14s
Rendered 588/4500, time remaining: 1m 14s
Rendered 589/4500, time remaining: 1m 15s
Rendered 590/4500, time remaining: 1m 15s
Rendered 591/4500, time remaining: 1m 14s
Rendered 592/4500, time remaining: 1m 14s
Rendered 593/4500, time remaining: 1m 14s
Rendered 594/4500, time remaining: 1m 14s
Rendered 595/4500, time remaining: 1m 11s
Rendered 595/4500, time remaining: 1m 11s
Rendered 596/4500, time remaining: 1m 12s
Rendered 597/4500, time remaining: 1m 12s
Rendered 598/4500, time remaining: 1m 12s
Rendered 599/4500, time remaining: 1m 12s
Rendered 600/4500, time remaining: 1m 11s
Rendered 601/4500, time remaining: 1m 11s
Rendered 602/4500, time remaining: 1m 10s
Rendered 603/4500, time remaining: 1m 10s
Rendered 604/4500, time remaining: 1m 10s
Rendered 605/4500, time remaining: 1m 11s
Rendered 606/4500, time remaining: 1m 11s
Rendered 607/4500, time remaining: 1m 10s
Rendered 608/4500, time remaining: 1m 11s
Rendered 609/4500, time remaining: 1m 11s
Rendered 610/4500, time remaining: 1m 10s
Rendered 611/4500, time remaining: 1m 11s
Rendered 612/4500, time remaining: 1m 11s
Rendered 613/4500, time remaining: 1m 12s
Rendered 614/4500, time remaining: 1m 12s
Rendered 615/4500, time remaining: 1m 12s
Rendered 616/4500, time remaining: 1m 11s
Rendered 617/4500, time remaining: 1m 11s
Rendered 618/4500, time remaining: 1m 11s
Rendered 618/4500, time remaining: 1m 11s
Rendered 619/4500, time remaining: 1m 14s
Rendered 620/4500, time remaining: 1m 14s
Rendered 621/4500, time remaining: 1m 13s
Rendered 622/4500, time remaining: 1m 13s
Rendered 623/4500, time remaining: 1m 13s
Rendered 624/4500, time remaining: 1m 10s
Rendered 625/4500, time remaining: 1m 11s
Rendered 626/4500, time remaining: 1m 11s
Rendered 627/4500, time remaining: 1m 11s
Rendered 628/4500, time remaining: 1m 11s
Rendered 629/4500, time remaining: 1m 11s
Rendered 630/4500, time remaining: 1m 11s
Rendered 631/4500, time remaining: 1m 11s
Rendered 632/4500, time remaining: 1m 11s
Rendered 633/4500, time remaining: 1m 11s
Rendered 634/4500, time remaining: 1m 11s
Rendered 635/4500, time remaining: 1m 11s
Rendered 636/4500, time remaining: 1m 11s
Rendered 637/4500, time remaining: 1m 11s
Rendered 638/4500, time remaining: 1m 11s
Rendered 639/4500, time remaining: 1m 11s
Rendered 640/4500, time remaining: 1m 11s
Rendered 641/4500, time remaining: 1m 12s
Rendered 642/4500, time remaining: 1m 11s
Rendered 643/4500, time remaining: 1m 12s
Rendered 644/4500, time remaining: 1m 11s
Rendered 645/4500, time remaining: 1m 11s
Rendered 646/4500, time remaining: 1m 11s
Rendered 647/4500, time remaining: 1m 11s
Rendered 648/4500, time remaining: 1m 10s
Rendered 649/4500, time remaining: 1m 10s
Rendered 650/4500, time remaining: 1m 11s
Rendered 651/4500, time remaining: 1m 11s
Rendered 652/4500, time remaining: 1m 11s
Rendered 652/4500, time remaining: 1m 11s
Rendered 653/4500, time remaining: 1m 11s
Rendered 654/4500, time remaining: 1m 11s
Rendered 655/4500, time remaining: 1m 11s
Rendered 656/4500, time remaining: 1m 11s
Rendered 657/4500, time remaining: 1m 10s
Rendered 658/4500, time remaining: 1m 9s
Rendered 659/4500, time remaining: 1m 10s
Rendered 660/4500, time remaining: 1m 10s
Rendered 661/4500, time remaining: 1m 10s
Rendered 662/4500, time remaining: 1m 11s
Rendered 663/4500, time remaining: 1m 11s
Rendered 664/4500, time remaining: 1m 11s
Rendered 665/4500, time remaining: 1m 10s
Rendered 666/4500, time remaining: 1m 11s
Rendered 667/4500, time remaining: 1m 11s
Rendered 668/4500, time remaining: 1m 12s
Rendered 669/4500, time remaining: 1m 10s
Rendered 670/4500, time remaining: 1m 12s
Rendered 671/4500, time remaining: 1m 12s
Rendered 672/4500, time remaining: 1m 12s
Rendered 673/4500, time remaining: 1m 13s
Rendered 674/4500, time remaining: 1m 12s
Rendered 675/4500, time remaining: 1m 12s
Rendered 676/4500, time remaining: 1m 13s
Rendered 676/4500, time remaining: 1m 13s
Rendered 677/4500, time remaining: 1m 13s
Rendered 678/4500, time remaining: 1m 13s
Rendered 679/4500, time remaining: 1m 13s
Rendered 680/4500, time remaining: 1m 13s
Rendered 681/4500, time remaining: 1m 13s
Rendered 682/4500, time remaining: 1m 13s
Rendered 683/4500, time remaining: 1m 13s
Rendered 684/4500, time remaining: 1m 14s
Rendered 685/4500, time remaining: 1m 14s
Rendered 686/4500, time remaining: 1m 13s
Rendered 687/4500, time remaining: 1m 14s
Rendered 688/4500, time remaining: 1m 14s
Rendered 689/4500, time remaining: 1m 13s
Rendered 690/4500, time remaining: 1m 13s
Rendered 691/4500, time remaining: 1m 13s
Rendered 692/4500, time remaining: 1m 16s
Rendered 693/4500, time remaining: 1m 16s
Rendered 694/4500, time remaining: 1m 16s
Rendered 695/4500, time remaining: 1m 16s
Rendered 696/4500, time remaining: 1m 15s
Rendered 697/4500, time remaining: 1m 15s
Rendered 698/4500, time remaining: 1m 14s
Rendered 699/4500, time remaining: 1m 17s
Rendered 699/4500, time remaining: 1m 17s
Rendered 700/4500, time remaining: 1m 17s
Rendered 701/4500, time remaining: 1m 17s
Rendered 702/4500, time remaining: 1m 17s
Rendered 703/4500, time remaining: 1m 17s
Rendered 704/4500, time remaining: 1m 17s
Rendered 705/4500, time remaining: 1m 20s
Rendered 706/4500, time remaining: 1m 18s
Rendered 707/4500, time remaining: 1m 18s
Rendered 708/4500, time remaining: 1m 18s
Rendered 709/4500, time remaining: 1m 18s
Rendered 710/4500, time remaining: 1m 19s
Rendered 711/4500, time remaining: 1m 19s
Rendered 712/4500, time remaining: 1m 19s
Rendered 713/4500, time remaining: 1m 19s
Rendered 714/4500, time remaining: 1m 19s
Rendered 715/4500, time remaining: 1m 19s
Rendered 716/4500, time remaining: 1m 18s
Rendered 717/4500, time remaining: 1m 17s
Rendered 717/4500, time remaining: 1m 17s
Rendered 718/4500, time remaining: 1m 20s
Rendered 719/4500, time remaining: 1m 18s
Rendered 720/4500, time remaining: 1m 17s
Rendered 721/4500, time remaining: 1m 18s
Rendered 722/4500, time remaining: 1m 17s
Rendered 723/4500, time remaining: 1m 19s
Rendered 724/4500, time remaining: 1m 18s
Rendered 725/4500, time remaining: 1m 18s
Rendered 726/4500, time remaining: 1m 18s
Rendered 727/4500, time remaining: 1m 17s
Rendered 728/4500, time remaining: 1m 20s
Rendered 729/4500, time remaining: 1m 20s
Rendered 730/4500, time remaining: 1m 20s
Rendered 731/4500, time remaining: 1m 18s
Rendered 732/4500, time remaining: 1m 18s
Rendered 733/4500, time remaining: 1m 19s
Rendered 734/4500, time remaining: 1m 19s
Rendered 735/4500, time remaining: 1m 18s
Rendered 736/4500, time remaining: 1m 20s
Rendered 737/4500, time remaining: 1m 20s
Rendered 737/4500, time remaining: 1m 20s
Rendered 738/4500, time remaining: 1m 21s
Rendered 739/4500, time remaining: 1m 20s
Rendered 740/4500, time remaining: 1m 20s
Rendered 741/4500, time remaining: 1m 21s
Rendered 742/4500, time remaining: 1m 21s
Rendered 743/4500, time remaining: 1m 21s
Rendered 744/4500, time remaining: 1m 22s
Rendered 745/4500, time remaining: 1m 21s
Rendered 746/4500, time remaining: 1m 21s
Rendered 747/4500, time remaining: 1m 21s
Rendered 748/4500, time remaining: 1m 21s
Rendered 749/4500, time remaining: 1m 21s
Rendered 750/4500, time remaining: 1m 21s
Rendered 751/4500, time remaining: 1m 23s
Rendered 752/4500, time remaining: 1m 22s
Rendered 753/4500, time remaining: 1m 22s
Rendered 754/4500, time remaining: 1m 22s
Rendered 755/4500, time remaining: 1m 20s
Rendered 756/4500, time remaining: 1m 21s
Rendered 757/4500, time remaining: 1m 21s
Rendered 758/4500, time remaining: 1m 21s
Rendered 759/4500, time remaining: 1m 21s
Rendered 760/4500, time remaining: 1m 22s
Rendered 761/4500, time remaining: 1m 21s
Rendered 762/4500, time remaining: 1m 21s
Rendered 763/4500, time remaining: 1m 20s
Rendered 764/4500, time remaining: 1m 21s
Rendered 765/4500, time remaining: 1m 20s
Rendered 765/4500, time remaining: 1m 20s
Rendered 766/4500, time remaining: 1m 20s
Rendered 767/4500, time remaining: 1m 20s
Rendered 768/4500, time remaining: 1m 20s
Rendered 769/4500, time remaining: 1m 19s
Rendered 770/4500, time remaining: 1m 19s
Rendered 771/4500, time remaining: 1m 21s
Rendered 772/4500, time remaining: 1m 23s
Rendered 773/4500, time remaining: 1m 23s
Rendered 774/4500, time remaining: 1m 23s
Rendered 775/4500, time remaining: 1m 22s
Rendered 776/4500, time remaining: 1m 22s
Rendered 777/4500, time remaining: 1m 21s
Rendered 778/4500, time remaining: 1m 21s
Rendered 779/4500, time remaining: 1m 21s
Rendered 780/4500, time remaining: 1m 22s
Rendered 781/4500, time remaining: 1m 23s
Rendered 782/4500, time remaining: 1m 23s
Rendered 783/4500, time remaining: 1m 22s
Rendered 784/4500, time remaining: 1m 22s
Rendered 785/4500, time remaining: 1m 22s
Rendered 786/4500, time remaining: 1m 22s
Rendered 786/4500, time remaining: 1m 22s
Rendered 787/4500, time remaining: 1m 22s
Rendered 788/4500, time remaining: 1m 22s
Rendered 789/4500, time remaining: 1m 23s
Rendered 790/4500, time remaining: 1m 23s
Rendered 791/4500, time remaining: 1m 22s
Rendered 792/4500, time remaining: 1m 22s
Rendered 793/4500, time remaining: 1m 21s
Rendered 794/4500, time remaining: 1m 21s
Rendered 795/4500, time remaining: 1m 22s
Rendered 796/4500, time remaining: 1m 21s
Rendered 797/4500, time remaining: 1m 22s
Rendered 798/4500, time remaining: 1m 21s
Rendered 799/4500, time remaining: 1m 22s
Rendered 800/4500, time remaining: 1m 21s
Rendered 801/4500, time remaining: 1m 20s
Rendered 802/4500, time remaining: 1m 21s
Rendered 803/4500, time remaining: 1m 21s
Rendered 804/4500, time remaining: 1m 21s
Rendered 805/4500, time remaining: 1m 21s
Rendered 806/4500, time remaining: 1m 21s
Rendered 807/4500, time remaining: 1m 21s
Rendered 808/4500, time remaining: 1m 21s
Rendered 809/4500, time remaining: 1m 20s
Rendered 810/4500, time remaining: 1m 23s
Rendered 811/4500, time remaining: 1m 23s
Rendered 812/4500, time remaining: 1m 23s
Rendered 813/4500, time remaining: 1m 22s
Rendered 813/4500, time remaining: 1m 22s
Rendered 814/4500, time remaining: 1m 23s
Rendered 815/4500, time remaining: 1m 22s
Rendered 816/4500, time remaining: 1m 21s
Rendered 817/4500, time remaining: 1m 21s
Rendered 818/4500, time remaining: 1m 25s
Rendered 819/4500, time remaining: 1m 25s
Rendered 820/4500, time remaining: 1m 23s
Rendered 821/4500, time remaining: 1m 23s
Rendered 822/4500, time remaining: 1m 22s
Rendered 823/4500, time remaining: 1m 22s
Rendered 824/4500, time remaining: 1m 22s
Rendered 825/4500, time remaining: 1m 22s
Rendered 826/4500, time remaining: 1m 23s
Rendered 827/4500, time remaining: 1m 22s
Rendered 828/4500, time remaining: 1m 22s
Rendered 829/4500, time remaining: 1m 22s
Rendered 830/4500, time remaining: 1m 22s
Rendered 831/4500, time remaining: 1m 21s
Rendered 832/4500, time remaining: 1m 21s
Rendered 833/4500, time remaining: 1m 21s
Rendered 834/4500, time remaining: 1m 22s
Rendered 835/4500, time remaining: 1m 22s
Rendered 836/4500, time remaining: 1m 22s
Rendered 837/4500, time remaining: 1m 22s
Rendered 837/4500, time remaining: 1m 22s
Rendered 838/4500, time remaining: 1m 22s
Rendered 839/4500, time remaining: 1m 22s
Rendered 840/4500, time remaining: 1m 22s
Rendered 841/4500, time remaining: 1m 22s
Rendered 842/4500, time remaining: 1m 20s
Rendered 843/4500, time remaining: 1m 19s
Rendered 844/4500, time remaining: 1m 20s
Rendered 845/4500, time remaining: 1m 20s
Rendered 846/4500, time remaining: 1m 20s
Rendered 847/4500, time remaining: 1m 21s
Rendered 848/4500, time remaining: 1m 21s
Rendered 849/4500, time remaining: 1m 18s
Rendered 850/4500, time remaining: 1m 18s
Rendered 851/4500, time remaining: 1m 17s
Rendered 852/4500, time remaining: 1m 17s
Rendered 853/4500, time remaining: 1m 17s
Rendered 854/4500, time remaining: 1m 17s
Rendered 855/4500, time remaining: 1m 14s
Rendered 856/4500, time remaining: 1m 17s
Rendered 857/4500, time remaining: 1m 17s
Rendered 858/4500, time remaining: 1m 17s
Rendered 859/4500, time remaining: 1m 17s
Rendered 860/4500, time remaining: 1m 16s
Rendered 860/4500, time remaining: 1m 16s
Rendered 861/4500, time remaining: 1m 17s
Rendered 862/4500, time remaining: 1m 17s
Rendered 863/4500, time remaining: 1m 17s
Rendered 864/4500, time remaining: 1m 18s
Rendered 865/4500, time remaining: 1m 18s
Rendered 866/4500, time remaining: 1m 17s
Rendered 867/4500, time remaining: 1m 18s
Rendered 868/4500, time remaining: 1m 15s
Rendered 869/4500, time remaining: 1m 15s
Rendered 870/4500, time remaining: 1m 15s
Rendered 871/4500, time remaining: 1m 15s
Rendered 872/4500, time remaining: 1m 16s
Rendered 873/4500, time remaining: 1m 14s
Rendered 874/4500, time remaining: 1m 14s
Rendered 875/4500, time remaining: 1m 15s
Rendered 876/4500, time remaining: 1m 15s
Rendered 877/4500, time remaining: 1m 15s
Rendered 878/4500, time remaining: 1m 13s
Rendered 879/4500, time remaining: 1m 13s
Rendered 880/4500, time remaining: 1m 13s
Rendered 881/4500, time remaining: 1m 13s
Rendered 882/4500, time remaining: 1m 14s
Rendered 883/4500, time remaining: 1m 13s
Rendered 884/4500, time remaining: 1m 13s
Rendered 885/4500, time remaining: 1m 13s
Rendered 886/4500, time remaining: 1m 12s
Rendered 887/4500, time remaining: 1m 12s
Rendered 887/4500, time remaining: 1m 12s
Rendered 888/4500, time remaining: 1m 12s
Rendered 889/4500, time remaining: 1m 13s
Rendered 890/4500, time remaining: 1m 13s
Rendered 891/4500, time remaining: 1m 12s
Rendered 892/4500, time remaining: 1m 12s
Rendered 893/4500, time remaining: 1m 12s
Rendered 894/4500, time remaining: 1m 10s
Rendered 895/4500, time remaining: 1m 11s
Rendered 896/4500, time remaining: 1m 11s
Rendered 897/4500, time remaining: 1m 11s
Rendered 898/4500, time remaining: 1m 11s
Rendered 899/4500, time remaining: 1m 11s
Rendered 900/4500, time remaining: 1m 11s
Rendered 901/4500, time remaining: 1m 9s
Rendered 902/4500, time remaining: 1m 9s
Rendered 903/4500, time remaining: 1m 10s
Rendered 904/4500, time remaining: 1m 10s
Rendered 905/4500, time remaining: 1m 10s
Rendered 906/4500, time remaining: 1m 9s
Rendered 907/4500, time remaining: 1m 12s
Rendered 908/4500, time remaining: 1m 11s
Rendered 909/4500, time remaining: 1m 11s
Rendered 910/4500, time remaining: 1m 12s
Rendered 911/4500, time remaining: 1m 12s
Rendered 912/4500, time remaining: 1m 12s
Rendered 913/4500, time remaining: 1m 12s
Rendered 913/4500, time remaining: 1m 12s
Rendered 914/4500, time remaining: 1m 12s
Rendered 915/4500, time remaining: 1m 14s
Rendered 916/4500, time remaining: 1m 14s
Rendered 917/4500, time remaining: 1m 14s
Rendered 918/4500, time remaining: 1m 14s
Rendered 919/4500, time remaining: 1m 12s
Rendered 920/4500, time remaining: 1m 12s
Rendered 921/4500, time remaining: 1m 11s
Rendered 922/4500, time remaining: 1m 10s
Rendered 923/4500, time remaining: 1m 10s
Rendered 924/4500, time remaining: 1m 11s
Rendered 925/4500, time remaining: 1m 11s
Rendered 926/4500, time remaining: 1m 11s
Rendered 927/4500, time remaining: 1m 12s
Rendered 928/4500, time remaining: 1m 12s
Rendered 929/4500, time remaining: 1m 13s
Rendered 930/4500, time remaining: 1m 12s
Rendered 931/4500, time remaining: 1m 12s
Rendered 932/4500, time remaining: 1m 12s
Rendered 933/4500, time remaining: 1m 12s
Rendered 934/4500, time remaining: 1m 12s
Rendered 935/4500, time remaining: 1m 12s
Rendered 936/4500, time remaining: 1m 12s
Rendered 936/4500, time remaining: 1m 12s
Rendered 937/4500, time remaining: 1m 12s
Rendered 938/4500, time remaining: 1m 12s
Rendered 939/4500, time remaining: 1m 11s
Rendered 940/4500, time remaining: 1m 11s
Rendered 941/4500, time remaining: 1m 11s
Rendered 942/4500, time remaining: 1m 12s
Rendered 943/4500, time remaining: 1m 13s
Rendered 944/4500, time remaining: 1m 16s
Rendered 945/4500, time remaining: 1m 16s
Rendered 946/4500, time remaining: 1m 17s
Rendered 947/4500, time remaining: 1m 17s
Rendered 948/4500, time remaining: 1m 17s
Rendered 949/4500, time remaining: 1m 16s
Rendered 950/4500, time remaining: 1m 16s
Rendered 951/4500, time remaining: 1m 16s
Rendered 951/4500, time remaining: 1m 16s
Rendered 952/4500, time remaining: 1m 20s
Rendered 953/4500, time remaining: 1m 19s
Rendered 954/4500, time remaining: 1m 19s
Rendered 955/4500, time remaining: 1m 19s
Rendered 956/4500, time remaining: 1m 19s
Rendered 957/4500, time remaining: 1m 19s
Rendered 958/4500, time remaining: 1m 19s
Rendered 959/4500, time remaining: 1m 21s
Rendered 960/4500, time remaining: 1m 18s
Rendered 961/4500, time remaining: 1m 18s
Rendered 962/4500, time remaining: 1m 19s
Rendered 963/4500, time remaining: 1m 20s
Rendered 964/4500, time remaining: 1m 20s
Rendered 965/4500, time remaining: 1m 20s
Rendered 966/4500, time remaining: 1m 19s
Rendered 967/4500, time remaining: 1m 20s
Rendered 968/4500, time remaining: 1m 15s
Rendered 969/4500, time remaining: 1m 15s
Rendered 970/4500, time remaining: 1m 16s
Rendered 971/4500, time remaining: 1m 17s
Rendered 971/4500, time remaining: 1m 17s
Rendered 972/4500, time remaining: 1m 18s
Rendered 973/4500, time remaining: 1m 21s
Rendered 974/4500, time remaining: 1m 21s
Rendered 975/4500, time remaining: 1m 21s
Rendered 976/4500, time remaining: 1m 18s
Rendered 977/4500, time remaining: 1m 18s
Rendered 978/4500, time remaining: 1m 18s
Rendered 979/4500, time remaining: 1m 17s
Rendered 980/4500, time remaining: 1m 18s
Rendered 981/4500, time remaining: 1m 21s
Rendered 982/4500, time remaining: 1m 23s
Rendered 983/4500, time remaining: 1m 23s
Rendered 984/4500, time remaining: 1m 21s
Rendered 985/4500, time remaining: 1m 21s
Rendered 986/4500, time remaining: 1m 21s
Rendered 987/4500, time remaining: 1m 21s
Rendered 988/4500, time remaining: 1m 21s
Rendered 989/4500, time remaining: 1m 21s
Rendered 989/4500, time remaining: 1m 21s
Rendered 990/4500, time remaining: 1m 22s
Rendered 991/4500, time remaining: 1m 22s
Rendered 992/4500, time remaining: 1m 21s
Rendered 993/4500, time remaining: 1m 22s
Rendered 994/4500, time remaining: 1m 21s
Rendered 995/4500, time remaining: 1m 21s
Rendered 996/4500, time remaining: 1m 21s
Rendered 997/4500, time remaining: 1m 21s
Rendered 998/4500, time remaining: 1m 21s
Rendered 999/4500, time remaining: 1m 22s
Rendered 1000/4500, time remaining: 1m 21s
Rendered 1001/4500, time remaining: 1m 22s
Rendered 1002/4500, time remaining: 1m 22s
Rendered 1003/4500, time remaining: 1m 23s
Rendered 1004/4500, time remaining: 1m 22s
Rendered 1005/4500, time remaining: 1m 23s
Rendered 1006/4500, time remaining: 1m 21s
Rendered 1007/4500, time remaining: 1m 21s
Rendered 1008/4500, time remaining: 1m 21s
Rendered 1009/4500, time remaining: 1m 20s
Rendered 1010/4500, time remaining: 1m 22s
Rendered 1011/4500, time remaining: 1m 21s
Rendered 1012/4500, time remaining: 1m 21s
Rendered 1012/4500, time remaining: 1m 21s
Rendered 1013/4500, time remaining: 1m 21s
Rendered 1014/4500, time remaining: 1m 20s
Rendered 1015/4500, time remaining: 1m 19s
Rendered 1016/4500, time remaining: 1m 20s
Rendered 1017/4500, time remaining: 1m 20s
Rendered 1018/4500, time remaining: 1m 20s
Rendered 1019/4500, time remaining: 1m 20s
Rendered 1020/4500, time remaining: 1m 20s
Rendered 1021/4500, time remaining: 1m 20s
Rendered 1022/4500, time remaining: 1m 20s
Rendered 1023/4500, time remaining: 1m 20s
Rendered 1024/4500, time remaining: 1m 20s
Rendered 1025/4500, time remaining: 1m 20s
Rendered 1026/4500, time remaining: 1m 20s
Rendered 1027/4500, time remaining: 1m 21s
Rendered 1028/4500, time remaining: 1m 21s
Rendered 1029/4500, time remaining: 1m 20s
Rendered 1030/4500, time remaining: 1m 20s
Rendered 1031/4500, time remaining: 1m 20s
Rendered 1032/4500, time remaining: 1m 20s
Rendered 1033/4500, time remaining: 1m 20s
Rendered 1034/4500, time remaining: 1m 20s
Rendered 1035/4500, time remaining: 1m 20s
Rendered 1036/4500, time remaining: 1m 20s
Rendered 1037/4500, time remaining: 1m 19s
Rendered 1038/4500, time remaining: 1m 20s
Rendered 1039/4500, time remaining: 1m 19s
Rendered 1040/4500, time remaining: 1m 19s
Rendered 1041/4500, time remaining: 1m 19s
Rendered 1042/4500, time remaining: 1m 19s
Rendered 1043/4500, time remaining: 1m 19s
Rendered 1044/4500, time remaining: 1m 19s
Rendered 1044/4500, time remaining: 1m 19s
Rendered 1045/4500, time remaining: 1m 19s
Rendered 1046/4500, time remaining: 1m 20s
Rendered 1047/4500, time remaining: 1m 19s
Rendered 1048/4500, time remaining: 1m 19s
Rendered 1049/4500, time remaining: 1m 19s
Rendered 1050/4500, time remaining: 1m 20s
Rendered 1051/4500, time remaining: 1m 23s
Rendered 1052/4500, time remaining: 1m 24s
Rendered 1053/4500, time remaining: 1m 23s
Rendered 1054/4500, time remaining: 1m 23s
Rendered 1055/4500, time remaining: 1m 24s
Rendered 1056/4500, time remaining: 1m 25s
Rendered 1057/4500, time remaining: 1m 22s
Rendered 1058/4500, time remaining: 1m 22s
Rendered 1059/4500, time remaining: 1m 23s
Rendered 1059/4500, time remaining: 1m 23s
Rendered 1060/4500, time remaining: 1m 22s
Rendered 1061/4500, time remaining: 1m 22s
Rendered 1062/4500, time remaining: 1m 24s
Rendered 1063/4500, time remaining: 1m 23s
Rendered 1064/4500, time remaining: 1m 23s
Rendered 1065/4500, time remaining: 1m 21s
Rendered 1066/4500, time remaining: 1m 22s
Rendered 1067/4500, time remaining: 1m 22s
Rendered 1068/4500, time remaining: 1m 22s
Rendered 1069/4500, time remaining: 1m 22s
Rendered 1070/4500, time remaining: 1m 22s
Rendered 1071/4500, time remaining: 1m 22s
Rendered 1072/4500, time remaining: 1m 22s
Rendered 1073/4500, time remaining: 1m 22s
Rendered 1074/4500, time remaining: 1m 21s
Rendered 1075/4500, time remaining: 1m 21s
Rendered 1076/4500, time remaining: 1m 21s
Rendered 1077/4500, time remaining: 1m 21s
Rendered 1078/4500, time remaining: 1m 21s
Rendered 1079/4500, time remaining: 1m 20s
Rendered 1080/4500, time remaining: 1m 22s
Rendered 1081/4500, time remaining: 1m 21s
Rendered 1082/4500, time remaining: 1m 21s
Rendered 1083/4500, time remaining: 1m 21s
Rendered 1083/4500, time remaining: 1m 21s
Rendered 1084/4500, time remaining: 1m 23s
Rendered 1085/4500, time remaining: 1m 23s
Rendered 1086/4500, time remaining: 1m 23s
Rendered 1087/4500, time remaining: 1m 24s
Rendered 1088/4500, time remaining: 1m 25s
Rendered 1089/4500, time remaining: 1m 25s
Rendered 1090/4500, time remaining: 1m 25s
Rendered 1091/4500, time remaining: 1m 25s
Rendered 1092/4500, time remaining: 1m 25s
Rendered 1093/4500, time remaining: 1m 26s
Rendered 1094/4500, time remaining: 1m 22s
Rendered 1095/4500, time remaining: 1m 23s
Rendered 1096/4500, time remaining: 1m 21s
Rendered 1097/4500, time remaining: 1m 22s
Rendered 1098/4500, time remaining: 1m 22s
Rendered 1099/4500, time remaining: 1m 22s
Rendered 1099/4500, time remaining: 1m 22s
Rendered 1100/4500, time remaining: 1m 23s
Rendered 1101/4500, time remaining: 1m 24s
Rendered 1102/4500, time remaining: 1m 19s
Rendered 1103/4500, time remaining: 1m 20s
Rendered 1104/4500, time remaining: 1m 20s
Rendered 1105/4500, time remaining: 1m 21s
Rendered 1106/4500, time remaining: 1m 20s
Rendered 1107/4500, time remaining: 1m 20s
Rendered 1108/4500, time remaining: 1m 21s
Rendered 1109/4500, time remaining: 1m 22s
Rendered 1110/4500, time remaining: 1m 21s
Rendered 1111/4500, time remaining: 1m 21s
Rendered 1112/4500, time remaining: 1m 19s
Rendered 1113/4500, time remaining: 1m 19s
Rendered 1114/4500, time remaining: 1m 19s
Rendered 1115/4500, time remaining: 1m 20s
Rendered 1116/4500, time remaining: 1m 20s
Rendered 1117/4500, time remaining: 1m 21s
Rendered 1118/4500, time remaining: 1m 21s
Rendered 1118/4500, time remaining: 1m 21s
Rendered 1119/4500, time remaining: 1m 24s
Rendered 1120/4500, time remaining: 1m 23s
Rendered 1121/4500, time remaining: 1m 22s
Rendered 1122/4500, time remaining: 1m 22s
Rendered 1123/4500, time remaining: 1m 19s
Rendered 1124/4500, time remaining: 1m 20s
Rendered 1125/4500, time remaining: 1m 20s
Rendered 1126/4500, time remaining: 1m 20s
Rendered 1127/4500, time remaining: 1m 20s
Rendered 1128/4500, time remaining: 1m 20s
Rendered 1129/4500, time remaining: 1m 22s
Rendered 1130/4500, time remaining: 1m 21s
Rendered 1131/4500, time remaining: 1m 20s
Rendered 1132/4500, time remaining: 1m 18s
Rendered 1133/4500, time remaining: 1m 18s
Rendered 1134/4500, time remaining: 1m 19s
Rendered 1135/4500, time remaining: 1m 19s
Rendered 1136/4500, time remaining: 1m 19s
Rendered 1137/4500, time remaining: 1m 19s
Rendered 1137/4500, time remaining: 1m 19s
Rendered 1138/4500, time remaining: 1m 21s
Rendered 1139/4500, time remaining: 1m 20s
Rendered 1140/4500, time remaining: 1m 19s
Rendered 1141/4500, time remaining: 1m 20s
Rendered 1142/4500, time remaining: 1m 21s
Rendered 1143/4500, time remaining: 1m 20s
Rendered 1144/4500, time remaining: 1m 20s
Rendered 1145/4500, time remaining: 1m 20s
Rendered 1146/4500, time remaining: 1m 21s
Rendered 1147/4500, time remaining: 1m 27s
Rendered 1148/4500, time remaining: 1m 28s
Rendered 1148/4500, time remaining: 1m 28s
Rendered 1149/4500, time remaining: 1m 28s
Rendered 1150/4500, time remaining: 1m 28s
Rendered 1151/4500, time remaining: 1m 33s
Rendered 1152/4500, time remaining: 1m 32s
Rendered 1153/4500, time remaining: 1m 32s
Rendered 1154/4500, time remaining: 1m 32s
Rendered 1155/4500, time remaining: 1m 33s
Rendered 1155/4500, time remaining: 1m 33s
Rendered 1156/4500, time remaining: 1m 33s
Rendered 1157/4500, time remaining: 1m 34s
Rendered 1158/4500, time remaining: 1m 34s
Rendered 1159/4500, time remaining: 1m 34s
Rendered 1160/4500, time remaining: 1m 33s
Rendered 1161/4500, time remaining: 1m 33s
Rendered 1162/4500, time remaining: 1m 33s
Rendered 1163/4500, time remaining: 1m 33s
Rendered 1164/4500, time remaining: 1m 33s
Rendered 1165/4500, time remaining: 1m 33s
Rendered 1166/4500, time remaining: 1m 33s
Rendered 1167/4500, time remaining: 1m 33s
Rendered 1168/4500, time remaining: 1m 40s
Rendered 1169/4500, time remaining: 1m 40s
Rendered 1170/4500, time remaining: 1m 39s
Rendered 1171/4500, time remaining: 1m 39s
Rendered 1171/4500, time remaining: 1m 39s
Rendered 1172/4500, time remaining: 1m 39s
Rendered 1173/4500, time remaining: 1m 43s
Rendered 1174/4500, time remaining: 1m 44s
Rendered 1175/4500, time remaining: 1m 43s
Rendered 1176/4500, time remaining: 1m 42s
Rendered 1177/4500, time remaining: 1m 43s
Rendered 1178/4500, time remaining: 1m 45s
Rendered 1179/4500, time remaining: 1m 45s
Rendered 1180/4500, time remaining: 1m 45s
Rendered 1180/4500, time remaining: 1m 45s
Rendered 1181/4500, time remaining: 1m 46s
Rendered 1182/4500, time remaining: 1m 46s
Rendered 1183/4500, time remaining: 1m 46s
Rendered 1184/4500, time remaining: 1m 46s
Rendered 1185/4500, time remaining: 1m 47s
Rendered 1186/4500, time remaining: 1m 48s
Rendered 1187/4500, time remaining: 1m 48s
Rendered 1188/4500, time remaining: 1m 48s
Rendered 1189/4500, time remaining: 1m 51s
Rendered 1190/4500, time remaining: 1m 53s
Rendered 1190/4500, time remaining: 1m 53s
Rendered 1191/4500, time remaining: 1m 54s
Rendered 1192/4500, time remaining: 1m 56s
Rendered 1193/4500, time remaining: 1m 56s
Rendered 1194/4500, time remaining: 1m 56s
Rendered 1195/4500, time remaining: 1m 56s
Rendered 1196/4500, time remaining: 1m 56s
Rendered 1197/4500, time remaining: 1m 56s
Rendered 1198/4500, time remaining: 1m 56s
Rendered 1199/4500, time remaining: 1m 55s
Rendered 1200/4500, time remaining: 1m 54s
Rendered 1201/4500, time remaining: 1m 52s
Rendered 1202/4500, time remaining: 1m 51s
Rendered 1203/4500, time remaining: 1m 51s
Rendered 1204/4500, time remaining: 1m 52s
Rendered 1205/4500, time remaining: 1m 52s
Rendered 1206/4500, time remaining: 1m 50s
Rendered 1207/4500, time remaining: 1m 50s
Rendered 1208/4500, time remaining: 1m 50s
Rendered 1209/4500, time remaining: 1m 50s
Rendered 1210/4500, time remaining: 1m 51s
Rendered 1211/4500, time remaining: 1m 50s
Rendered 1212/4500, time remaining: 1m 49s
Rendered 1213/4500, time remaining: 1m 49s
Rendered 1214/4500, time remaining: 1m 49s
Rendered 1214/4500, time remaining: 1m 49s
Rendered 1215/4500, time remaining: 1m 49s
Rendered 1216/4500, time remaining: 1m 50s
Rendered 1217/4500, time remaining: 1m 50s
Rendered 1218/4500, time remaining: 1m 50s
Rendered 1219/4500, time remaining: 1m 49s
Rendered 1220/4500, time remaining: 1m 54s
Rendered 1221/4500, time remaining: 1m 54s
Rendered 1222/4500, time remaining: 1m 53s
Rendered 1223/4500, time remaining: 1m 54s
Rendered 1224/4500, time remaining: 1m 54s
Rendered 1225/4500, time remaining: 1m 55s
Rendered 1226/4500, time remaining: 1m 55s
Rendered 1227/4500, time remaining: 1m 55s
Rendered 1227/4500, time remaining: 1m 55s
Rendered 1228/4500, time remaining: 1m 55s
Rendered 1229/4500, time remaining: 1m 56s
Rendered 1230/4500, time remaining: 1m 54s
Rendered 1231/4500, time remaining: 1m 54s
Rendered 1232/4500, time remaining: 1m 54s
Rendered 1233/4500, time remaining: 1m 55s
Rendered 1234/4500, time remaining: 1m 53s
Rendered 1235/4500, time remaining: 1m 53s
Rendered 1236/4500, time remaining: 1m 52s
Rendered 1237/4500, time remaining: 1m 52s
Rendered 1238/4500, time remaining: 1m 51s
Rendered 1239/4500, time remaining: 1m 51s
Rendered 1240/4500, time remaining: 1m 52s
Rendered 1241/4500, time remaining: 1m 53s
Rendered 1242/4500, time remaining: 1m 52s
Rendered 1243/4500, time remaining: 1m 51s
Rendered 1244/4500, time remaining: 1m 51s
Rendered 1245/4500, time remaining: 1m 51s
Rendered 1246/4500, time remaining: 1m 51s
Rendered 1247/4500, time remaining: 1m 51s
Rendered 1247/4500, time remaining: 1m 51s
Rendered 1248/4500, time remaining: 1m 52s
Rendered 1249/4500, time remaining: 1m 52s
Rendered 1250/4500, time remaining: 1m 51s
Rendered 1251/4500, time remaining: 1m 51s
Rendered 1252/4500, time remaining: 1m 50s
Rendered 1253/4500, time remaining: 1m 50s
Rendered 1254/4500, time remaining: 1m 51s
Rendered 1255/4500, time remaining: 1m 53s
Rendered 1256/4500, time remaining: 1m 53s
Rendered 1257/4500, time remaining: 1m 54s
Rendered 1258/4500, time remaining: 1m 52s
Rendered 1259/4500, time remaining: 1m 51s
Rendered 1260/4500, time remaining: 1m 51s
Rendered 1261/4500, time remaining: 1m 50s
Rendered 1262/4500, time remaining: 1m 51s
Rendered 1263/4500, time remaining: 1m 50s
Rendered 1264/4500, time remaining: 1m 53s
Rendered 1264/4500, time remaining: 1m 53s
Rendered 1265/4500, time remaining: 1m 52s
Rendered 1266/4500, time remaining: 1m 53s
Rendered 1267/4500, time remaining: 1m 53s
Rendered 1268/4500, time remaining: 1m 52s
Rendered 1269/4500, time remaining: 1m 51s
Rendered 1270/4500, time remaining: 1m 51s
Rendered 1271/4500, time remaining: 1m 50s
Rendered 1272/4500, time remaining: 1m 51s
Rendered 1273/4500, time remaining: 1m 50s
Rendered 1274/4500, time remaining: 1m 50s
Rendered 1275/4500, time remaining: 1m 50s
Rendered 1276/4500, time remaining: 1m 50s
Rendered 1277/4500, time remaining: 1m 51s
Rendered 1278/4500, time remaining: 1m 51s
Rendered 1279/4500, time remaining: 1m 50s
Rendered 1280/4500, time remaining: 1m 50s
Rendered 1281/4500, time remaining: 1m 49s
Rendered 1282/4500, time remaining: 1m 49s
Rendered 1283/4500, time remaining: 1m 49s
Rendered 1284/4500, time remaining: 1m 48s
Rendered 1285/4500, time remaining: 1m 51s
Rendered 1286/4500, time remaining: 1m 51s
Rendered 1286/4500, time remaining: 1m 51s
Rendered 1287/4500, time remaining: 1m 52s
Rendered 1288/4500, time remaining: 1m 51s
Rendered 1289/4500, time remaining: 1m 50s
Rendered 1290/4500, time remaining: 1m 50s
Rendered 1291/4500, time remaining: 1m 52s
Rendered 1292/4500, time remaining: 1m 51s
Rendered 1293/4500, time remaining: 1m 54s
Rendered 1294/4500, time remaining: 1m 56s
Rendered 1295/4500, time remaining: 1m 56s
Rendered 1296/4500, time remaining: 1m 55s
Rendered 1297/4500, time remaining: 1m 49s
Rendered 1298/4500, time remaining: 1m 47s
Rendered 1299/4500, time remaining: 1m 46s
Rendered 1300/4500, time remaining: 1m 47s
Rendered 1300/4500, time remaining: 1m 47s
Rendered 1301/4500, time remaining: 1m 44s
Rendered 1302/4500, time remaining: 1m 45s
Rendered 1303/4500, time remaining: 1m 45s
Rendered 1304/4500, time remaining: 1m 44s
Rendered 1305/4500, time remaining: 1m 42s
Rendered 1306/4500, time remaining: 1m 42s
Rendered 1307/4500, time remaining: 1m 41s
Rendered 1308/4500, time remaining: 1m 41s
Rendered 1309/4500, time remaining: 1m 42s
Rendered 1310/4500, time remaining: 1m 42s
Rendered 1311/4500, time remaining: 1m 42s
Rendered 1312/4500, time remaining: 1m 41s
Rendered 1313/4500, time remaining: 1m 42s
Rendered 1314/4500, time remaining: 1m 42s
Rendered 1315/4500, time remaining: 1m 43s
Rendered 1316/4500, time remaining: 1m 43s
Rendered 1317/4500, time remaining: 1m 42s
Rendered 1318/4500, time remaining: 1m 35s
Rendered 1318/4500, time remaining: 1m 35s
Rendered 1319/4500, time remaining: 1m 37s
Rendered 1320/4500, time remaining: 1m 38s
Rendered 1321/4500, time remaining: 1m 39s
Rendered 1322/4500, time remaining: 1m 38s
Rendered 1323/4500, time remaining: 1m 34s
Rendered 1324/4500, time remaining: 1m 33s
Rendered 1325/4500, time remaining: 1m 35s
Rendered 1326/4500, time remaining: 1m 36s
Rendered 1327/4500, time remaining: 1m 35s
Rendered 1328/4500, time remaining: 1m 34s
Rendered 1329/4500, time remaining: 1m 35s
Rendered 1330/4500, time remaining: 1m 35s
Rendered 1331/4500, time remaining: 1m 34s
Rendered 1332/4500, time remaining: 1m 35s
Rendered 1332/4500, time remaining: 1m 35s
Rendered 1333/4500, time remaining: 1m 35s
Rendered 1334/4500, time remaining: 1m 35s
Rendered 1335/4500, time remaining: 1m 34s
Rendered 1336/4500, time remaining: 1m 33s
Rendered 1337/4500, time remaining: 1m 33s
Rendered 1338/4500, time remaining: 1m 33s
Rendered 1339/4500, time remaining: 1m 31s
Rendered 1340/4500, time remaining: 1m 29s
Rendered 1341/4500, time remaining: 1m 28s
Rendered 1342/4500, time remaining: 1m 25s
Rendered 1343/4500, time remaining: 1m 25s
Rendered 1344/4500, time remaining: 1m 25s
Rendered 1345/4500, time remaining: 1m 26s
Rendered 1346/4500, time remaining: 1m 29s
Rendered 1347/4500, time remaining: 1m 29s
Rendered 1348/4500, time remaining: 1m 29s
Rendered 1349/4500, time remaining: 1m 29s
Rendered 1350/4500, time remaining: 1m 30s
Rendered 1351/4500, time remaining: 1m 29s
Rendered 1352/4500, time remaining: 1m 30s
Rendered 1353/4500, time remaining: 1m 30s
Rendered 1353/4500, time remaining: 1m 30s
Rendered 1354/4500, time remaining: 1m 29s
Rendered 1355/4500, time remaining: 1m 30s
Rendered 1356/4500, time remaining: 1m 31s
Rendered 1357/4500, time remaining: 1m 30s
Rendered 1358/4500, time remaining: 1m 30s
Rendered 1359/4500, time remaining: 1m 30s
Rendered 1360/4500, time remaining: 1m 29s
Rendered 1361/4500, time remaining: 1m 32s
Rendered 1362/4500, time remaining: 1m 32s
Rendered 1363/4500, time remaining: 1m 32s
Rendered 1364/4500, time remaining: 1m 32s
Rendered 1365/4500, time remaining: 1m 32s
Rendered 1366/4500, time remaining: 1m 31s
Rendered 1367/4500, time remaining: 1m 31s
Rendered 1368/4500, time remaining: 1m 32s
Rendered 1369/4500, time remaining: 1m 32s
Rendered 1370/4500, time remaining: 1m 28s
Rendered 1371/4500, time remaining: 1m 27s
Rendered 1372/4500, time remaining: 1m 27s
Rendered 1373/4500, time remaining: 1m 26s
Rendered 1374/4500, time remaining: 1m 26s
Rendered 1374/4500, time remaining: 1m 26s
Rendered 1375/4500, time remaining: 1m 26s
Rendered 1376/4500, time remaining: 1m 27s
Rendered 1377/4500, time remaining: 1m 27s
Rendered 1378/4500, time remaining: 1m 26s
Rendered 1379/4500, time remaining: 1m 25s
Rendered 1380/4500, time remaining: 1m 25s
Rendered 1381/4500, time remaining: 1m 26s
Rendered 1382/4500, time remaining: 1m 29s
Rendered 1383/4500, time remaining: 1m 28s
Rendered 1384/4500, time remaining: 1m 29s
Rendered 1385/4500, time remaining: 1m 29s
Rendered 1386/4500, time remaining: 1m 29s
Rendered 1387/4500, time remaining: 1m 30s
Rendered 1387/4500, time remaining: 1m 30s
Rendered 1388/4500, time remaining: 1m 30s
Rendered 1389/4500, time remaining: 1m 30s
Rendered 1390/4500, time remaining: 1m 29s
Rendered 1391/4500, time remaining: 1m 28s
Rendered 1392/4500, time remaining: 1m 28s
Rendered 1393/4500, time remaining: 1m 30s
Rendered 1394/4500, time remaining: 1m 29s
Rendered 1395/4500, time remaining: 1m 30s
Rendered 1396/4500, time remaining: 1m 30s
Rendered 1397/4500, time remaining: 1m 30s
Rendered 1398/4500, time remaining: 1m 29s
Rendered 1399/4500, time remaining: 1m 29s
Rendered 1400/4500, time remaining: 1m 29s
Rendered 1401/4500, time remaining: 1m 30s
Rendered 1402/4500, time remaining: 1m 30s
Rendered 1402/4500, time remaining: 1m 30s
Rendered 1403/4500, time remaining: 1m 34s
Rendered 1404/4500, time remaining: 1m 33s
Rendered 1405/4500, time remaining: 1m 31s
Rendered 1406/4500, time remaining: 1m 31s
Rendered 1407/4500, time remaining: 1m 30s
Rendered 1408/4500, time remaining: 1m 30s
Rendered 1409/4500, time remaining: 1m 32s
Rendered 1410/4500, time remaining: 1m 32s
Rendered 1411/4500, time remaining: 1m 32s
Rendered 1412/4500, time remaining: 1m 32s
Rendered 1413/4500, time remaining: 1m 31s
Rendered 1414/4500, time remaining: 1m 30s
Rendered 1415/4500, time remaining: 1m 30s
Rendered 1416/4500, time remaining: 1m 30s
Rendered 1417/4500, time remaining: 1m 30s
Rendered 1418/4500, time remaining: 1m 30s
Rendered 1419/4500, time remaining: 1m 29s
Rendered 1420/4500, time remaining: 1m 29s
Rendered 1421/4500, time remaining: 1m 29s
Rendered 1422/4500, time remaining: 1m 28s
